{"CheckBalance": "get", "GetEvents": "get", "GetEventDates": "get", "GetCarsAvailable": "get", "GetRide": "get", "GetWeather": "get", "GetAlarms": "get", "TransferMoney": "transfer", "FindBus": "search", "FindEvents": "search", "SearchOnewayFlight": "search", "SearchRoundtripFlights": "search", "FindApartment": "search", "SearchHotel": "search", "SearchHouse": "search", "FindMovies": "search", "LookupSong": "search", "LookupMusic": "search", "FindRestaurants": "search", "FindProvider": "search", "FindAttractions": "search", "FindHomeByArea": "search", "FindTrains": "search", "BuyBusTicket": "buy_tickets", "BuyEventTickets": "buy_tickets", "BuyMovieTickets": "buy_tickets", "GetTrainTickets": "buy_tickets", "GetTimesForMovie": "get_time", "GetAvailableTime": "get_time", "AddEvent": "add", "AddAlarm": "add", "ReserveOnewayFlight": "reserve", "ReserveRoundtripFlights": "reserve", "ReserveHotel": "reserve", "ReserveCar": "reserve", "ReserveRestaurant": "reserve", "ScheduleVisit": "schedule", "BookHouse": "book", "BookAppointment": "book", "PlayMovie": "play", "PlaySong": "play", "PlayMedia": "play", "RentMovie": "rent", "ShareLocation": "share", "RequestPayment": "request", "MakePayment": "make"}