{"CheckBalance": "balance", "TransferMoney": "money", "FindBus": "bus", "BuyBusTicket": "bus", "FindEvents": "event", "BuyEventTickets": "event", "GetEventDates": "event", "GetEvents": "calendar", "AddEvent": "calendar", "GetAvailableTime": "calendar", "SearchOnewayFlight": "oneway_flight", "ReserveOnewayFlight": "oneway_flight", "SearchRoundtripFlights": "roundtrip_flight", "ReserveRoundtripFlights": "roundtrip_flight", "FindApartment": "apartment", "FindHomeByArea": "apartment", "ScheduleVisit": "visit", "ReserveHotel": "hotel", "SearchHotel": "hotel", "BookHouse": "house", "SearchHouse": "house", "FindMovies": "movie", "PlayMovie": "movie", "RentMovie": "movie", "BuyMovieTickets": "movie", "GetTimesForMovie": "movie", "LookupSong": "song", "PlaySong": "song", "LookupMusic": "music", "PlayMedia": "music", "GetCarsAvailable": "car", "ReserveCar": "car", "ReserveRestaurant": "restaurant", "FindRestaurants": "restaurant", "GetRide": "ride", "BookAppointment": "appointment", "FindProvider": "provider", "FindAttractions": "attractions", "GetWeather": "weather", "GetAlarms": "alarm", "AddAlarm": "alarm", "ShareLocation": "location", "RequestPayment": "payment", "MakePayment": "payment", "GetTrainTickets": "train", "FindTrains": "train"}