ID,Sentence,Aspect,Source
0,牠們沒有蹄，只有幾根細少像釘的小蹄,Stative,wikipedia
1,嘉靖十一年（1532年）壬辰科第三甲第一百五十名進士,Stative,wikipedia
2,车站距离月山站1460公里，隶属南宁铁路局，是四等站,Stative,wikipedia
3,JVT编码组的形成是在视频压缩标准的研讨过程形成的,Stative,wikipedia
4,穆克登額，滿洲正白旗，清朝政治人物、清朝工部尚書,Stative,wikipedia
5,此書的的後傳是《未來身份》及《移魂怪物》,Stative,wikipedia
6,海龍科為輻鰭魚綱海龙鱼目的其中一科,Stative,wikipedia
7,黃銅是铜及鋅的合金，因色黃而得其名,Stative,wikipedia
8,同时，该自治区也是西班牙较大的葡萄酒产区之一,Stative,wikipedia
9,首府马塔乌图（Mata-Utu），人口8000多,Stative,wikipedia
10,这颗小行星的绝对星等为39.40685632224908等,Stative,wikipedia
11,罪犯周喜军在盗窃车辆后，将车中的两月婴儿杀死,Perfective,wikipedia
12,莱芜区是中国山东省济南市所辖的一个市辖区,Stative,wikipedia
13,至德是日本南北朝時代北朝的年號之一,Stative,wikipedia
14,鰨科（學名Soleidae）是輻鰭魚綱鰈亞目的其中一科,Stative,wikipedia
15,」他曾寫道「共產黨管一切，唯獨不管共產黨,Perfective,wikipedia
16,饲养在家庭水族箱中，慈鲷科鱼是很受欢迎的淡水鱼,Stative,wikipedia
17,阿肯色州和密西西比州擁有最多含有兩個县城的縣，共10個,Stative,wikipedia
18,ISTAT代码为065012,Stative,wikipedia
19,但是，在复合命题的其他地方再次使用同一个字母可能导致冲突,Stative,wikipedia
20,此外，其國內還有嚴重的貧富差距,Stative,wikipedia
21,中文俗称为佛州，佛罗里达,Stative,wikipedia
22,城市位于新几内亚岛西端的极乐鸟半岛东北海岸，东滨极乐鸟湾,Stative,wikipedia
23,西班牙分支在1700年、奥地利分支在1740年相继男嗣断绝,Perfective,wikipedia
24,辖境相当今河北省满城县、清苑县及保定市等地,Stative,wikipedia
25,因此，非零和博弈中，博弈各方存在合作的可能性,Stative,wikipedia
26,蛇形尺不容易使用，可作为云形尺的替代,Stative,wikipedia
27,卡夫卡能流利地说这两门语言，并选择了德语为母语,Stative,wikipedia
28,且無其他部首可用者將部首歸為黽部,Stative,wikipedia
29,2009年赛季后与山东鲁能解约,Perfective,wikipedia
30,玻利维亚的名稱就是為了紀念西蒙·玻利瓦尔而得名,Stative,wikipedia
31,该片获得了罗马尼亚第二届布加勒斯特国际木偶电影节银质奖,Stative,wikipedia
32,此剧为八度空间2018年原创强档第五部作品,Stative,wikipedia
33,布莱尔宫修建于1824年，最初是约瑟夫·洛弗尔的住处,Perfective,wikipedia
34,当年8月计划配合华兴会起义，但受起义失败的牵连而被迫解散,Perfective,wikipedia
35,2010年有教友18259名，佔轄區總人口百分之0.1,Stative,wikipedia
36,1849年，馬克思遭流放後便與妻兒一起遷居到英國倫敦,Perfective,wikipedia
37,2008年馬英九执政後，兩岸恢復官方交流,Perfective,wikipedia
38,新竹公會堂於2011年被列入新竹市文化資產,Perfective,wikipedia
39,阿克薩科沃也是同名行政區的行政中心,Stative,wikipedia
40,皮紋檢測是近期時興的一門学科,Stative,wikipedia
41,未成熟的淋巴細胞：這些細胞擁有許多不同抗原的受體,Stative,wikipedia
42,该市镇总面积8.1平方公里，2009年时的人口为1948人,Stative,wikipedia
43,全州拌饭和韩定食是代表性的韩国料理,Stative,wikipedia
44,国家统计（ISTAT）代码为012015,Stative,wikipedia
45,經搶救無果後，當局政府拆除所在民宅，並將天坑填平,Perfective,wikipedia
46,北美鯰科是輻鰭魚綱鯰形目的一個科,Stative,wikipedia
47,代码用于各种商业用途的航空公司识别,Stative,wikipedia
48,傳統的兩面黃兩面金黃，中間鬆軟，因而得名,Stative,wikipedia
49,新品种每年都会被发现，许多品种仍然是未描述,Stative,wikipedia
50,这种病症在男女中都有发生，但常见于中年及老年女性,Stative,wikipedia
51,2015年度，鳥取縣西部的境漁港是日本捕魚量第三多的漁港,Stative,wikipedia
52,同年9月1日，发行第一张个人专辑《原野》,Perfective,wikipedia
53,照片表现了老山战场上一面红旗在硝烟中飘摇的情形,Imperfective,wikipedia
54,烟管鱼科或馬鞭魚科為輻鰭魚綱海龙鱼目的其中一科,Stative,wikipedia
55,香港青年旅舍協會辦事處位於九龍深水埗富昌邨,Stative,wikipedia
56,只會在2007年夏季推出SP2,Stative,wikipedia
57,该物种的模式产地在三崎,Stative,wikipedia
58,地理位置为东经114°55'，北纬4°55',Stative,wikipedia
59,救兵镇是中华人民共和国辽宁省抚顺市抚顺县下辖的一个镇,Stative,wikipedia
60,象鼻魚科為輻鰭魚綱骨舌魚目的其中一科,Stative,wikipedia
61,佐治亚州同時也以桃子州或南方帝國之州的暱稱聞名,Stative,wikipedia
62,王建攻克成都，以徐耕的女儿为妾室,Perfective,wikipedia
63,广布于全世界热带和温带海域，以珊瑚礁中为最丰富,Stative,wikipedia
64,中国科学院海洋研究所研究员,Stative,wikipedia
65,他的努力改变了亚洲人在美国影片中的形象,Perfective,wikipedia
66,教區包括弗羅西諾內省西北部及羅馬省東部三市，教座位於阿納尼,Stative,wikipedia
67,创造社组建者之一，二十世纪三十年代初中国红极一时的作家之一,Stative,wikipedia
68,郡治番禺县在今广东省广州市越秀区,Stative,wikipedia
69,同时，“+”也可以用“00”来代替,Stative,wikipedia
70,新乐市是中华人民共和国河北省的一个县级市，由石家庄市代管,Stative,wikipedia
71,現任主席為運輸及房屋局局長前局長張炳良,Stative,wikipedia
72,在中国大陆，分布于甘肃等地,Stative,wikipedia
73,邁阿密擁有美國第三高的天際線，全市超過300棟摩天大樓,Stative,wikipedia
74,他最出名是演出電影《美國狙擊手》和《格雷的五十道色戒》系列,Stative,wikipedia
75,現在劇場是雅典音樂節的會場,Stative,wikipedia
76,该市镇总面积2.97平方公里，2009年时的人口为125人,Stative,wikipedia
77,ISTAT代码为090015,Stative,wikipedia
78,车站办理货运业务，主要为粮食、化肥、钛矿石和食盐的装卸业务,Stative,wikipedia
79,整場音樂劇分為兩幕共計三個小時,Stative,wikipedia
80,现任凤凰卫视主播、节目主持人兼主持人,Imperfective,wikipedia
81,←2004年 - 2005年 - 2006年→,Stative,wikipedia
82,在古典時期，阿索斯山所在的半島被稱作Ακτή,Imperfective,wikipedia
83,2001年渭南电视台与渭南有线电视台合并,Perfective,wikipedia
84,他推翻夏威夷王國，並自任總統,Perfective,wikipedia
85,大多數物種身長約30至40厘米,Stative,wikipedia
86,iwini互联网音乐平台创始人,Stative,wikipedia
87,刺尾鯛科，輻鰭魚綱鱸形目的一個科,Stative,wikipedia
88,东部新城区范围为市南区太平角起向东至崂山区石老人,Stative,wikipedia
89,蔣統治台灣，直至1975年去世,Imperfective,wikipedia
90,李延福，云南人，清朝政治人物,Stative,wikipedia
91,三十六歌仙、女房三十六歌仙之一,Stative,wikipedia
92,面积565733平方千米，首府是萨尔瓦多,Stative,wikipedia
93,大区面积13590平方公里，拥有5725098人口,Stative,wikipedia
94,這部琴譜編纂歷時十二年，在洪熙乙巳年（1425年）成書,Perfective,wikipedia
95,區內的樓房建築特式充滿歐陸風格，是澳門的旅遊熱點之一,Stative,wikipedia
96,夏庄街道是中国山东省青岛市城阳区下辖的一个街道,Stative,wikipedia
97,全长852.419km,Stative,wikipedia
98,2000年收归次世代传媒旗下,Perfective,wikipedia
99,2007年4月11日，育碧宣布已收购了向日葵娱乐互动软件,Perfective,wikipedia
100,这颗小行星的绝对星等为272.3192396967168等,Stative,wikipedia
101,对反对派、活跃分子及不同政见者也会采用恐吓的方式加以威胁,Stative,wikipedia
102,NGC 984 是白羊座的一個星系,Stative,wikipedia
103,M56是由前南斯拉夫仿制的MP40衝鋒槍,Stative,wikipedia
104,博罗县为中国广东省下辖县份，隶属惠州市,Stative,wikipedia
105,區下佑偶幾個corregimientos,Stative,wikipedia
106,厄巴纳市是伊利诺伊大学所在地,Stative,wikipedia
107,然而，戈尔巴乔夫取得的这些成就，还是有很多争议的,Stative,wikipedia
108,查尔梅特也是新奥尔良大都市统计区的组成部分,Stative,wikipedia
109,多年生草本，很少一年生,Stative,wikipedia
110,至266年魏又被司馬炎篡奪，改號為晉,Imperfective,wikipedia
111,以界來進行禪修內觀，稱為界分別觀,Stative,wikipedia
112,該地的面積和人口皆未知,Stative,wikipedia
113,花蟹蛛屬（學名：Xysticus）是蟹蛛科中的一個屬,Stative,wikipedia
114,第94個無平方數因數的數,Stative,wikipedia
115,曾任《國語日報》社長、董事長,Imperfective,wikipedia
116,主要城镇有位于西南的莱城和东岸的芬什港,Stative,wikipedia
117,2007年6月1日公佈為四川省第七批文物保護單位,Perfective,wikipedia
118,王廷揚（1866年－1937年）字孚川，浙江金华蒲塘人,Stative,wikipedia
119,崇岗镇，是中国江西省抚州市临川区所辖的一个镇,Stative,wikipedia
120,冬季时间为UTC+1，夏季欧洲夏令时为UTC+2,Stative,wikipedia
121,若要查看其它小行星列表，請參見小行星列表,Stative,wikipedia
122,这一地区已知最早的人类活动发生在旧石器时代,Stative,wikipedia
123,每條染色體上的基因識別是遺傳研究活躍的領域,Stative,wikipedia
124,日本華人，是泛指在日本生活的華人或華裔,Stative,wikipedia
125,盟軍暱稱代號為Zeke,Stative,wikipedia
126,本列表為《快樂大本營》2016年全年節目列表,Stative,wikipedia
127,目前，全国人大的全体会议一般在每年3月召开,Stative,wikipedia
128,倪俊明（？年－？年），字偉士，福建漳浦縣古美山社人,Stative,wikipedia
129,現任主席為巴拉圭的Alejandro Domínguez,Stative,wikipedia
130,与之相对的，有很多种类的体长不足5厘米,Stative,wikipedia
131,张灿明，中华人民共和国政治人物、外交官,Stative,wikipedia
132,成立於1875年，是1888年英格蘭足球聯賽成立的創始成員,Perfective,wikipedia
133,大多为多年生草本，少数为一年生或灌木,Stative,wikipedia
134,中药拉丁名为Herba Sambuci Chinensis,Stative,wikipedia
135,该市镇2009年时的人口为314人,Stative,wikipedia
136,肖蒙山丘站位於巴黎19區西蒙·玻利瓦爾路，靠近肖蒙山丘公園,Stative,wikipedia
137,馬克西穆斯競技場是古羅馬時代第一個競技場，也是最大的一座,Stative,wikipedia
138,2000年9月7日列為第一批重慶市文物保護單位,Perfective,wikipedia
139,至少考試試題的答案是以教科書為標準,Stative,wikipedia
140,嘉慶二十二年，任安徽按察使,Imperfective,wikipedia
141,1966年，發電廠總發電量達到34兆瓦,Perfective,wikipedia
142,陕西咨议局是1909年至1912年间在陕西省设立的咨议局,Stative,wikipedia
143,另外两艘船只也在利比亚和意大利之间失踪，其中大约有250人,Perfective,wikipedia
144,惟河岸對側道路因溪流組隔並無連接，仍名祥順東路與環太東路,Stative,wikipedia
145,默朗木小会（又叫传小召）是藏传佛教格鲁派寺院重要的节庆之一,Stative,wikipedia
146,土地神也是道教諸神中地位較低，也是與人民較親近的神祇,Stative,wikipedia
147,2012年11月周因中共領導層換屆而卸任退休,Perfective,wikipedia
148,该市镇2009年时的人口为6人,Stative,wikipedia
149,病人可以使用治療四環黴素或氯黴素治疗,Stative,wikipedia
150,奧林匹克運動會現在已經成為了全世界和平與友誼的象徵,Perfective,wikipedia
151,它在多数溶剂中都不稳定，较好的溶剂是四氯化碳,Stative,wikipedia
152,早在1970年代初期，黃樹棠便已在香港電影中頻繁亮相,Perfective,wikipedia
153,因此，本次会议被喻为“拯救人类的最后一次机会”,Perfective,wikipedia
154,由於其易溶解性，黃土在乾旱地區更為常見,Stative,wikipedia
155,結膜在組織學上屬於複層柱狀上皮，並含有杯狀細胞,Stative,wikipedia
156,與加拿大和澳大利亞一樣，南非联邦为大英帝国的自治领之一,Stative,wikipedia
157,当然，位于地表外的气生根（榕树）也属于根的一种,Stative,wikipedia
158,李敖情史非常豐富，也曾因此帶來個人爭議,Imperfective,wikipedia
159,具体的范围之广度则很难予以确定,Stative,wikipedia
160,臺中市太平區東平國民小學，簡稱東平國小，現任校長為葉聰信,Stative,wikipedia
161,2007年成為西班牙第六大上市銀行集團,Perfective,wikipedia
162,总面积为1182平方千米，2010年人口为92.7万,Stative,wikipedia
163,附集《文人比较学》，《半夏小集》，《死》等,Stative,wikipedia
164,這種衍生型號將火炮安裝在了旋轉炮塔中，使乘員的防護得以增強,Perfective,wikipedia
165,这颗小行星的绝对星等为11.5等,Stative,wikipedia
166,超級盃是比賽雙方所爭奪獎盃的名字，亦是比賽的名字,Stative,wikipedia
167,该市镇2009年时的人口 为286人,Stative,wikipedia
168,梅西賽後獲頒世界盃金球獎,Perfective,wikipedia
169,本条目为1999年至2000年阿尔巴尼亚足球超级联赛赛果,Stative,wikipedia
170,该市镇2009年时的人口为626人,Stative,wikipedia
