ID,Sentence,Aspect,Source
0,牠們沒有蹄，只有幾根細少像釘的小蹄,Stative,wikipedia
1,嘉靖十一年（1532年）壬辰科第三甲第一百五十名進士,Stative,wikipedia
2,车站距离月山站1460公里，隶属南宁铁路局，是四等站,Stative,wikipedia
3,JVT编码组的形成是在视频压缩标准的研讨过程形成的,Stative,wikipedia
4,穆克登額，滿洲正白旗，清朝政治人物、清朝工部尚書,Stative,wikipedia
5,此書的的後傳是《未來身份》及《移魂怪物》,Stative,wikipedia
6,海龍科為輻鰭魚綱海龙鱼目的其中一科,Stative,wikipedia
7,黃銅是铜及鋅的合金，因色黃而得其名,Stative,wikipedia
8,同时，该自治区也是西班牙较大的葡萄酒产区之一,Stative,wikipedia
9,首府马塔乌图（Mata-Utu），人口8000多,Stative,wikipedia
10,这颗小行星的绝对星等为39.40685632224908等,Stative,wikipedia
11,罪犯周喜军在盗窃车辆后，将车中的两月婴儿杀死,Perfective,wikipedia
12,莱芜区是中国山东省济南市所辖的一个市辖区,Stative,wikipedia
13,至德是日本南北朝時代北朝的年號之一,Stative,wikipedia
14,鰨科（學名Soleidae）是輻鰭魚綱鰈亞目的其中一科,Stative,wikipedia
15,」他曾寫道「共產黨管一切，唯獨不管共產黨,Perfective,wikipedia
16,饲养在家庭水族箱中，慈鲷科鱼是很受欢迎的淡水鱼,Stative,wikipedia
17,阿肯色州和密西西比州擁有最多含有兩個县城的縣，共10個,Stative,wikipedia
18,ISTAT代码为065012,Stative,wikipedia
19,但是，在复合命题的其他地方再次使用同一个字母可能导致冲突,Stative,wikipedia
20,此外，其國內還有嚴重的貧富差距,Stative,wikipedia
21,中文俗称为佛州，佛罗里达,Stative,wikipedia
22,城市位于新几内亚岛西端的极乐鸟半岛东北海岸，东滨极乐鸟湾,Stative,wikipedia
23,西班牙分支在1700年、奥地利分支在1740年相继男嗣断绝,Perfective,wikipedia
24,辖境相当今河北省满城县、清苑县及保定市等地,Stative,wikipedia
25,因此，非零和博弈中，博弈各方存在合作的可能性,Stative,wikipedia
26,蛇形尺不容易使用，可作为云形尺的替代,Stative,wikipedia
27,卡夫卡能流利地说这两门语言，并选择了德语为母语,Stative,wikipedia
28,且無其他部首可用者將部首歸為黽部,Stative,wikipedia
29,2009年赛季后与山东鲁能解约,Perfective,wikipedia
30,玻利维亚的名稱就是為了紀念西蒙·玻利瓦尔而得名,Stative,wikipedia
31,该片获得了罗马尼亚第二届布加勒斯特国际木偶电影节银质奖,Stative,wikipedia
32,此剧为八度空间2018年原创强档第五部作品,Stative,wikipedia
33,布莱尔宫修建于1824年，最初是约瑟夫·洛弗尔的住处,Perfective,wikipedia
34,当年8月计划配合华兴会起义，但受起义失败的牵连而被迫解散,Perfective,wikipedia
35,2010年有教友18259名，佔轄區總人口百分之0.1,Stative,wikipedia
36,1849年，馬克思遭流放後便與妻兒一起遷居到英國倫敦,Perfective,wikipedia
37,2008年馬英九执政後，兩岸恢復官方交流,Perfective,wikipedia
38,新竹公會堂於2011年被列入新竹市文化資產,Perfective,wikipedia
39,阿克薩科沃也是同名行政區的行政中心,Stative,wikipedia
40,皮紋檢測是近期時興的一門学科,Stative,wikipedia
41,未成熟的淋巴細胞：這些細胞擁有許多不同抗原的受體,Stative,wikipedia
42,该市镇总面积8.1平方公里，2009年时的人口为1948人,Stative,wikipedia
43,全州拌饭和韩定食是代表性的韩国料理,Stative,wikipedia
44,国家统计（ISTAT）代码为012015,Stative,wikipedia
45,經搶救無果後，當局政府拆除所在民宅，並將天坑填平,Perfective,wikipedia
46,北美鯰科是輻鰭魚綱鯰形目的一個科,Stative,wikipedia
47,代码用于各种商业用途的航空公司识别,Stative,wikipedia
48,傳統的兩面黃兩面金黃，中間鬆軟，因而得名,Stative,wikipedia
49,新品种每年都会被发现，许多品种仍然是未描述,Stative,wikipedia
50,这种病症在男女中都有发生，但常见于中年及老年女性,Stative,wikipedia
51,2015年度，鳥取縣西部的境漁港是日本捕魚量第三多的漁港,Stative,wikipedia
52,同年9月1日，发行第一张个人专辑《原野》,Perfective,wikipedia
53,照片表现了老山战场上一面红旗在硝烟中飘摇的情形,Imperfetive,wikipedia
54,烟管鱼科或馬鞭魚科為輻鰭魚綱海龙鱼目的其中一科,Stative,wikipedia
55,香港青年旅舍協會辦事處位於九龍深水埗富昌邨,Stative,wikipedia
56,只會在2007年夏季推出SP2,Stative,wikipedia
57,该物种的模式产地在三崎,Stative,wikipedia
58,地理位置为东经114°55'，北纬4°55',Stative,wikipedia
59,救兵镇是中华人民共和国辽宁省抚顺市抚顺县下辖的一个镇,Stative,wikipedia
60,象鼻魚科為輻鰭魚綱骨舌魚目的其中一科,Stative,wikipedia
61,佐治亚州同時也以桃子州或南方帝國之州的暱稱聞名,Stative,wikipedia
62,王建攻克成都，以徐耕的女儿为妾室,Perfective,wikipedia
63,广布于全世界热带和温带海域，以珊瑚礁中为最丰富,Stative,wikipedia
64,中国科学院海洋研究所研究员,Stative,wikipedia
65,他的努力改变了亚洲人在美国影片中的形象,Perfective,wikipedia
66,教區包括弗羅西諾內省西北部及羅馬省東部三市，教座位於阿納尼,Stative,wikipedia
67,创造社组建者之一，二十世纪三十年代初中国红极一时的作家之一,Stative,wikipedia
68,郡治番禺县在今广东省广州市越秀区,Stative,wikipedia
69,同时，“+”也可以用“00”来代替,Stative,wikipedia
70,新乐市是中华人民共和国河北省的一个县级市，由石家庄市代管,Stative,wikipedia
71,現任主席為運輸及房屋局局長前局長張炳良,Stative,wikipedia
72,在中国大陆，分布于甘肃等地,Stative,wikipedia
73,邁阿密擁有美國第三高的天際線，全市超過300棟摩天大樓,Stative,wikipedia
74,他最出名是演出電影《美國狙擊手》和《格雷的五十道色戒》系列,Stative,wikipedia
75,現在劇場是雅典音樂節的會場,Stative,wikipedia
76,该市镇总面积2.97平方公里，2009年时的人口为125人,Stative,wikipedia
77,ISTAT代码为090015,Stative,wikipedia
78,车站办理货运业务，主要为粮食、化肥、钛矿石和食盐的装卸业务,Stative,wikipedia
79,整場音樂劇分為兩幕共計三個小時,Stative,wikipedia
80,现任凤凰卫视主播、节目主持人兼主持人,Imperfetive,wikipedia
81,←2004年 - 2005年 - 2006年→,Stative,wikipedia
82,在古典時期，阿索斯山所在的半島被稱作Ακτή,Imperfetive,wikipedia
83,2001年渭南电视台与渭南有线电视台合并,Perfective,wikipedia
84,他推翻夏威夷王國，並自任總統,Perfective,wikipedia
85,大多數物種身長約30至40厘米,Stative,wikipedia
86,iwini互联网音乐平台创始人,Stative,wikipedia
87,刺尾鯛科，輻鰭魚綱鱸形目的一個科,Stative,wikipedia
88,东部新城区范围为市南区太平角起向东至崂山区石老人,Stative,wikipedia
89,蔣統治台灣，直至1975年去世,Imperfetive,wikipedia
90,李延福，云南人，清朝政治人物,Stative,wikipedia
91,三十六歌仙、女房三十六歌仙之一,Stative,wikipedia
92,面积565733平方千米，首府是萨尔瓦多,Stative,wikipedia
93,大区面积13590平方公里，拥有5725098人口,Stative,wikipedia
94,這部琴譜編纂歷時十二年，在洪熙乙巳年（1425年）成書,Perfective,wikipedia
95,區內的樓房建築特式充滿歐陸風格，是澳門的旅遊熱點之一,Stative,wikipedia
96,夏庄街道是中国山东省青岛市城阳区下辖的一个街道,Stative,wikipedia
97,全长852.419km,Stative,wikipedia
98,2000年收归次世代传媒旗下,Perfective,wikipedia
99,2007年4月11日，育碧宣布已收购了向日葵娱乐互动软件,Perfective,wikipedia
100,这颗小行星的绝对星等为272.3192396967168等,Stative,wikipedia
101,对反对派、活跃分子及不同政见者也会采用恐吓的方式加以威胁,Stative,wikipedia
102,NGC 984 是白羊座的一個星系,Stative,wikipedia
103,M56是由前南斯拉夫仿制的MP40衝鋒槍,Stative,wikipedia
104,博罗县为中国广东省下辖县份，隶属惠州市,Stative,wikipedia
105,區下佑偶幾個corregimientos,Stative,wikipedia
106,厄巴纳市是伊利诺伊大学所在地,Stative,wikipedia
107,然而，戈尔巴乔夫取得的这些成就，还是有很多争议的,Stative,wikipedia
108,查尔梅特也是新奥尔良大都市统计区的组成部分,Stative,wikipedia
109,多年生草本，很少一年生,Stative,wikipedia
110,至266年魏又被司馬炎篡奪，改號為晉,Imperfetive,wikipedia
111,以界來進行禪修內觀，稱為界分別觀,Stative,wikipedia
112,該地的面積和人口皆未知,Stative,wikipedia
113,花蟹蛛屬（學名：Xysticus）是蟹蛛科中的一個屬,Stative,wikipedia
114,第94個無平方數因數的數,Stative,wikipedia
115,曾任《國語日報》社長、董事長,Imperfetive,wikipedia
116,主要城镇有位于西南的莱城和东岸的芬什港,Stative,wikipedia
117,2007年6月1日公佈為四川省第七批文物保護單位,Perfective,wikipedia
118,王廷揚（1866年－1937年）字孚川，浙江金华蒲塘人,Stative,wikipedia
119,崇岗镇，是中国江西省抚州市临川区所辖的一个镇,Stative,wikipedia
120,冬季时间为UTC+1，夏季欧洲夏令时为UTC+2,Stative,wikipedia
121,若要查看其它小行星列表，請參見小行星列表,Stative,wikipedia
122,这一地区已知最早的人类活动发生在旧石器时代,Stative,wikipedia
123,每條染色體上的基因識別是遺傳研究活躍的領域,Stative,wikipedia
124,日本華人，是泛指在日本生活的華人或華裔,Stative,wikipedia
125,盟軍暱稱代號為Zeke,Stative,wikipedia
126,本列表為《快樂大本營》2016年全年節目列表,Stative,wikipedia
127,目前，全国人大的全体会议一般在每年3月召开,Stative,wikipedia
128,倪俊明（？年－？年），字偉士，福建漳浦縣古美山社人,Stative,wikipedia
129,現任主席為巴拉圭的Alejandro Domínguez,Stative,wikipedia
130,与之相对的，有很多种类的体长不足5厘米,Stative,wikipedia
131,张灿明，中华人民共和国政治人物、外交官,Stative,wikipedia
132,成立於1875年，是1888年英格蘭足球聯賽成立的創始成員,Perfective,wikipedia
133,大多为多年生草本，少数为一年生或灌木,Stative,wikipedia
134,中药拉丁名为Herba Sambuci Chinensis,Stative,wikipedia
135,该市镇2009年时的人口为314人,Stative,wikipedia
136,肖蒙山丘站位於巴黎19區西蒙·玻利瓦爾路，靠近肖蒙山丘公園,Stative,wikipedia
137,馬克西穆斯競技場是古羅馬時代第一個競技場，也是最大的一座,Stative,wikipedia
138,2000年9月7日列為第一批重慶市文物保護單位,Perfective,wikipedia
139,至少考試試題的答案是以教科書為標準,Stative,wikipedia
140,嘉慶二十二年，任安徽按察使,Imperfetive,wikipedia
141,1966年，發電廠總發電量達到34兆瓦,Perfective,wikipedia
142,陕西咨议局是1909年至1912年间在陕西省设立的咨议局,Stative,wikipedia
143,另外两艘船只也在利比亚和意大利之间失踪，其中大约有250人,Perfective,wikipedia
144,惟河岸對側道路因溪流組隔並無連接，仍名祥順東路與環太東路,Stative,wikipedia
145,默朗木小会（又叫传小召）是藏传佛教格鲁派寺院重要的节庆之一,Stative,wikipedia
146,土地神也是道教諸神中地位較低，也是與人民較親近的神祇,Stative,wikipedia
147,2012年11月周因中共領導層換屆而卸任退休,Perfective,wikipedia
148,该市镇2009年时的人口为6人,Stative,wikipedia
149,病人可以使用治療四環黴素或氯黴素治疗,Stative,wikipedia
150,奧林匹克運動會現在已經成為了全世界和平與友誼的象徵,Perfective,wikipedia
151,它在多数溶剂中都不稳定，较好的溶剂是四氯化碳,Stative,wikipedia
152,早在1970年代初期，黃樹棠便已在香港電影中頻繁亮相,Perfective,wikipedia
153,因此，本次会议被喻为“拯救人类的最后一次机会”,Perfective,wikipedia
154,由於其易溶解性，黃土在乾旱地區更為常見,Stative,wikipedia
155,結膜在組織學上屬於複層柱狀上皮，並含有杯狀細胞,Stative,wikipedia
156,與加拿大和澳大利亞一樣，南非联邦为大英帝国的自治领之一,Stative,wikipedia
157,当然，位于地表外的气生根（榕树）也属于根的一种,Stative,wikipedia
158,李敖情史非常豐富，也曾因此帶來個人爭議,Imperfetive,wikipedia
159,具体的范围之广度则很难予以确定,Stative,wikipedia
160,臺中市太平區東平國民小學，簡稱東平國小，現任校長為葉聰信,Stative,wikipedia
161,2007年成為西班牙第六大上市銀行集團,Perfective,wikipedia
162,总面积为1182平方千米，2010年人口为92.7万,Stative,wikipedia
163,附集《文人比较学》，《半夏小集》，《死》等,Stative,wikipedia
164,這種衍生型號將火炮安裝在了旋轉炮塔中，使乘員的防護得以增強,Perfective,wikipedia
165,这颗小行星的绝对星等为11.5等,Stative,wikipedia
166,超級盃是比賽雙方所爭奪獎盃的名字，亦是比賽的名字,Stative,wikipedia
167,该市镇2009年时的人口 为286人,Stative,wikipedia
168,梅西賽後獲頒世界盃金球獎,Perfective,wikipedia
169,本条目为1999年至2000年阿尔巴尼亚足球超级联赛赛果,Stative,wikipedia
170,该市镇2009年时的人口为626人,Stative,wikipedia
000000531134.jpg,所有城市都应该是这样的，每个人都有空间，并且总体安全。,Stative,caption
000000577149.jpg,那是一种美丽的动物,Stative,caption
000000554595.jpg,一個男人躺在海邊,Imperfetive,caption
000000548246.jpg,男子在網球場上說話,Imperfetive,caption
000000536038.jpg,女孩正坐在床上,Imperfetive,caption
000000565776.jpg,美丽的家居，具有特殊的女性化触感。这里有奢华和品味。,Stative,caption
000000559842.jpg,孩子們正在玩,Imperfetive,caption
000000568584.jpg,他正坐着,Imperfetive,caption
000000521509.jpg,女人坐着,Imperfetive,caption
000000572620.jpg,有一個孩子用他的滑板表演激進的單工，有幾個人在看和拍攝孩子。,Imperfetive,caption
000000525155.jpg,好牧人总是照顾他的羊！好牧人总是照顾他的羊！,Stative,caption
000000521405.jpg,一直布玩偶兔子在使用牙刷刷牙,Imperfetive,caption
000000572555.jpg,那是一条铁路,Stative,caption
000000537053.jpg,鹿正站在森林裡,Imperfetive,caption
000000566436.jpg,他坐在桌子旁边,Imperfetive,caption
000000563882.jpg,当我们睡觉时，我们的灵魂会在其他方面进行旅行，并可以在梦中向我们揭示故事。,Stative,caption
000000538458.jpg,运动员在训练中。,Imperfetive,caption
000000565045.jpg,特别浴室配有温暖的毛巾，提供恢复浴缸。,Stative,caption
000000527215.jpg,一位男孩在沙滩上放风筝。,Imperfetive,caption
000000541291.jpg,浴室看起来很旧很糟糕。,Stative,caption
000000531036.jpg,巴士停在停车场,Imperfetive,caption
000000537270.jpg,人们正在使用手机,Imperfetive,caption
000000573258.jpg,那个男孩看起来像英雄，我爱雪。,Stative,caption
000000565563.jpg,很多汽車都在旁邊的街道上徘徊,Imperfetive,caption
000000559099.jpg,牛站在地上,Imperfetive,caption
000000550797.jpg,那是一间休息室,Stative,caption
000000543581.jpg,一只狗正坐在椅子上,Imperfetive,caption
000000568690.jpg,那只猫正坐在那里,Imperfetive,caption
000000549167.jpg,将盘子装入食物中,Stative,caption
000000522638.jpg,熊是美丽的,Stative,caption
000000527029.jpg,他在店里工作,Imperfetive,caption
000000534394.jpg,山羊正走在路上,Imperfetive,caption
000000581615.jpg,我正在使用这个洗手间,Imperfetive,caption
000000578489.jpg,孩子們正在玩,Imperfetive,caption
000000521956.jpg,一個男人在網球上打球,Imperfetive,caption
000000544605.jpg,这是一条道路规则,Stative,caption
000000542127.jpg,极限运动让人们担心运动员的安全，但看起来很漂亮。,Stative,caption
000000565607.jpg,幾朵花中的消防栓。,Stative,caption
000000578545.jpg,女孩坐在床上,Imperfetive,caption
000000573943.jpg,多輛卡車在製造區域內佔有一席之地,Stative,caption
000000544444.jpg,人在冰上摔跤,Imperfetive,caption
000000530820.jpg,他正在玩耍,Imperfetive,caption
000000555005.jpg,狗在床上休息,Imperfetive,caption
000000579635.jpg,那个男人在海里嬉戏,Imperfetive,caption
000000546011.jpg,自然是完美的，从生活，美丽到动物都是如此。,Stative,caption
000000571943.jpg,交通信号灯已在树附近竖立,Perfective,caption
000000567740.jpg,雪上运动给我们带来快乐和自由感,Perfective,caption
000000551350.jpg,美丽的地方，自然是完美的。,Stative,caption
000000573008.jpg,那是一个背景,Stative,caption
000000525286.jpg,我正在看钟,Imperfetive,caption
000000566758.jpg,黃色巴士停了下來。,Perfective,caption
000000518213.jpg,那是一种动物,Stative,caption
000000559707.jpg,食物看起来很漂亮,Stative,caption
000000564091.jpg,她正在用手机通话,Imperfetive,caption
000000555009.jpg,這張照片中有兩台電腦,Stative,caption
000000520324.jpg,那是飞机,Stative,caption
000000579970.jpg,這張照片需要晚上拍攝,Stative,caption
000000520301.jpg,狗在車外面看,Imperfetive,caption
000000561223.jpg,那个男人在海里嬉戏,Imperfetive,caption
000000573094.jpg,树很漂亮,Stative,caption
000000553990.jpg,一個女孩騎在地上騎馬,Imperfetive,caption
000000533536.jpg,湯姆正在觀看電視節目,Imperfetive,caption
000000558421.jpg,火車去了一些地方,Perfective,caption
000000558213.jpg,滑板运动是一项需要大量训练的极限运动。,Stative,caption
000000519039.jpg,卡车在路上行驶,Imperfetive,caption
000000572408.jpg,美丽的地方，珍稀动物，母亲保护幼崽。,Stative,caption
000000520531.jpg,一只猫正在桌子上滑倒,Imperfetive,caption
000000518770.jpg,孩子们在教室里说话,Imperfetive,caption
000000524456.jpg,技术为我们带来了所需的信息。,Perfective,caption
000000553669.jpg,男孩坐在椅子上,Imperfetive,caption
000000537812.jpg,你的个人物品是怎样的，你的生活也是如此！,Stative,caption
000000563267.jpg,兩個男人看著一些東西,Imperfetive,caption
000000558114.jpg,在教练成功完成任务后，所有球员都聚在一起握手。,Imperfetive,caption
000000539445.jpg,这是一个地铁轨道,Stative,caption
000000526392.jpg,我们需要改进汽车发动机，以改善我们在这个星球上的生活质量。,Stative,caption
000000552902.jpg,斑马站在地上,Imperfetive,caption
000000572900.jpg,一個男人正在徘徊,Imperfetive,caption
000000549220.jpg,狗要走了,Stative,caption
000000522007.jpg,那是新的样板房,Stative,caption
000000564133.jpg,大象正在森林裡散步,Imperfetive,caption
000000574810.jpg,小猫在窗台上看风景,Imperfetive,caption
000000530099.jpg,猫坐在车上,Imperfetive,caption
000000525247.jpg,一隻貓看著筆記本螢幕。,Imperfetive,caption
000000535094.jpg,一头牛正在喝酒,Imperfetive,caption
000000547383.jpg,這張圖片中有兩隻動物,Stative,caption
000000574823.jpg,准备好的人打棒球,Stative,caption
000000517687.jpg,那是手机,Stative,caption
000000528524.jpg,这些动物正站在森林里,Imperfetive,caption
000000547502.jpg,狗站在地上,Imperfetive,caption
000000521052.jpg,装饰精美的卡车停了下来,Perfective,caption
000000560279.jpg,那是一个厕所,Stative,caption
000000529105.jpg,马在地上休息,Imperfetive,caption
000000533855.jpg,这道菜非常好吃,Stative,caption
000000551820.jpg,球员们正在房间里玩耍,Imperfetive,caption
000000532058.jpg,他在喝水,Imperfetive,caption
000000576031.jpg,男孩在雪地里玩耍,Imperfetive,caption
000000546717.jpg,她在笔记本电脑上工作,Imperfetive,caption
000000544306.jpg,古老而美丽的建筑是我们历史和文化的一部分。,Stative,caption
000000571264.jpg,摩托车骑手站在他昂贵的摩托车附近,Imperfetive,caption
000000515828.jpg,她在地上玩耍,Imperfetive,caption
000000570169.jpg,熊是美丽的,Stative,caption
000000531707.jpg,四个老人坐在长椅上。,Imperfetive,caption
000000569972.jpg,一位男士在大海上玩风帆,Imperfetive,caption
000000523194.jpg,那是一条道路,Stative,caption
000000571893.jpg,那是一幢漂亮的房子,Stative,caption
000000541123.jpg,雙人運動員網球比賽正在進行中,Imperfetive,caption
000000519764.jpg,猫坐在椅子上,Imperfetive,caption
000000532690.jpg,一個女孩正在她手裡拿著東西,Imperfetive,caption
000000566042.jpg,这些动物正站在森林里,Imperfetive,caption
000000546829.jpg,狗在椅子上,Imperfetive,caption
000000529528.jpg,机器已被用来混合面团,Perfective,caption
000000526706.jpg,牛群在草原上，有母牛在哺乳小牛,Imperfetive,caption
000000565853.jpg,一個人正在電視前面跳舞,Imperfetive,caption
000000545129.jpg,斑马是非常美丽的动物,Stative,caption
000000525600.jpg,鹿正站在那裡,Imperfetive,caption
000000541634.jpg,食物看起来很美味,Stative,caption
000000568439.jpg,雙層公共汽車正在公路上行駛,Imperfetive,caption
000000543300.jpg,这艘船在河里旅行,Imperfetive,caption
000000527750.jpg,房子很完美，但人类担心什么,Stative,caption
000000579307.jpg,这个男孩在海里玩,Imperfetive,caption
000000546976.jpg,一個男人正在試圖舔他的自行車,Imperfetive,caption
000000566923.jpg,人坐在路上,Imperfetive,caption
000000562843.jpg,货物中有桌子,Stative,caption
000000528862.jpg,森林裡有更多的動物,Stative,caption
000000527616.jpg,我在看电视,Imperfetive,caption
000000557916.jpg,宝贝在玩,Imperfetive,caption
000000516316.jpg,我喜欢动物,Stative,caption
000000532901.jpg,房子很漂亮,Stative,caption
000000544052.jpg,长袍非常美丽，我喜欢它。,Stative,caption
000000565853.jpg,一個人在電視前面跳舞,Imperfetive,caption
000000570448.jpg,一個人站在船上，圖片顯示為黑色和白色模式,Imperfetive,caption
000000526256.jpg,一個漂亮的時鐘在大建築的牆上,Imperfetive,caption
000000570688.jpg,人們正在玩風箏,Imperfetive,caption
000000532575.jpg,一隻黑狗在看東西,Imperfetive,caption
000000523811.jpg,一隻可愛的麻雀站在那裡,Imperfetive,caption
000000546011.jpg,一些斑馬站在森林裡,Imperfetive,caption
000000527215.jpg,一個男人和他的風箏一起玩,Stative,caption
000000516318.jpg,一个人在船上冲浪，一个人看到鸟儿在海上飞翔,Imperfetive,caption
000000550349.jpg,96號巴士正站在巴士站,Imperfetive,caption
000000545594.jpg,一個女人正站在公交車上,Imperfetive,caption
000000550471.jpg,一片橙色在盤子裡,Imperfetive,caption
000000547886.jpg,海灘附近的人騎馬,Stative,caption
000000546556.jpg,山羊正在開放的地方,Imperfetive,caption
000000578545.jpg,懷孕的女士是為攝影擺姿勢,Stative,caption
000000519764.jpg,房子湯姆在椅子上睡覺,Imperfetive,caption
000000527427.jpg,一位老太太正在用手機通話,Imperfetive,caption
000000516173.jpg,一個強大的女人準備在海上滑行,Imperfetive,caption
000000523100.jpg,有人把橙子放在瓶子裡,Imperfetive,caption
000000548524.jpg,一個人在海浪中滑行,Imperfetive,caption
000000517069.jpg,兩個人在巴士站有所期待,Imperfetive,caption
000000516316.jpg,斑馬在森林裡吃東西,Imperfetive,caption
000000559348.jpg,球員們在地上打棒球,Imperfetive,caption
000000530061.jpg,一個可愛的寶寶在碗裡吃東西,Imperfetive,caption
000000570471.jpg,一個男人正在切奶油蛋糕,Imperfetive,caption
000000521231.jpg,最大的白熊貓正在咆哮,Imperfetive,caption
