ID,Sentence,Aspect,Source
000000531134.jpg,所有城市都应该是这样的，每个人都有空间，并且总体安全。,Stative,caption
000000577149.jpg,那是一种美丽的动物,Stative,caption
000000554595.jpg,一個男人躺在海邊,Imperfective,caption
000000548246.jpg,男子在網球場上說話,Imperfective,caption
000000536038.jpg,女孩正坐在床上,Imperfective,caption
000000565776.jpg,美丽的家居，具有特殊的女性化触感。这里有奢华和品味。,Stative,caption
000000559842.jpg,孩子們正在玩,Imperfective,caption
000000568584.jpg,他正坐着,Imperfective,caption
000000521509.jpg,女人坐着,Imperfective,caption
000000572620.jpg,有一個孩子用他的滑板表演激進的單工，有幾個人在看和拍攝孩子。,Imperfective,caption
000000525155.jpg,好牧人总是照顾他的羊！好牧人总是照顾他的羊！,Stative,caption
000000521405.jpg,一直布玩偶兔子在使用牙刷刷牙,Imperfective,caption
000000572555.jpg,那是一条铁路,Stative,caption
000000537053.jpg,鹿正站在森林裡,Imperfective,caption
000000566436.jpg,他坐在桌子旁边,Imperfective,caption
000000563882.jpg,当我们睡觉时，我们的灵魂会在其他方面进行旅行，并可以在梦中向我们揭示故事。,Stative,caption
000000538458.jpg,运动员在训练中。,Imperfective,caption
000000565045.jpg,特别浴室配有温暖的毛巾，提供恢复浴缸。,Stative,caption
000000527215.jpg,一位男孩在沙滩上放风筝。,Imperfective,caption
000000541291.jpg,浴室看起来很旧很糟糕。,Stative,caption
000000531036.jpg,巴士停在停车场,Imperfective,caption
000000537270.jpg,人们正在使用手机,Imperfective,caption
000000573258.jpg,那个男孩看起来像英雄，我爱雪。,Stative,caption
000000565563.jpg,很多汽車都在旁邊的街道上徘徊,Imperfective,caption
000000559099.jpg,牛站在地上,Imperfective,caption
000000550797.jpg,那是一间休息室,Stative,caption
000000543581.jpg,一只狗正坐在椅子上,Imperfective,caption
000000568690.jpg,那只猫正坐在那里,Imperfective,caption
000000549167.jpg,将盘子装入食物中,Stative,caption
000000522638.jpg,熊是美丽的,Stative,caption
000000527029.jpg,他在店里工作,Imperfective,caption
000000534394.jpg,山羊正走在路上,Imperfective,caption
000000581615.jpg,我正在使用这个洗手间,Imperfective,caption
000000578489.jpg,孩子們正在玩,Imperfective,caption
000000521956.jpg,一個男人在網球上打球,Imperfective,caption
000000544605.jpg,这是一条道路规则,Stative,caption
000000542127.jpg,极限运动让人们担心运动员的安全，但看起来很漂亮。,Stative,caption
000000565607.jpg,幾朵花中的消防栓。,Stative,caption
000000578545.jpg,女孩坐在床上,Imperfective,caption
000000573943.jpg,多輛卡車在製造區域內佔有一席之地,Stative,caption
000000544444.jpg,人在冰上摔跤,Imperfective,caption
000000530820.jpg,他正在玩耍,Imperfective,caption
000000555005.jpg,狗在床上休息,Imperfective,caption
000000579635.jpg,那个男人在海里嬉戏,Imperfective,caption
000000546011.jpg,自然是完美的，从生活，美丽到动物都是如此。,Stative,caption
000000571943.jpg,交通信号灯已在树附近竖立,Perfective,caption
000000567740.jpg,雪上运动给我们带来快乐和自由感,Perfective,caption
000000551350.jpg,美丽的地方，自然是完美的。,Stative,caption
000000573008.jpg,那是一个背景,Stative,caption
000000525286.jpg,我正在看钟,Imperfective,caption
000000566758.jpg,黃色巴士停了下來。,Perfective,caption
000000518213.jpg,那是一种动物,Stative,caption
000000559707.jpg,食物看起来很漂亮,Stative,caption
000000564091.jpg,她正在用手机通话,Imperfective,caption
000000555009.jpg,這張照片中有兩台電腦,Stative,caption
000000520324.jpg,那是飞机,Stative,caption
000000579970.jpg,這張照片需要晚上拍攝,Stative,caption
000000520301.jpg,狗在車外面看,Imperfective,caption
000000561223.jpg,那个男人在海里嬉戏,Imperfective,caption
000000573094.jpg,树很漂亮,Stative,caption
000000553990.jpg,一個女孩騎在地上騎馬,Imperfective,caption
000000533536.jpg,湯姆正在觀看電視節目,Imperfective,caption
000000558421.jpg,火車去了一些地方,Perfective,caption
000000558213.jpg,滑板运动是一项需要大量训练的极限运动。,Stative,caption
000000519039.jpg,卡车在路上行驶,Imperfective,caption
000000572408.jpg,美丽的地方，珍稀动物，母亲保护幼崽。,Stative,caption
000000520531.jpg,一只猫正在桌子上滑倒,Imperfective,caption
000000518770.jpg,孩子们在教室里说话,Imperfective,caption
000000524456.jpg,技术为我们带来了所需的信息。,Perfective,caption
000000553669.jpg,男孩坐在椅子上,Imperfective,caption
000000537812.jpg,你的个人物品是怎样的，你的生活也是如此！,Stative,caption
000000563267.jpg,兩個男人看著一些東西,Imperfective,caption
000000558114.jpg,在教练成功完成任务后，所有球员都聚在一起握手。,Imperfective,caption
000000539445.jpg,这是一个地铁轨道,Stative,caption
000000526392.jpg,我们需要改进汽车发动机，以改善我们在这个星球上的生活质量。,Stative,caption
000000552902.jpg,斑马站在地上,Imperfective,caption
000000572900.jpg,一個男人正在徘徊,Imperfective,caption
000000549220.jpg,狗要走了,Stative,caption
000000522007.jpg,那是新的样板房,Stative,caption
000000564133.jpg,大象正在森林裡散步,Imperfective,caption
000000574810.jpg,小猫在窗台上看风景,Imperfective,caption
000000530099.jpg,猫坐在车上,Imperfective,caption
000000525247.jpg,一隻貓看著筆記本螢幕。,Imperfective,caption
000000535094.jpg,一头牛正在喝酒,Imperfective,caption
000000547383.jpg,這張圖片中有兩隻動物,Stative,caption
000000574823.jpg,准备好的人打棒球,Stative,caption
000000517687.jpg,那是手机,Stative,caption
000000528524.jpg,这些动物正站在森林里,Imperfective,caption
000000547502.jpg,狗站在地上,Imperfective,caption
000000521052.jpg,装饰精美的卡车停了下来,Perfective,caption
000000560279.jpg,那是一个厕所,Stative,caption
000000529105.jpg,马在地上休息,Imperfective,caption
000000533855.jpg,这道菜非常好吃,Stative,caption
000000551820.jpg,球员们正在房间里玩耍,Imperfective,caption
000000532058.jpg,他在喝水,Imperfective,caption
000000576031.jpg,男孩在雪地里玩耍,Imperfective,caption
000000546717.jpg,她在笔记本电脑上工作,Imperfective,caption
000000544306.jpg,古老而美丽的建筑是我们历史和文化的一部分。,Stative,caption
000000571264.jpg,摩托车骑手站在他昂贵的摩托车附近,Imperfective,caption
000000515828.jpg,她在地上玩耍,Imperfective,caption
000000570169.jpg,熊是美丽的,Stative,caption
000000531707.jpg,四个老人坐在长椅上。,Imperfective,caption
000000569972.jpg,一位男士在大海上玩风帆,Imperfective,caption
000000523194.jpg,那是一条道路,Stative,caption
000000571893.jpg,那是一幢漂亮的房子,Stative,caption
000000541123.jpg,雙人運動員網球比賽正在進行中,Imperfective,caption
000000519764.jpg,猫坐在椅子上,Imperfective,caption
000000532690.jpg,一個女孩正在她手裡拿著東西,Imperfective,caption
000000566042.jpg,这些动物正站在森林里,Imperfective,caption
000000546829.jpg,狗在椅子上,Imperfective,caption
000000529528.jpg,机器已被用来混合面团,Perfective,caption
000000526706.jpg,牛群在草原上，有母牛在哺乳小牛,Imperfective,caption
000000565853.jpg,一個人正在電視前面跳舞,Imperfective,caption
000000545129.jpg,斑马是非常美丽的动物,Stative,caption
000000525600.jpg,鹿正站在那裡,Imperfective,caption
000000541634.jpg,食物看起来很美味,Stative,caption
000000568439.jpg,雙層公共汽車正在公路上行駛,Imperfective,caption
000000543300.jpg,这艘船在河里旅行,Imperfective,caption
000000527750.jpg,房子很完美，但人类担心什么,Stative,caption
000000579307.jpg,这个男孩在海里玩,Imperfective,caption
000000546976.jpg,一個男人正在試圖舔他的自行車,Imperfective,caption
000000566923.jpg,人坐在路上,Imperfective,caption
000000562843.jpg,货物中有桌子,Stative,caption
000000528862.jpg,森林裡有更多的動物,Stative,caption
000000527616.jpg,我在看电视,Imperfective,caption
000000557916.jpg,宝贝在玩,Imperfective,caption
000000516316.jpg,我喜欢动物,Stative,caption
000000532901.jpg,房子很漂亮,Stative,caption
000000544052.jpg,长袍非常美丽，我喜欢它。,Stative,caption
000000565853.jpg,一個人在電視前面跳舞,Imperfective,caption
000000570448.jpg,一個人站在船上，圖片顯示為黑色和白色模式,Imperfective,caption
000000526256.jpg,一個漂亮的時鐘在大建築的牆上,Imperfective,caption
000000570688.jpg,人們正在玩風箏,Imperfective,caption
000000532575.jpg,一隻黑狗在看東西,Imperfective,caption
000000523811.jpg,一隻可愛的麻雀站在那裡,Imperfective,caption
000000546011.jpg,一些斑馬站在森林裡,Imperfective,caption
000000527215.jpg,一個男人和他的風箏一起玩,Stative,caption
000000516318.jpg,一个人在船上冲浪，一个人看到鸟儿在海上飞翔,Imperfective,caption
000000550349.jpg,96號巴士正站在巴士站,Imperfective,caption
000000545594.jpg,一個女人正站在公交車上,Imperfective,caption
000000550471.jpg,一片橙色在盤子裡,Imperfective,caption
000000547886.jpg,海灘附近的人騎馬,Stative,caption
000000546556.jpg,山羊正在開放的地方,Imperfective,caption
000000578545.jpg,懷孕的女士是為攝影擺姿勢,Stative,caption
000000519764.jpg,房子湯姆在椅子上睡覺,Imperfective,caption
000000527427.jpg,一位老太太正在用手機通話,Imperfective,caption
000000516173.jpg,一個強大的女人準備在海上滑行,Imperfective,caption
000000523100.jpg,有人把橙子放在瓶子裡,Imperfective,caption
000000548524.jpg,一個人在海浪中滑行,Imperfective,caption
000000517069.jpg,兩個人在巴士站有所期待,Imperfective,caption
000000516316.jpg,斑馬在森林裡吃東西,Imperfective,caption
000000559348.jpg,球員們在地上打棒球,Imperfective,caption
000000530061.jpg,一個可愛的寶寶在碗裡吃東西,Imperfective,caption
000000570471.jpg,一個男人正在切奶油蛋糕,Imperfective,caption
000000521231.jpg,最大的白熊貓正在咆哮,Imperfective,caption
