{"accept_reservations": "accept", "account_blocked": "blocked", "alarm": "", "application_status": "status", "apr": "", "are_you_a_bot": "is bot", "balance": "", "bill_balance": "balance", "bill_due": "due", "book_flight": "book", "book_hotel": "book", "calculator": "", "calendar": "", "calendar_update": "update", "calories": "", "cancel": "", "cancel_reservation": "cancel", "car_rental": "rental", "card_declined": "blocked", "carry_on": "carry_on", "change_accent": "change", "change_ai_name": "change", "change_language": "change", "change_speed": "change", "change_user_name": "change", "change_volume": "change", "confirm_reservation": "confirm", "cook_time": "cook", "credit_limit": "", "credit_limit_change": "change", "credit_score": "", "current_location": "current", "damaged_card": "damaged", "date": "", "definition": "", "direct_deposit": "direct", "directions": "", "distance": "", "do_you_have_pets": "do_you_have", "exchange_rate": "conversion", "expiration_date": "date", "find_phone": "find", "flight_status": "status", "flip_coin": "flip", "food_last": "date", "freeze_account": "freeze", "fun_fact": "fun", "gas": "", "gas_type": "type", "goodbye": "", "greeting": "", "how_busy": "how", "how_old_are_you": "how_old_are", "improve_credit_score": "improve", "income": "", "ingredient_substitution": "substitution", "ingredients_list": "list", "insurance": "", "insurance_change": "change", "interest_rate": "interest", "international_fees": "international", "international_visa": "international", "jump_start": "", "last_maintenance": "last", "lost_luggage": "report_lost", "make_call": "make", "maybe": "", "meal_suggestion": "suggestion", "meaning_of_life": "meaning_of", "measurement_conversion": "conversion", "meeting_schedule": "get_schedule", "min_payment": "min", "mpg": "", "new_card": "new", "next_holiday": "next", "next_song": "next", "no": "", "nutrition_info": "nutrition", "oil_change_how": "how", "oil_change_when": "when", "order": "", "order_checks": "checks", "order_status": "status", "pay_bill": "pay", "payday": "", "pin_change": "change", "play_music": "play", "plug_type": "type", "pto_balance": "balance", "pto_request": "request", "pto_request_status": "status", "pto_used": "used", "recipe": "", "redeem_rewards": "redeem", "reminder": "", "reminder_update": "update", "repeat": "", "replacement_card_duration": "replacement_card", "report_fraud": "report", "report_lost_card": "report_lost", "reset_settings": "reset", "restaurant_reservation": "reservation", "restaurant_reviews": "reviews", "restaurant_suggestion": "suggestion", "rewards_balance": "balance", "roll_dice": "roll", "rollover_401k": "rollover", "routing": "", "schedule_maintenance": "schedule", "schedule_meeting": "schedule", "share_location": "share", "shopping_list": "", "shopping_list_update": "update", "smart_home": "smart", "spelling": "", "spending_history": "spending", "sync_device": "sync", "taxes": "", "tell_joke": "tell", "text": "", "thank_you": "thank", "time": "", "timer": "", "timezone": "", "tire_change": "change", "tire_pressure": "pressure", "todo_list": "", "todo_list_update": "update", "traffic": "", "transactions": "", "transfer": "", "translate": "", "travel_alert": "alert", "travel_notification": "notification", "travel_suggestion": "suggestion", "uber": "", "update_playlist": "update", "user_name": "", "vaccines": "", "w2": "", "weather": "", "what_are_your_hobbies": "what hobbies", "what_can_i_ask_you": "what_ask", "what_is_your_name": "what", "what_song": "what", "where_are_you_from": "where_from", "whisper_mode": "", "who_do_you_work_for": "who_work_for", "who_made_you": "who_made", "yes": ""}