{"accept_reservations": "reservation", "account_blocked": "account", "alarm": "alarm", "application_status": "application", "apr": "apr", "are_you_a_bot": "you", "balance": "balance", "bill_balance": "bill", "bill_due": "bill", "book_flight": "flight", "book_hotel": "hotel", "calculator": "calculator", "calendar": "calendar", "calendar_update": "calendar", "calories": "calories", "cancel": "cancel", "cancel_reservation": "reservation", "car_rental": "car", "card_declined": "card", "carry_on": "", "change_accent": "accent", "change_ai_name": "ai_name", "change_language": "language", "change_speed": "speed", "change_user_name": "user_name", "change_volume": "volume", "confirm_reservation": "reservation", "cook_time": "time", "credit_limit": "credit_limit", "credit_limit_change": "credit_limit", "credit_score": "credit_score", "current_location": "location", "damaged_card": "card", "date": "date", "definition": "definition", "direct_deposit": "deposit", "directions": "directions", "distance": "distance", "do_you_have_pets": "pets", "exchange_rate": "rate", "expiration_date": "card", "find_phone": "phone", "flight_status": "flight", "flip_coin": "coin", "food_last": "food", "freeze_account": "account", "fun_fact": "fact", "gas": "gas", "gas_type": "gas", "goodbye": "goodbye", "greeting": "greeting", "how_busy": "busy", "how_old_are_you": "you", "improve_credit_score": "score", "income": "income", "ingredient_substitution": "ingredient", "ingredients_list": "ingredient", "insurance": "insurance", "insurance_change": "insurance", "interest_rate": "rate", "international_fees": "fees", "international_visa": "visa", "jump_start": "jump_start", "last_maintenance": "maintenance", "lost_luggage": "luggage", "make_call": "call", "maybe": "maybe", "meal_suggestion": "meal", "meaning_of_life": "life", "measurement_conversion": "measurement", "meeting_schedule": "meeting", "min_payment": "payment", "mpg": "mpg", "new_card": "card", "next_holiday": "holiday", "next_song": "song", "no": "no", "nutrition_info": "info", "oil_change_how": "oil_change", "oil_change_when": "oil_change", "order": "order", "order_checks": "order", "order_status": "order", "pay_bill": "bill", "payday": "payday", "pin_change": "pin", "play_music": "music", "plug_type": "plug", "pto_balance": "pto", "pto_request": "pto", "pto_request_status": "pto", "pto_used": "pto", "recipe": "recipe", "redeem_rewards": "rewards", "reminder": "reminder", "reminder_update": "reminder", "repeat": "repeat", "replacement_card_duration": "duration", "report_fraud": "fraud", "report_lost_card": "card", "reset_settings": "settings", "restaurant_reservation": "restaurant", "restaurant_reviews": "restaurant", "restaurant_suggestion": "restaurant", "rewards_balance": "rewards", "roll_dice": "dice", "rollover_401k": "401k", "routing": "routing", "schedule_maintenance": "maintenance", "schedule_meeting": "meeting", "share_location": "location", "shopping_list": "shopping_list", "shopping_list_update": "shopping_list", "smart_home": "home", "spelling": "spelling", "spending_history": "history", "sync_device": "device", "taxes": "taxes", "tell_joke": "joke", "text": "text", "thank_you": "you", "time": "time", "timer": "timer", "timezone": "timezone", "tire_change": "tire", "tire_pressure": "tire", "todo_list": "todo_list", "todo_list_update": "todo_list", "traffic": "traffic", "transactions": "transactions", "transfer": "transfer", "translate": "translate", "travel_alert": "travel", "travel_notification": "travel", "travel_suggestion": "travel", "uber": "uber", "update_playlist": "playlist", "user_name": "user_name", "vaccines": "vaccines", "w2": "w2", "weather": "weather", "what_are_your_hobbies": "you", "what_can_i_ask_you": "you", "what_is_your_name": "ai_name", "what_song": "song", "where_are_you_from": "you", "whisper_mode": "whisper_mode", "who_do_you_work_for": "you", "who_made_you": "you", "yes": "yes"}