telicity_captions/cross_lingual/test-zh-analysis/captions_train-fa_test-zh-numpy.txt,telicity_captions/cross_lingual/test-zh-analysis/captions_train-fa_test-zh-labels.txt,telicity_captions/cross_lingual/test-zh-analysis/captions-zh-numpy.txt,telicity_captions/cross_lingual/test-zh-analysis/captions-zh-labels.txt,29306
telicity_captions/cross_lingual/test-zh-analysis/captions_train-fa-de_test-zh-numpy.txt,telicity_captions/cross_lingual/test-zh-analysis/captions_train-fa-de_test-zh-labels.txt,telicity_captions/cross_lingual/test-zh-analysis/captions-zh-numpy.txt,telicity_captions/cross_lingual/test-zh-analysis/captions-zh-labels.txt,29306
telicity_captions/cross_lingual/test-zh-analysis/captions_train-fa-de-ar_test-zh-numpy.txt,telicity_captions/cross_lingual/test-zh-analysis/captions_train-fa-de-ar_test-zh-labels.txt,telicity_captions/cross_lingual/test-zh-analysis/captions-zh-numpy.txt,telicity_captions/cross_lingual/test-zh-analysis/captions-zh-labels.txt,29306
telicity_captions/cross_lingual/test-zh-analysis/captions_train-fa-de-ar-ru_test-zh-numpy.txt,telicity_captions/cross_lingual/test-zh-analysis/captions_train-fa-de-ar-ru_test-zh-labels.txt,telicity_captions/cross_lingual/test-zh-analysis/captions-zh-numpy.txt,telicity_captions/cross_lingual/test-zh-analysis/captions-zh-labels.txt,29306
telicity_captions/cross_lingual/test-zh-analysis/captions_train-fa-de-ar-ru-tr_test-zh-numpy.txt,telicity_captions/cross_lingual/test-zh-analysis/captions_train-fa-de-ar-ru-tr_test-zh-labels.txt,telicity_captions/cross_lingual/test-zh-analysis/captions-zh-numpy.txt,telicity_captions/cross_lingual/test-zh-analysis/captions-zh-labels.txt,29306


telicity_captions/cross_lingual/test-fa-analysis/captions_train-de_test-ru-numpy.txt,telicity_captions/cross_lingual/test-fa-analysis/captions_train-de_test-fa-labels.txt,telicity_captions/cross_lingual/test-fa-analysis/captions-fa-numpy.txt,telicity_captions/cross_lingual/test-fa-analysis/captions-fa-labels.txt,29306
telicity_captions/cross_lingual/test-fa-analysis/captions_train-de-ar_test-fa-numpy.txt,telicity_captions/cross_lingual/test-fa-analysis/captions_train-de-ar_test-fa-labels.txt,telicity_captions/cross_lingual/test-fa-analysis/captions-fa-numpy.txt,telicity_captions/cross_lingual/test-fa-analysis/captions-fa-labels.txt,29306
telicity_captions/cross_lingual/test-fa-analysis/captions_train-de-ar-zh_test-fa-numpy.txt,telicity_captions/cross_lingual/test-fa-analysis/captions_train-de-ar-zh_test-fa-labels.txt,telicity_captions/cross_lingual/test-fa-analysis/captions-fa-numpy.txt,telicity_captions/cross_lingual/test-fa-analysis/captions-fa-labels.txt,29306
telicity_captions/cross_lingual/test-fa-analysis/captions_train-de-ar-zh-ru_test-fa-numpy.txt,telicity_captions/cross_lingual/test-fa-analysis/captions_train-de-ar-zh-ru_test-fa-labels.txt,telicity_captions/cross_lingual/test-fa-analysis/captions-fa-numpy.txt,telicity_captions/cross_lingual/test-fa-analysis/captions-fa-labels.txt,29306
telicity_captions/cross_lingual/test-fa-analysis/captions_train-de-ar-zh-ru-tr_test-fa-numpy.txt,telicity_captions/cross_lingual/test-fa-analysis/captions_train-de-ar-zh-ru-tr_test-fa-labels.txt,telicity_captions/cross_lingual/test-fa-analysis/captions-fa-numpy.txt,telicity_captions/cross_lingual/test-fa-analysis/captions-fa-labels.txt,29306

telicity_captions/cross_lingual/test-ar-analysis/captions_train-fa_test-ar-numpy.txt,telicity_captions/cross_lingual/test-ar-analysis/captions_train-fa_test-ar-labels.txt,telicity_captions/cross_lingual/test-ar-analysis/captions-ar-numpy.txt,telicity_captions/cross_lingual/test-ar-analysis/captions-ar-labels.txt,29306
telicity_captions/cross_lingual/test-ar-analysis/captions_train-fa-de_test-ar-numpy.txt,telicity_captions/cross_lingual/test-ar-analysis/captions_train-fa-de_test-ar-labels.txt,telicity_captions/cross_lingual/test-ar-analysis/captions-ar-numpy.txt,telicity_captions/cross_lingual/test-ar-analysis/captions-ar-labels.txt,29306
telicity_captions/cross_lingual/test-ar-analysis/captions_train-fa-de-zh_test-ar-numpy.txt,telicity_captions/cross_lingual/test-ar-analysis/captions_train-fa-de-zh_test-ar-labels.txt,telicity_captions/cross_lingual/test-ar-analysis/captions-ar-numpy.txt,telicity_captions/cross_lingual/test-ar-analysis/captions-ar-labels.txt,29306
telicity_captions/cross_lingual/test-ar-analysis/captions_train-fa-de-zh-ru_test-ar-numpy.txt,telicity_captions/cross_lingual/test-ar-analysis/captions_train-fa-de-zh-ru_test-ar-labels.txt,telicity_captions/cross_lingual/test-ar-analysis/captions-ar-numpy.txt,telicity_captions/cross_lingual/test-ar-analysis/captions-ar-labels.txt,29306
telicity_captions/cross_lingual/test-ar-analysis/captions_train-fa-de-zh-ru-tr_test-ar-numpy.txt,telicity_captions/cross_lingual/test-ar-analysis/captions_train-fa-de-zh-ru-tr_test-ar-labels.txt,telicity_captions/cross_lingual/test-ar-analysis/captions-ar-numpy.txt,telicity_captions/cross_lingual/test-ar-analysis/captions-ar-labels.txt,29306






telicity_captions/cross_lingual/test-ru-analysis/captions_train-de-fa-ar-zh_test-ru-numpy.txt,telicity_captions/cross_lingual/test-ru-analysis/captions_train-de-fa-ar-zh_test-ru-labels.txt,telicity_captions/cross_lingual/test-ru-analysis/captions-ru-numpy.txt,telicity_captions/cross_lingual/test-ru-analysis/captions-ru-labels.txt,29306
telicity_captions/cross_lingual/test-ru-analysis/captions_train-de-fa-tr-ar-zh_test-ru-numpy.txt,telicity_captions/cross_lingual/test-ru-analysis/captions_train-de-fa-tr-ar-zh_test-ru-labels.txt,telicity_captions/cross_lingual/test-ru-analysis/captions-ru-numpy.txt,telicity_captions/cross_lingual/test-ru-analysis/captions-ru-labels.txt,29306


telicity_captions/cross_lingual/test-ru-analysis/captions_train-ar-zh_test-ru-numpy.txt,telicity_captions/cross_lingual/test-ru-analysis/captions_train-ar-zh_test-ru-labels.txt,telicity_captions/cross_lingual/test-ru-analysis/captions-ru-numpy.txt,telicity_captions/cross_lingual/test-ru-analysis/captions-ru-labels.txt,29306
telicity_captions/cross_lingual/test-ru-analysis/captions_train-ar_test-ru-numpy.txt,telicity_captions/cross_lingual/test-ru-analysis/captions_train-ar_test-ru-labels.txt,telicity_captions/cross_lingual/test-ru-analysis/captions-ru-numpy.txt,telicity_captions/cross_lingual/test-ru-analysis/captions-ru-labels.txt,29306
telicity_captions/cross_lingual/test-ru-analysis/captions_train-de-ar-zh_test-ru-numpy.txt,telicity_captions/cross_lingual/test-ru-analysis/captions_train-de-ar-zh_test-ru-labels.txt,telicity_captions/cross_lingual/test-ru-analysis/captions-ru-numpy.txt,telicity_captions/cross_lingual/test-ru-analysis/captions-ru-labels.txt,29306
telicity_captions/cross_lingual/test-ru-analysis/captions_train-de-ar_test-ru-numpy.txt,telicity_captions/cross_lingual/test-ru-analysis/captions_train-de-ar_test-ru-labels.txt,telicity_captions/cross_lingual/test-ru-analysis/captions-ru-numpy.txt,telicity_captions/cross_lingual/test-ru-analysis/captions-ru-labels.txt,29306
telicity_captions/cross_lingual/test-ru-analysis/captions_train-de-fa-ar_test-ru-numpy.txt,telicity_captions/cross_lingual/test-ru-analysis/captions_train-de-fa-ar_test-ru-labels.txt,telicity_captions/cross_lingual/test-ru-analysis/captions-ru-numpy.txt,telicity_captions/cross_lingual/test-ru-analysis/captions-ru-labels.txt,29306
telicity_captions/cross_lingual/test-ru-analysis/captions_train-de-fa-tr-ar-zh_test-ru-numpy.txt,telicity_captions/cross_lingual/test-ru-analysis/captions_train-de-fa-tr-ar-zh_test-ru-labels.txt,telicity_captions/cross_lingual/test-ru-analysis/captions-ru-numpy.txt,telicity_captions/cross_lingual/test-ru-analysis/captions-ru-labels.txt,29306
telicity_captions/cross_lingual/test-ru-analysis/captions_train-de-fa-tr-ar_test-ru-numpy.txt,telicity_captions/cross_lingual/test-ru-analysis/captions_train-de-fa-tr-ar_test-ru-labels.txt,telicity_captions/cross_lingual/test-ru-analysis/captions-ru-numpy.txt,telicity_captions/cross_lingual/test-ru-analysis/captions-ru-labels.txt,29306
telicity_captions/cross_lingual/test-ru-analysis/captions_train-de-fa-tr-zh_test-ru-numpy.txt,telicity_captions/cross_lingual/test-ru-analysis/captions_train-de-fa-tr-zh_test-ru-labels.txt,telicity_captions/cross_lingual/test-ru-analysis/captions-ru-numpy.txt,telicity_captions/cross_lingual/test-ru-analysis/captions-ru-labels.txt,29306
telicity_captions/cross_lingual/test-ru-analysis/captions_train-de-fa-tr_test-ru-numpy.txt,telicity_captions/cross_lingual/test-ru-analysis/captions_train-de-fa-tr_test-ru-labels.txt,telicity_captions/cross_lingual/test-ru-analysis/captions-ru-numpy.txt,telicity_captions/cross_lingual/test-ru-analysis/captions-ru-labels.txt,29306
telicity_captions/cross_lingual/test-ru-analysis/captions_train-de-fa-zh_test-ru-numpy.txt,telicity_captions/cross_lingual/test-ru-analysis/captions_train-de-fa-zh_test-ru-labels.txt,telicity_captions/cross_lingual/test-ru-analysis/captions-ru-numpy.txt,telicity_captions/cross_lingual/test-ru-analysis/captions-ru-labels.txt,29306
telicity_captions/cross_lingual/test-ru-analysis/captions_train-de-fa_test-ru-numpy.txt,telicity_captions/cross_lingual/test-ru-analysis/captions_train-de-fa_test-ru-labels.txt,telicity_captions/cross_lingual/test-ru-analysis/captions-ru-numpy.txt,telicity_captions/cross_lingual/test-ru-analysis/captions-ru-labels.txt,29306
telicity_captions/cross_lingual/test-ru-analysis/captions_train-de-tr-ar_test-ru-numpy.txt,telicity_captions/cross_lingual/test-ru-analysis/captions_train-de-tr-ar_test-ru-labels.txt,telicity_captions/cross_lingual/test-ru-analysis/captions-ru-numpy.txt,telicity_captions/cross_lingual/test-ru-analysis/captions-ru-labels.txt,29306
telicity_captions/cross_lingual/test-ru-analysis/captions_train-de-tr-zh_test-ru-numpy.txt,telicity_captions/cross_lingual/test-ru-analysis/captions_train-de-tr-zh_test-ru-labels.txt,telicity_captions/cross_lingual/test-ru-analysis/captions-ru-numpy.txt,telicity_captions/cross_lingual/test-ru-analysis/captions-ru-labels.txt,29306
telicity_captions/cross_lingual/test-ru-analysis/captions_train-de-tr_test-ru-numpy.txt,telicity_captions/cross_lingual/test-ru-analysis/captions_train-de-tr_test-ru-labels.txt,telicity_captions/cross_lingual/test-ru-analysis/captions-ru-numpy.txt,telicity_captions/cross_lingual/test-ru-analysis/captions-ru-labels.txt,29306
telicity_captions/cross_lingual/test-ru-analysis/captions_train-de-zh_test-ru-numpy.txt,telicity_captions/cross_lingual/test-ru-analysis/captions_train-de-zh_test-ru-labels.txt,telicity_captions/cross_lingual/test-ru-analysis/captions-ru-numpy.txt,telicity_captions/cross_lingual/test-ru-analysis/captions-ru-labels.txt,29306
telicity_captions/cross_lingual/test-ru-analysis/captions_train-de_test-ru-numpy.txt,telicity_captions/cross_lingual/test-ru-analysis/captions_train-de_test-ru-labels.txt,telicity_captions/cross_lingual/test-ru-analysis/captions-ru-numpy.txt,telicity_captions/cross_lingual/test-ru-analysis/captions-ru-labels.txt,29306
telicity_captions/cross_lingual/test-ru-analysis/captions_train-fa-ar-zh_test-ru-numpy.txt,telicity_captions/cross_lingual/test-ru-analysis/captions_train-fa-ar-zh_test-ru-labels.txt,telicity_captions/cross_lingual/test-ru-analysis/captions-ru-numpy.txt,telicity_captions/cross_lingual/test-ru-analysis/captions-ru-labels.txt,29306
telicity_captions/cross_lingual/test-ru-analysis/captions_train-fa-ar_test-ru-numpy.txt,telicity_captions/cross_lingual/test-ru-analysis/captions_train-fa-ar_test-ru-labels.txt,telicity_captions/cross_lingual/test-ru-analysis/captions-ru-numpy.txt,telicity_captions/cross_lingual/test-ru-analysis/captions-ru-labels.txt,29306
telicity_captions/cross_lingual/test-ru-analysis/captions_train-fa-tr-ar-zh_test-ru-numpy.txt,telicity_captions/cross_lingual/test-ru-analysis/captions_train-fa-tr-ar-zh_test-ru-labels.txt,telicity_captions/cross_lingual/test-ru-analysis/captions-ru-numpy.txt,telicity_captions/cross_lingual/test-ru-analysis/captions-ru-labels.txt,29306
telicity_captions/cross_lingual/test-ru-analysis/captions_train-fa-tr-ar_test-ru-numpy.txt,telicity_captions/cross_lingual/test-ru-analysis/captions_train-fa-tr-ar_test-ru-labels.txt,telicity_captions/cross_lingual/test-ru-analysis/captions-ru-numpy.txt,telicity_captions/cross_lingual/test-ru-analysis/captions-ru-labels.txt,29306
telicity_captions/cross_lingual/test-ru-analysis/captions_train-fa-tr-zh_test-ru-numpy.txt,telicity_captions/cross_lingual/test-ru-analysis/captions_train-fa-tr-zh_test-ru-labels.txt,telicity_captions/cross_lingual/test-ru-analysis/captions-ru-numpy.txt,telicity_captions/cross_lingual/test-ru-analysis/captions-ru-labels.txt,29306
telicity_captions/cross_lingual/test-ru-analysis/captions_train-fa-tr_test-ru-numpy.txt,telicity_captions/cross_lingual/test-ru-analysis/captions_train-fa-tr_test-ru-labels.txt,telicity_captions/cross_lingual/test-ru-analysis/captions-ru-numpy.txt,telicity_captions/cross_lingual/test-ru-analysis/captions-ru-labels.txt,29306
telicity_captions/cross_lingual/test-ru-analysis/captions_train-fa-zh_test-ru-numpy.txt,telicity_captions/cross_lingual/test-ru-analysis/captions_train-fa-zh_test-ru-labels.txt,telicity_captions/cross_lingual/test-ru-analysis/captions-ru-numpy.txt,telicity_captions/cross_lingual/test-ru-analysis/captions-ru-labels.txt,29306
telicity_captions/cross_lingual/test-ru-analysis/captions_train-fa_test-ru-numpy.txt,telicity_captions/cross_lingual/test-ru-analysis/captions_train-fa_test-ru-labels.txt,telicity_captions/cross_lingual/test-ru-analysis/captions-ru-numpy.txt,telicity_captions/cross_lingual/test-ru-analysis/captions-ru-labels.txt,29306
telicity_captions/cross_lingual/test-ru-analysis/captions_train-tr-ar-zh_test-ru-numpy.txt,telicity_captions/cross_lingual/test-ru-analysis/captions_train-tr-ar-zh_test-ru-labels.txt,telicity_captions/cross_lingual/test-ru-analysis/captions-ru-numpy.txt,telicity_captions/cross_lingual/test-ru-analysis/captions-ru-labels.txt,29306
telicity_captions/cross_lingual/test-ru-analysis/captions_train-tr-ar_test-ru-numpy.txt,telicity_captions/cross_lingual/test-ru-analysis/captions_train-tr-ar_test-ru-labels.txt,telicity_captions/cross_lingual/test-ru-analysis/captions-ru-numpy.txt,telicity_captions/cross_lingual/test-ru-analysis/captions-ru-labels.txt,29306
telicity_captions/cross_lingual/test-ru-analysis/captions_train-tr-zh_test-ru-numpy.txt,telicity_captions/cross_lingual/test-ru-analysis/captions_train-tr-zh_test-ru-labels.txt,telicity_captions/cross_lingual/test-ru-analysis/captions-ru-numpy.txt,telicity_captions/cross_lingual/test-ru-analysis/captions-ru-labels.txt,29306
telicity_captions/cross_lingual/test-ru-analysis/captions_train-tr_test-ru-numpy.txt,telicity_captions/cross_lingual/test-ru-analysis/captions_train-tr_test-ru-labels.txt,telicity_captions/cross_lingual/test-ru-analysis/captions-ru-numpy.txt,telicity_captions/cross_lingual/test-ru-analysis/captions-ru-labels.txt,29306
telicity_captions/cross_lingual/test-ru-analysis/captions_train-zh_test-ru-numpy.txt,telicity_captions/cross_lingual/test-ru-analysis/captions_train-zh_test-ru-labels.txt,telicity_captions/cross_lingual/test-ru-analysis/captions-ru-numpy.txt,telicity_captions/cross_lingual/test-ru-analysis/captions-ru-labels.txt,29306



telicity_captions/cross_lingual/test-tr-analysis/captions_train-ar-zh_test-tr-numpy.txt,telicity_captions/cross_lingual/test-tr-analysis/captions_train-ar-zh_test-tr-labels.txt,telicity_captions/cross_lingual/test-tr-analysis/captions-tr-numpy.txt,telicity_captions/cross_lingual/test-tr-analysis/captions-tr-labels.txt,29306
telicity_captions/cross_lingual/test-tr-analysis/captions_train-ar_test-tr-numpy.txt,telicity_captions/cross_lingual/test-tr-analysis/captions_train-ar_test-tr-labels.txt,telicity_captions/cross_lingual/test-tr-analysis/captions-tr-numpy.txt,telicity_captions/cross_lingual/test-tr-analysis/captions-tr-labels.txt,29306
telicity_captions/cross_lingual/test-tr-analysis/captions_train-de-ar-zh_test-tr-numpy.txt,telicity_captions/cross_lingual/test-tr-analysis/captions_train-de-ar-zh_test-tr-labels.txt,telicity_captions/cross_lingual/test-tr-analysis/captions-tr-numpy.txt,telicity_captions/cross_lingual/test-tr-analysis/captions-tr-labels.txt,29306
telicity_captions/cross_lingual/test-tr-analysis/captions_train-de-ar_test-tr-numpy.txt,telicity_captions/cross_lingual/test-tr-analysis/captions_train-de-ar_test-tr-labels.txt,telicity_captions/cross_lingual/test-tr-analysis/captions-tr-numpy.txt,telicity_captions/cross_lingual/test-tr-analysis/captions-tr-labels.txt,29306
telicity_captions/cross_lingual/test-tr-analysis/captions_train-de-fa-ar_test-tr-numpy.txt,telicity_captions/cross_lingual/test-tr-analysis/captions_train-de-fa-ar_test-tr-labels.txt,telicity_captions/cross_lingual/test-tr-analysis/captions-tr-numpy.txt,telicity_captions/cross_lingual/test-tr-analysis/captions-tr-labels.txt,29306
telicity_captions/cross_lingual/test-tr-analysis/captions_train-de-fa-ru-ar-zh_test-tr-numpy.txt,telicity_captions/cross_lingual/test-tr-analysis/captions_train-de-fa-ru-ar-zh_test-tr-labels.txt,telicity_captions/cross_lingual/test-tr-analysis/captions-tr-numpy.txt,telicity_captions/cross_lingual/test-tr-analysis/captions-tr-labels.txt,29306
telicity_captions/cross_lingual/test-tr-analysis/captions_train-de-fa-ru-ar_test-tr-numpy.txt,telicity_captions/cross_lingual/test-tr-analysis/captions_train-de-fa-ru-ar_test-tr-labels.txt,telicity_captions/cross_lingual/test-tr-analysis/captions-tr-numpy.txt,telicity_captions/cross_lingual/test-tr-analysis/captions-tr-labels.txt,29306
telicity_captions/cross_lingual/test-tr-analysis/captions_train-de-fa-ru-zh_test-tr-numpy.txt,telicity_captions/cross_lingual/test-tr-analysis/captions_train-de-fa-ru-zh_test-tr-labels.txt,telicity_captions/cross_lingual/test-tr-analysis/captions-tr-numpy.txt,telicity_captions/cross_lingual/test-tr-analysis/captions-tr-labels.txt,29306
telicity_captions/cross_lingual/test-tr-analysis/captions_train-de-fa-ru_test-tr-numpy.txt,telicity_captions/cross_lingual/test-tr-analysis/captions_train-de-fa-ru_test-tr-labels.txt,telicity_captions/cross_lingual/test-tr-analysis/captions-tr-numpy.txt,telicity_captions/cross_lingual/test-tr-analysis/captions-tr-labels.txt,29306
telicity_captions/cross_lingual/test-tr-analysis/captions_train-de-fa-zh_test-tr-numpy.txt,telicity_captions/cross_lingual/test-tr-analysis/captions_train-de-fa-zh_test-tr-labels.txt,telicity_captions/cross_lingual/test-tr-analysis/captions-tr-numpy.txt,telicity_captions/cross_lingual/test-tr-analysis/captions-tr-labels.txt,29306
telicity_captions/cross_lingual/test-tr-analysis/captions_train-de-fa_test-tr-numpy.txt,telicity_captions/cross_lingual/test-tr-analysis/captions_train-de-fa_test-tr-labels.txt,telicity_captions/cross_lingual/test-tr-analysis/captions-tr-numpy.txt,telicity_captions/cross_lingual/test-tr-analysis/captions-tr-labels.txt,29306
telicity_captions/cross_lingual/test-tr-analysis/captions_train-de-ru-ar_test-tr-numpy.txt,telicity_captions/cross_lingual/test-tr-analysis/captions_train-de-ru-ar_test-tr-labels.txt,telicity_captions/cross_lingual/test-tr-analysis/captions-tr-numpy.txt,telicity_captions/cross_lingual/test-tr-analysis/captions-tr-labels.txt,29306
telicity_captions/cross_lingual/test-tr-analysis/captions_train-de-ru-zh_test-tr-numpy.txt,telicity_captions/cross_lingual/test-tr-analysis/captions_train-de-ru-zh_test-tr-labels.txt,telicity_captions/cross_lingual/test-tr-analysis/captions-tr-numpy.txt,telicity_captions/cross_lingual/test-tr-analysis/captions-tr-labels.txt,29306
telicity_captions/cross_lingual/test-tr-analysis/captions_train-de-ru_test-tr-numpy.txt,telicity_captions/cross_lingual/test-tr-analysis/captions_train-de-ru_test-tr-labels.txt,telicity_captions/cross_lingual/test-tr-analysis/captions-tr-numpy.txt,telicity_captions/cross_lingual/test-tr-analysis/captions-tr-labels.txt,29306
telicity_captions/cross_lingual/test-tr-analysis/captions_train-de-zh_test-tr-numpy.txt,telicity_captions/cross_lingual/test-tr-analysis/captions_train-de-zh_test-tr-labels.txt,telicity_captions/cross_lingual/test-tr-analysis/captions-tr-numpy.txt,telicity_captions/cross_lingual/test-tr-analysis/captions-tr-labels.txt,29306
telicity_captions/cross_lingual/test-tr-analysis/captions_train-de_test-tr-numpy.txt,telicity_captions/cross_lingual/test-tr-analysis/captions_train-de_test-tr-labels.txt,telicity_captions/cross_lingual/test-tr-analysis/captions-tr-numpy.txt,telicity_captions/cross_lingual/test-tr-analysis/captions-tr-labels.txt,29306
telicity_captions/cross_lingual/test-tr-analysis/captions_train-fa-ar-zh_test-tr-numpy.txt,telicity_captions/cross_lingual/test-tr-analysis/captions_train-fa-ar-zh_test-tr-labels.txt,telicity_captions/cross_lingual/test-tr-analysis/captions-tr-numpy.txt,telicity_captions/cross_lingual/test-tr-analysis/captions-tr-labels.txt,29306
telicity_captions/cross_lingual/test-tr-analysis/captions_train-fa-ar_test-tr-numpy.txt,telicity_captions/cross_lingual/test-tr-analysis/captions_train-fa-ar_test-tr-labels.txt,telicity_captions/cross_lingual/test-tr-analysis/captions-tr-numpy.txt,telicity_captions/cross_lingual/test-tr-analysis/captions-tr-labels.txt,29306
telicity_captions/cross_lingual/test-tr-analysis/captions_train-fa-ru-ar-zh_test-tr-numpy.txt,telicity_captions/cross_lingual/test-tr-analysis/captions_train-fa-ru-ar-zh_test-tr-labels.txt,telicity_captions/cross_lingual/test-tr-analysis/captions-tr-numpy.txt,telicity_captions/cross_lingual/test-tr-analysis/captions-tr-labels.txt,29306
telicity_captions/cross_lingual/test-tr-analysis/captions_train-fa-ru-ar_test-tr-numpy.txt,telicity_captions/cross_lingual/test-tr-analysis/captions_train-fa-ru-ar_test-tr-labels.txt,telicity_captions/cross_lingual/test-tr-analysis/captions-tr-numpy.txt,telicity_captions/cross_lingual/test-tr-analysis/captions-tr-labels.txt,29306
telicity_captions/cross_lingual/test-tr-analysis/captions_train-fa-ru-zh_test-tr-numpy.txt,telicity_captions/cross_lingual/test-tr-analysis/captions_train-fa-ru-zh_test-tr-labels.txt,telicity_captions/cross_lingual/test-tr-analysis/captions-tr-numpy.txt,telicity_captions/cross_lingual/test-tr-analysis/captions-tr-labels.txt,29306
telicity_captions/cross_lingual/test-tr-analysis/captions_train-fa-ru_test-tr-numpy.txt,telicity_captions/cross_lingual/test-tr-analysis/captions_train-fa-ru_test-tr-labels.txt,telicity_captions/cross_lingual/test-tr-analysis/captions-tr-numpy.txt,telicity_captions/cross_lingual/test-tr-analysis/captions-tr-labels.txt,29306
telicity_captions/cross_lingual/test-tr-analysis/captions_train-fa-zh_test-tr-numpy.txt,telicity_captions/cross_lingual/test-tr-analysis/captions_train-fa-zh_test-tr-labels.txt,telicity_captions/cross_lingual/test-tr-analysis/captions-tr-numpy.txt,telicity_captions/cross_lingual/test-tr-analysis/captions-tr-labels.txt,29306
telicity_captions/cross_lingual/test-tr-analysis/captions_train-fa_test-tr-numpy.txt,telicity_captions/cross_lingual/test-tr-analysis/captions_train-fa_test-tr-labels.txt,telicity_captions/cross_lingual/test-tr-analysis/captions-tr-numpy.txt,telicity_captions/cross_lingual/test-tr-analysis/captions-tr-labels.txt,29306
telicity_captions/cross_lingual/test-tr-analysis/captions_train-ru-ar-zh_test-tr-numpy.txt,telicity_captions/cross_lingual/test-tr-analysis/captions_train-ru-ar-zh_test-tr-labels.txt,telicity_captions/cross_lingual/test-tr-analysis/captions-tr-numpy.txt,telicity_captions/cross_lingual/test-tr-analysis/captions-tr-labels.txt,29306
telicity_captions/cross_lingual/test-tr-analysis/captions_train-ru-ar_test-tr-numpy.txt,telicity_captions/cross_lingual/test-tr-analysis/captions_train-ru-ar_test-tr-labels.txt,telicity_captions/cross_lingual/test-tr-analysis/captions-tr-numpy.txt,telicity_captions/cross_lingual/test-tr-analysis/captions-tr-labels.txt,29306
telicity_captions/cross_lingual/test-tr-analysis/captions_train-ru-zh_test-tr-numpy.txt,telicity_captions/cross_lingual/test-tr-analysis/captions_train-ru-zh_test-tr-labels.txt,telicity_captions/cross_lingual/test-tr-analysis/captions-tr-numpy.txt,telicity_captions/cross_lingual/test-tr-analysis/captions-tr-labels.txt,29306
telicity_captions/cross_lingual/test-tr-analysis/captions_train-ru_test-tr-numpy.txt,telicity_captions/cross_lingual/test-tr-analysis/captions_train-ru_test-tr-labels.txt,telicity_captions/cross_lingual/test-tr-analysis/captions-tr-numpy.txt,telicity_captions/cross_lingual/test-tr-analysis/captions-tr-labels.txt,29306
telicity_captions/cross_lingual/test-tr-analysis/captions_train-zh_test-tr-numpy.txt,telicity_captions/cross_lingual/test-tr-analysis/captions_train-zh_test-tr-labels.txt,telicity_captions/cross_lingual/test-tr-analysis/captions-tr-numpy.txt,telicity_captions/cross_lingual/test-tr-analysis/captions-tr-labels.txt,29306


telicity_captions/cross_lingual/test-ar/captions_train-de-fa-ru-tr-zh_test-ar-numpy.txt,telicity_captions/cross_lingual/test-ar/captions_train-de-fa-ru-tr-zh_test-ar-labels.txt,telicity_captions/cross_lingual/test-ar/captions-ar-numpy.txt,telicity_captions/cross_lingual/test-ar/captions-ar-labels.txt,29306
telicity_wikipedia/cross_lingual/test-ar/wiki_train-de-fa-ru-tr-zh_test-ar-numpy.txt,telicity_wikipedia/cross_lingual/test-ar/wiki_train-de-fa-ru-tr-zh_test-ar-labels.txt,telicity_wikipedia/cross_lingual/test-ar/wiki-ar-numpy.txt,telicity_wikipedia/cross_lingual/test-ar/wiki-ar-labels.txt,29306
telicity_captions/cross_lingual/test-de/captions_train-ar-fa-ru-tr-zh_test-de-numpy.txt,telicity_captions/cross_lingual/test-de/captions_train-ar-fa-ru-tr-zh_test-de-labels.txt,telicity_captions/cross_lingual/test-de/captions-de-numpy.txt,telicity_captions/cross_lingual/test-de/captions-de-labels.txt,29306
telicity_wikipedia/cross_lingual/test-de/wiki_train-ar-fa-ru-tr-zh_test-de-numpy.txt,telicity_wikipedia/cross_lingual/test-de/wiki_train-ar-fa-ru-tr-zh_test-de-labels.txt,telicity_wikipedia/cross_lingual/test-de/wiki-de-numpy.txt,telicity_wikipedia/cross_lingual/test-de/wiki-de-labels.txt,29306
telicity_captions/cross_lingual/test-fa/captions_train-de-ar-ru-tr-zh_test-fa-numpy.txt,telicity_captions/cross_lingual/test-fa/captions_train-de-ar-ru-tr-zh_test-fa-labels.txt,telicity_captions/cross_lingual/test-fa/captions-fa-numpy.txt,telicity_captions/cross_lingual/test-fa/captions-fa-labels.txt,29306
telicity_wikipedia/cross_lingual/test-fa/wiki_train-de-ar-ru-tr-zh_test-fa-numpy.txt,telicity_wikipedia/cross_lingual/test-fa/wiki_train-de-ar-ru-tr-zh_test-fa-labels.txt,telicity_wikipedia/cross_lingual/test-fa/wiki-fa-numpy.txt,telicity_wikipedia/cross_lingual/test-fa/wiki-fa-labels.txt,29306
telicity_captions/cross_lingual/test-ru/captions_train-de-fa-ar-tr-zh_test-ru-numpy.txt,telicity_captions/cross_lingual/test-ru/captions_train-de-fa-ar-tr-zh_test-ru-labels.txt,telicity_captions/cross_lingual/test-ru/captions-ru-numpy.txt,telicity_captions/cross_lingual/test-ru/captions-ru-labels.txt,29306
telicity_wikipedia/cross_lingual/test-ru/wiki_train-de-fa-ar-tr-zh_test-ru-numpy.txt,telicity_wikipedia/cross_lingual/test-ru/wiki_train-de-fa-ar-tr-zh_test-ru-labels.txt,telicity_wikipedia/cross_lingual/test-ru/wiki-ru-numpy.txt,telicity_wikipedia/cross_lingual/test-ru/wiki-ru-labels.txt,29306
telicity_captions/cross_lingual/test-tr/captions_train-de-fa-ru-ar-zh_test-tr-numpy.txt,telicity_captions/cross_lingual/test-tr/captions_train-de-fa-ru-ar-zh_test-tr-labels.txt,telicity_captions/cross_lingual/test-tr/captions-tr-numpy.txt,telicity_captions/cross_lingual/test-tr/captions-tr-labels.txt,29306
telicity_wikipedia/cross_lingual/test-tr/wiki_train-de-fa-ru-ar-zh_test-tr-numpy.txt,telicity_wikipedia/cross_lingual/test-tr/wiki_train-de-fa-ru-ar-zh_test-tr-labels.txt,telicity_wikipedia/cross_lingual/test-tr/wiki-tr-numpy.txt,telicity_wikipedia/cross_lingual/test-tr/wiki-tr-labels.txt,29306
telicity_wikipedia/cross_lingual/test-zh/wiki_train-de-fa-ru-tr-ar_test-zh-numpy.txt,telicity_wikipedia/cross_lingual/test-zh/wiki_train-de-fa-ru-tr-ar_test-zh-labels.txt,telicity_wikipedia/cross_lingual/test-zh/wiki-zh-numpy.txt,telicity_wikipedia/cross_lingual/test-zh/wiki-zh-labels.txt,29306
telicity_captions/cross_lingual/test-zh/captions_train-de-fa-ru-tr-ar_test-zh-numpy.txt,telicity_captions/cross_lingual/test-zh/captions_train-de-fa-ru-tr-ar_test-zh-labels.txt,telicity_captions/cross_lingual/test-zh/captions-zh-numpy.txt,telicity_captions/cross_lingual/test-zh/captions-zh-labels.txt,29306




telicity_captions/cross_lingual/test-de-analysis/captions_train-ar-zh_test-de-numpy.txt,telicity_captions/cross_lingual/test-de-analysis/captions_train-ar-zh_test-de-labels.txt,telicity_captions/cross_lingual/test-de-analysis/captions-de-numpy.txt,telicity_captions/cross_lingual/test-de-analysis/captions-de-labels.txt,29306
telicity_captions/cross_lingual/test-de-analysis/captions_train-ar_test-de-numpy.txt,telicity_captions/cross_lingual/test-de-analysis/captions_train-ar_test-de-labels.txt,telicity_captions/cross_lingual/test-de-analysis/captions-de-numpy.txt,telicity_captions/cross_lingual/test-de-analysis/captions-de-labels.txt,29306
telicity_captions/cross_lingual/test-de-analysis/captions_train-tr-ar-zh_test-de-numpy.txt,telicity_captions/cross_lingual/test-de-analysis/captions_train-tr-ar-zh_test-de-labels.txt,telicity_captions/cross_lingual/test-de-analysis/captions-de-numpy.txt,telicity_captions/cross_lingual/test-de-analysis/captions-de-labels.txt,29306
telicity_captions/cross_lingual/test-de-analysis/captions_train-tr-ar_test-de-numpy.txt,telicity_captions/cross_lingual/test-de-analysis/captions_train-tr-ar_test-de-labels.txt,telicity_captions/cross_lingual/test-de-analysis/captions-de-numpy.txt,telicity_captions/cross_lingual/test-de-analysis/captions-de-labels.txt,29306
telicity_captions/cross_lingual/test-de-analysis/captions_train-tr-fa-ar_test-de-numpy.txt,telicity_captions/cross_lingual/test-de-analysis/captions_train-tr-fa-ar_test-de-labels.txt,telicity_captions/cross_lingual/test-de-analysis/captions-de-numpy.txt,telicity_captions/cross_lingual/test-de-analysis/captions-de-labels.txt,29306
telicity_captions/cross_lingual/test-de-analysis/captions_train-tr-fa-ru-ar-zh_test-de-numpy.txt,telicity_captions/cross_lingual/test-de-analysis/captions_train-tr-fa-ru-ar-zh_test-de-labels.txt,telicity_captions/cross_lingual/test-de-analysis/captions-de-numpy.txt,telicity_captions/cross_lingual/test-de-analysis/captions-de-labels.txt,29306
telicity_captions/cross_lingual/test-de-analysis/captions_train-tr-fa-ru-ar_test-de-numpy.txt,telicity_captions/cross_lingual/test-de-analysis/captions_train-tr-fa-ru-ar_test-de-labels.txt,telicity_captions/cross_lingual/test-de-analysis/captions-de-numpy.txt,telicity_captions/cross_lingual/test-de-analysis/captions-de-labels.txt,29306
telicity_captions/cross_lingual/test-de-analysis/captions_train-tr-fa-ru-zh_test-de-numpy.txt,telicity_captions/cross_lingual/test-de-analysis/captions_train-tr-fa-ru-zh_test-de-labels.txt,telicity_captions/cross_lingual/test-de-analysis/captions-de-numpy.txt,telicity_captions/cross_lingual/test-de-analysis/captions-de-labels.txt,29306
telicity_captions/cross_lingual/test-de-analysis/captions_train-tr-fa-ru_test-de-numpy.txt,telicity_captions/cross_lingual/test-de-analysis/captions_train-tr-fa-ru_test-de-labels.txt,telicity_captions/cross_lingual/test-de-analysis/captions-de-numpy.txt,telicity_captions/cross_lingual/test-de-analysis/captions-de-labels.txt,29306
telicity_captions/cross_lingual/test-de-analysis/captions_train-tr-fa-zh_test-de-numpy.txt,telicity_captions/cross_lingual/test-de-analysis/captions_train-tr-fa-zh_test-de-labels.txt,telicity_captions/cross_lingual/test-de-analysis/captions-de-numpy.txt,telicity_captions/cross_lingual/test-de-analysis/captions-de-labels.txt,29306
telicity_captions/cross_lingual/test-de-analysis/captions_train-tr-fa_test-de-numpy.txt,telicity_captions/cross_lingual/test-de-analysis/captions_train-tr-fa_test-de-labels.txt,telicity_captions/cross_lingual/test-de-analysis/captions-de-numpy.txt,telicity_captions/cross_lingual/test-de-analysis/captions-de-labels.txt,29306
telicity_captions/cross_lingual/test-de-analysis/captions_train-tr-ru-ar_test-de-numpy.txt,telicity_captions/cross_lingual/test-de-analysis/captions_train-tr-ru-ar_test-de-labels.txt,telicity_captions/cross_lingual/test-de-analysis/captions-de-numpy.txt,telicity_captions/cross_lingual/test-de-analysis/captions-de-labels.txt,29306
telicity_captions/cross_lingual/test-de-analysis/captions_train-tr-ru-zh_test-de-numpy.txt,telicity_captions/cross_lingual/test-de-analysis/captions_train-tr-ru-zh_test-de-labels.txt,telicity_captions/cross_lingual/test-de-analysis/captions-de-numpy.txt,telicity_captions/cross_lingual/test-de-analysis/captions-de-labels.txt,29306
telicity_captions/cross_lingual/test-de-analysis/captions_train-tr-ru_test-de-numpy.txt,telicity_captions/cross_lingual/test-de-analysis/captions_train-tr-ru_test-de-labels.txt,telicity_captions/cross_lingual/test-de-analysis/captions-de-numpy.txt,telicity_captions/cross_lingual/test-de-analysis/captions-de-labels.txt,29306
telicity_captions/cross_lingual/test-de-analysis/captions_train-tr-zh_test-de-numpy.txt,telicity_captions/cross_lingual/test-de-analysis/captions_train-tr-zh_test-de-labels.txt,telicity_captions/cross_lingual/test-de-analysis/captions-de-numpy.txt,telicity_captions/cross_lingual/test-de-analysis/captions-de-labels.txt,29306
telicity_captions/cross_lingual/test-de-analysis/captions_train-tr_test-de-numpy.txt,telicity_captions/cross_lingual/test-de-analysis/captions_train-tr_test-de-labels.txt,telicity_captions/cross_lingual/test-de-analysis/captions-de-numpy.txt,telicity_captions/cross_lingual/test-de-analysis/captions-de-labels.txt,29306
telicity_captions/cross_lingual/test-de-analysis/captions_train-fa-ar-zh_test-de-numpy.txt,telicity_captions/cross_lingual/test-de-analysis/captions_train-fa-ar-zh_test-de-labels.txt,telicity_captions/cross_lingual/test-de-analysis/captions-de-numpy.txt,telicity_captions/cross_lingual/test-de-analysis/captions-de-labels.txt,29306
telicity_captions/cross_lingual/test-de-analysis/captions_train-fa-ar_test-de-numpy.txt,telicity_captions/cross_lingual/test-de-analysis/captions_train-fa-ar_test-de-labels.txt,telicity_captions/cross_lingual/test-de-analysis/captions-de-numpy.txt,telicity_captions/cross_lingual/test-de-analysis/captions-de-labels.txt,29306
telicity_captions/cross_lingual/test-de-analysis/captions_train-fa-ru-ar-zh_test-de-numpy.txt,telicity_captions/cross_lingual/test-de-analysis/captions_train-fa-ru-ar-zh_test-de-labels.txt,telicity_captions/cross_lingual/test-de-analysis/captions-de-numpy.txt,telicity_captions/cross_lingual/test-de-analysis/captions-de-labels.txt,29306
telicity_captions/cross_lingual/test-de-analysis/captions_train-fa-ru-ar_test-de-numpy.txt,telicity_captions/cross_lingual/test-de-analysis/captions_train-fa-ru-ar_test-de-labels.txt,telicity_captions/cross_lingual/test-de-analysis/captions-de-numpy.txt,telicity_captions/cross_lingual/test-de-analysis/captions-de-labels.txt,29306
telicity_captions/cross_lingual/test-de-analysis/captions_train-fa-ru-zh_test-de-numpy.txt,telicity_captions/cross_lingual/test-de-analysis/captions_train-fa-ru-zh_test-de-labels.txt,telicity_captions/cross_lingual/test-de-analysis/captions-de-numpy.txt,telicity_captions/cross_lingual/test-de-analysis/captions-de-labels.txt,29306
telicity_captions/cross_lingual/test-de-analysis/captions_train-fa-ru_test-de-numpy.txt,telicity_captions/cross_lingual/test-de-analysis/captions_train-fa-ru_test-de-labels.txt,telicity_captions/cross_lingual/test-de-analysis/captions-de-numpy.txt,telicity_captions/cross_lingual/test-de-analysis/captions-de-labels.txt,29306
telicity_captions/cross_lingual/test-de-analysis/captions_train-fa-zh_test-de-numpy.txt,telicity_captions/cross_lingual/test-de-analysis/captions_train-fa-zh_test-de-labels.txt,telicity_captions/cross_lingual/test-de-analysis/captions-de-numpy.txt,telicity_captions/cross_lingual/test-de-analysis/captions-de-labels.txt,29306
telicity_captions/cross_lingual/test-de-analysis/captions_train-fa_test-de-numpy.txt,telicity_captions/cross_lingual/test-de-analysis/captions_train-fa_test-de-labels.txt,telicity_captions/cross_lingual/test-de-analysis/captions-de-numpy.txt,telicity_captions/cross_lingual/test-de-analysis/captions-de-labels.txt,29306
telicity_captions/cross_lingual/test-de-analysis/captions_train-ru-ar-zh_test-de-numpy.txt,telicity_captions/cross_lingual/test-de-analysis/captions_train-ru-ar-zh_test-de-labels.txt,telicity_captions/cross_lingual/test-de-analysis/captions-de-numpy.txt,telicity_captions/cross_lingual/test-de-analysis/captions-de-labels.txt,29306
telicity_captions/cross_lingual/test-de-analysis/captions_train-ru-ar_test-de-numpy.txt,telicity_captions/cross_lingual/test-de-analysis/captions_train-ru-ar_test-de-labels.txt,telicity_captions/cross_lingual/test-de-analysis/captions-de-numpy.txt,telicity_captions/cross_lingual/test-de-analysis/captions-de-labels.txt,29306
telicity_captions/cross_lingual/test-de-analysis/captions_train-ru-zh_test-de-numpy.txt,telicity_captions/cross_lingual/test-de-analysis/captions_train-ru-zh_test-de-labels.txt,telicity_captions/cross_lingual/test-de-analysis/captions-de-numpy.txt,telicity_captions/cross_lingual/test-de-analysis/captions-de-labels.txt,29306
telicity_captions/cross_lingual/test-de-analysis/captions_train-ru_test-de-numpy.txt,telicity_captions/cross_lingual/test-de-analysis/captions_train-ru_test-de-labels.txt,telicity_captions/cross_lingual/test-de-analysis/captions-de-numpy.txt,telicity_captions/cross_lingual/test-de-analysis/captions-de-labels.txt,29306
telicity_captions/cross_lingual/test-de-analysis/captions_train-zh_test-de-numpy.txt,telicity_captions/cross_lingual/test-de-analysis/captions_train-zh_test-de-labels.txt,telicity_captions/cross_lingual/test-de-analysis/captions-de-numpy.txt,telicity_captions/cross_lingual/test-de-analysis/captions-de-labels.txt,29306



telicity_captions/cross_lingual/test-tr-analysis/captions_train-ar-zh_test-tr-numpy.txt,telicity_captions/cross_lingual/test-tr-analysis/captions_train-ar-zh_test-tr-labels.txt,telicity_captions/cross_lingual/test-tr-analysis/captions-tr-numpy.txt,telicity_captions/cross_lingual/test-tr-analysis/captions-tr-labels.txt,29306
telicity_captions/cross_lingual/test-tr-analysis/captions_train-ar_test-tr-numpy.txt,telicity_captions/cross_lingual/test-tr-analysis/captions_train-ar_test-tr-labels.txt,telicity_captions/cross_lingual/test-tr-analysis/captions-tr-numpy.txt,telicity_captions/cross_lingual/test-tr-analysis/captions-tr-labels.txt,29306
telicity_captions/cross_lingual/test-tr-analysis/captions_train-de-ar-zh_test-tr-numpy.txt,telicity_captions/cross_lingual/test-tr-analysis/captions_train-de-ar-zh_test-tr-labels.txt,telicity_captions/cross_lingual/test-tr-analysis/captions-tr-numpy.txt,telicity_captions/cross_lingual/test-tr-analysis/captions-tr-labels.txt,29306
telicity_captions/cross_lingual/test-tr-analysis/captions_train-de-ar_test-tr-numpy.txt,telicity_captions/cross_lingual/test-tr-analysis/captions_train-de-ar_test-tr-labels.txt,telicity_captions/cross_lingual/test-tr-analysis/captions-tr-numpy.txt,telicity_captions/cross_lingual/test-tr-analysis/captions-tr-labels.txt,29306
telicity_captions/cross_lingual/test-tr-analysis/captions_train-de-fa-ar_test-tr-numpy.txt,telicity_captions/cross_lingual/test-tr-analysis/captions_train-de-fa-ar_test-tr-labels.txt,telicity_captions/cross_lingual/test-tr-analysis/captions-tr-numpy.txt,telicity_captions/cross_lingual/test-tr-analysis/captions-tr-labels.txt,29306
telicity_captions/cross_lingual/test-tr-analysis/captions_train-de-fa-ru-ar-zh_test-tr-numpy.txt,telicity_captions/cross_lingual/test-tr-analysis/captions_train-de-fa-ru-ar-zh_test-tr-labels.txt,telicity_captions/cross_lingual/test-tr-analysis/captions-tr-numpy.txt,telicity_captions/cross_lingual/test-tr-analysis/captions-tr-labels.txt,29306
telicity_captions/cross_lingual/test-tr-analysis/captions_train-de-fa-ru-ar_test-tr-numpy.txt,telicity_captions/cross_lingual/test-tr-analysis/captions_train-de-fa-ru-ar_test-tr-labels.txt,telicity_captions/cross_lingual/test-tr-analysis/captions-tr-numpy.txt,telicity_captions/cross_lingual/test-tr-analysis/captions-tr-labels.txt,29306
telicity_captions/cross_lingual/test-tr-analysis/captions_train-de-fa-ru-zh_test-tr-numpy.txt,telicity_captions/cross_lingual/test-tr-analysis/captions_train-de-fa-ru-zh_test-tr-labels.txt,telicity_captions/cross_lingual/test-tr-analysis/captions-tr-numpy.txt,telicity_captions/cross_lingual/test-tr-analysis/captions-tr-labels.txt,29306
telicity_captions/cross_lingual/test-tr-analysis/captions_train-de-fa-ru_test-tr-numpy.txt,telicity_captions/cross_lingual/test-tr-analysis/captions_train-de-fa-ru_test-tr-labels.txt,telicity_captions/cross_lingual/test-tr-analysis/captions-tr-numpy.txt,telicity_captions/cross_lingual/test-tr-analysis/captions-tr-labels.txt,29306
telicity_captions/cross_lingual/test-tr-analysis/captions_train-de-fa-zh_test-tr-numpy.txt,telicity_captions/cross_lingual/test-tr-analysis/captions_train-de-fa-zh_test-tr-labels.txt,telicity_captions/cross_lingual/test-tr-analysis/captions-tr-numpy.txt,telicity_captions/cross_lingual/test-tr-analysis/captions-tr-labels.txt,29306
telicity_captions/cross_lingual/test-tr-analysis/captions_train-de-fa_test-tr-numpy.txt,telicity_captions/cross_lingual/test-tr-analysis/captions_train-de-fa_test-tr-labels.txt,telicity_captions/cross_lingual/test-tr-analysis/captions-tr-numpy.txt,telicity_captions/cross_lingual/test-tr-analysis/captions-tr-labels.txt,29306
telicity_captions/cross_lingual/test-tr-analysis/captions_train-de-ru-ar_test-tr-numpy.txt,telicity_captions/cross_lingual/test-tr-analysis/captions_train-de-ru-ar_test-tr-labels.txt,telicity_captions/cross_lingual/test-tr-analysis/captions-tr-numpy.txt,telicity_captions/cross_lingual/test-tr-analysis/captions-tr-labels.txt,29306
telicity_captions/cross_lingual/test-tr-analysis/captions_train-de-ru-zh_test-tr-numpy.txt,telicity_captions/cross_lingual/test-tr-analysis/captions_train-de-ru-zh_test-tr-labels.txt,telicity_captions/cross_lingual/test-tr-analysis/captions-tr-numpy.txt,telicity_captions/cross_lingual/test-tr-analysis/captions-tr-labels.txt,29306
telicity_captions/cross_lingual/test-tr-analysis/captions_train-de-ru_test-tr-numpy.txt,telicity_captions/cross_lingual/test-tr-analysis/captions_train-de-ru_test-tr-labels.txt,telicity_captions/cross_lingual/test-tr-analysis/captions-tr-numpy.txt,telicity_captions/cross_lingual/test-tr-analysis/captions-tr-labels.txt,29306
telicity_captions/cross_lingual/test-tr-analysis/captions_train-de-zh_test-tr-numpy.txt,telicity_captions/cross_lingual/test-tr-analysis/captions_train-de-zh_test-tr-labels.txt,telicity_captions/cross_lingual/test-tr-analysis/captions-tr-numpy.txt,telicity_captions/cross_lingual/test-tr-analysis/captions-tr-labels.txt,29306
telicity_captions/cross_lingual/test-tr-analysis/captions_train-de_test-tr-numpy.txt,telicity_captions/cross_lingual/test-tr-analysis/captions_train-de_test-tr-labels.txt,telicity_captions/cross_lingual/test-tr-analysis/captions-tr-numpy.txt,telicity_captions/cross_lingual/test-tr-analysis/captions-tr-labels.txt,29306
telicity_captions/cross_lingual/test-tr-analysis/captions_train-fa-ar-zh_test-tr-numpy.txt,telicity_captions/cross_lingual/test-tr-analysis/captions_train-fa-ar-zh_test-tr-labels.txt,telicity_captions/cross_lingual/test-tr-analysis/captions-tr-numpy.txt,telicity_captions/cross_lingual/test-tr-analysis/captions-tr-labels.txt,29306
telicity_captions/cross_lingual/test-tr-analysis/captions_train-fa-ar_test-tr-numpy.txt,telicity_captions/cross_lingual/test-tr-analysis/captions_train-fa-ar_test-tr-labels.txt,telicity_captions/cross_lingual/test-tr-analysis/captions-tr-numpy.txt,telicity_captions/cross_lingual/test-tr-analysis/captions-tr-labels.txt,29306
telicity_captions/cross_lingual/test-tr-analysis/captions_train-fa-ru-ar-zh_test-tr-numpy.txt,telicity_captions/cross_lingual/test-tr-analysis/captions_train-fa-ru-ar-zh_test-tr-labels.txt,telicity_captions/cross_lingual/test-tr-analysis/captions-tr-numpy.txt,telicity_captions/cross_lingual/test-tr-analysis/captions-tr-labels.txt,29306
telicity_captions/cross_lingual/test-tr-analysis/captions_train-fa-ru-ar_test-tr-numpy.txt,telicity_captions/cross_lingual/test-tr-analysis/captions_train-fa-ru-ar_test-tr-labels.txt,telicity_captions/cross_lingual/test-tr-analysis/captions-tr-numpy.txt,telicity_captions/cross_lingual/test-tr-analysis/captions-tr-labels.txt,29306
telicity_captions/cross_lingual/test-tr-analysis/captions_train-fa-ru-zh_test-tr-numpy.txt,telicity_captions/cross_lingual/test-tr-analysis/captions_train-fa-ru-zh_test-tr-labels.txt,telicity_captions/cross_lingual/test-tr-analysis/captions-tr-numpy.txt,telicity_captions/cross_lingual/test-tr-analysis/captions-tr-labels.txt,29306
telicity_captions/cross_lingual/test-tr-analysis/captions_train-fa-ru_test-tr-numpy.txt,telicity_captions/cross_lingual/test-tr-analysis/captions_train-fa-ru_test-tr-labels.txt,telicity_captions/cross_lingual/test-tr-analysis/captions-tr-numpy.txt,telicity_captions/cross_lingual/test-tr-analysis/captions-tr-labels.txt,29306
telicity_captions/cross_lingual/test-tr-analysis/captions_train-fa-zh_test-tr-numpy.txt,telicity_captions/cross_lingual/test-tr-analysis/captions_train-fa-zh_test-tr-labels.txt,telicity_captions/cross_lingual/test-tr-analysis/captions-tr-numpy.txt,telicity_captions/cross_lingual/test-tr-analysis/captions-tr-labels.txt,29306
telicity_captions/cross_lingual/test-tr-analysis/captions_train-fa_test-tr-numpy.txt,telicity_captions/cross_lingual/test-tr-analysis/captions_train-fa_test-tr-labels.txt,telicity_captions/cross_lingual/test-tr-analysis/captions-tr-numpy.txt,telicity_captions/cross_lingual/test-tr-analysis/captions-tr-labels.txt,29306
telicity_captions/cross_lingual/test-tr-analysis/captions_train-ru-ar-zh_test-tr-numpy.txt,telicity_captions/cross_lingual/test-tr-analysis/captions_train-ru-ar-zh_test-tr-labels.txt,telicity_captions/cross_lingual/test-tr-analysis/captions-tr-numpy.txt,telicity_captions/cross_lingual/test-tr-analysis/captions-tr-labels.txt,29306
telicity_captions/cross_lingual/test-tr-analysis/captions_train-ru-ar_test-tr-numpy.txt,telicity_captions/cross_lingual/test-tr-analysis/captions_train-ru-ar_test-tr-labels.txt,telicity_captions/cross_lingual/test-tr-analysis/captions-tr-numpy.txt,telicity_captions/cross_lingual/test-tr-analysis/captions-tr-labels.txt,29306
telicity_captions/cross_lingual/test-tr-analysis/captions_train-ru-zh_test-tr-numpy.txt,telicity_captions/cross_lingual/test-tr-analysis/captions_train-ru-zh_test-tr-labels.txt,telicity_captions/cross_lingual/test-tr-analysis/captions-tr-numpy.txt,telicity_captions/cross_lingual/test-tr-analysis/captions-tr-labels.txt,29306
telicity_captions/cross_lingual/test-tr-analysis/captions_train-ru_test-tr-numpy.txt,telicity_captions/cross_lingual/test-tr-analysis/captions_train-ru_test-tr-labels.txt,telicity_captions/cross_lingual/test-tr-analysis/captions-tr-numpy.txt,telicity_captions/cross_lingual/test-tr-analysis/captions-tr-labels.txt,29306
telicity_captions/cross_lingual/test-tr-analysis/captions_train-zh_test-tr-numpy.txt,telicity_captions/cross_lingual/test-tr-analysis/captions_train-zh_test-tr-labels.txt,telicity_captions/cross_lingual/test-tr-analysis/captions-tr-numpy.txt,telicity_captions/cross_lingual/test-tr-analysis/captions-tr-labels.txt,29306


