telicity_wikipedia/de/wiki-de-numpy.txt,telicity_wikipedia/de/wiki-de-labels.txt,telicity_wikipedia/de/wiki-de-label-encoder.txt,10,29306
telicity_captions/de/captions-de-numpy.txt,telicity_captions/de/captions-de-labels.txt,telicity_captions/de/captions-de-label-encoder.txt,10,29306
telicity_wikipedia/ar/wiki-ar-numpy.txt,telicity_wikipedia/ar/wiki-ar-labels.txt,telicity_wikipedia/ar/wiki-ar-label-encoder.txt,10,29306
telicity_captions/ar/captions-ar-numpy.txt,telicity_captions/ar/captions-ar-labels.txt,telicity_captions/ar/captions-ar-label-encoder.txt,10,29306
telicity_wikipedia/fa/wiki-fa-numpy.txt,telicity_wikipedia/fa/wiki-fa-labels.txt,telicity_wikipedia/fa/wiki-fa-label-encoder.txt,10,29306
telicity_captions/fa/captions-fa-numpy.txt,telicity_captions/fa/captions-fa-labels.txt,telicity_captions/fa/captions-fa-label-encoder.txt,10,29306
telicity_wikipedia/ru/wiki-ru-numpy.txt,telicity_wikipedia/ru/wiki-ru-labels.txt,telicity_wikipedia/ru/wiki-ru-label-encoder.txt,10,29306
telicity_captions/ru/captions-ru-numpy.txt,telicity_captions/ru/captions-ru-labels.txt,telicity_captions/ru/captions-ru-label-encoder.txt,10,29306
telicity_wikipedia/tr/wiki-tr-numpy.txt,telicity_wikipedia/tr/wiki-tr-labels.txt,telicity_wikipedia/tr/wiki-tr-label-encoder.txt,10,29306
telicity_captions/tr/captions-tr-numpy.txt,telicity_captions/tr/captions-tr-labels.txt,telicity_captions/tr/captions-tr-label-encoder.txt,10,29306
telicity_wikipedia/zh/wiki-zh-numpy.txt,telicity_wikipedia/zh/wiki-zh-labels.txt,telicity_wikipedia/zh/wiki-zh-label-encoder.txt,10,29306
telicity_captions/zh/captions-zh-numpy.txt,telicity_captions/zh/captions-zh-labels.txt,telicity_captions/zh/captions-zh-label-encoder.txt,10,29306