Number of Distractors,Referring Form,Cognitive Status,Physical Distance (Instructor),Recency
1,a N,I,6,0
1,that,I,6,1
1,that,I,6,1
1,it,I,6,1
1,a N,I,6,0
1,that,I,6,1
1,that N,I,6,1
1,that,I,6,1
1,a N,I,2,0
1,it,A,2,1
1,a N,I,2,0
1,a N,I,2,0
1,that,I,1,1
82,the N,F,1,4
82,the N,F,1,4
1,a N,I,4,0
1,that,I,1,1
82,the N,F,1,5
1,another N,I,6,0
82,the N,F,1,6
82,the N,F,1,13
1,another N,I,10,0
1,that N,I,10,1
1,a N,I,10,0
82,the N,F,1,0
1,that,I,1,2
82,the N,F,1,9
82,the N,F,1,10
1,that,I,1,2
2,the N,A,1,2
1,another N,I,10,0
1,that,I,1,1
1,that,I,1,1
1,the N,I,1,1
1,the N,I,2,0
1,this N,I,2,1
1,the N,I,2,1
82,the N,F,1,18
1,a N,I,10,0
1,a N,A,1,3
1,that,I,1,2
1,the N,A,1,2
1,the N,I,10,0
1,that,I,1,1
82,the N,F,1,4
1,a N,I,4,0
1,that,I,1,1
82,the N,F,1,3
1,the N,I,3,0
1,it,I,1,0
1,the N,I,1,1
82,this N,F,1,0
1,a N,I,4,0
1,it,I,1,1
1,this N,I,10,0
1,that,I,1,1
82,the N,F,1,5
82,the N,F,1,1
1,the N,I,6,0
1,it,I,1,1
82,the N,F,1,5
82,the N,F,1,0
1,the N,I,2,0
1,that N,I,6,0
1,that,I,10,0
1,that N,I,1,1
1,the N,I,6,0
1,the N,A,1,2
1,the N,I,5,0
1,that,I,1,1
82,the N,F,1,4
1,the N,I,2,0
1,another N,I,10,0
1,another N,I,10,0
1,that,I,1,1
82,the N,F,1,6
1,that,I,1,1
1,it,I,1,1
82,the N,F,1,0
82,the N,F,1,1
1,the N,I,6,0
1,that,I,1,1
82,the N,F,1,5
1,another N,I,10,0
1,that,I,1,1
1,this N,I,2,0
1,a N,I,10,0
1,it,I,4,1
82,the N,F,1,15
1,it,I,1,2
1,a N,I,10,0
1,the N,I,4,0
82,the N,F,1,7
1,the N,I,4,0
1,the N,A,1,3
1,the N,I,5,0
82,the N,F,5,0
1,the N,I,1,2
2,the N,A,1,2
1,this N,I,2,0
1,the N,A,1,3
1,a N,I,10,0
1,the N,I,10,1
1,that,I,4,1
82,the N,F,1,5
82,the N,F,1,7
1,this N,I,1,0
1,the N,I,1,1
2,a N,I,10,0
3,a N,I,10,0
1,the N,I,1,0
82,the N,F,1,2
1,it,I,1,2
1,another N,I,10,0
1,that,I,4,1
82,the N,F,1,0
1,a N,I,10,0
2,a N,I,10,0
1,the N,I,4,0
82,the N,F,1,15
1,the N,I,1,0
1,the N,A,1,3
1,that N,I,4,0
1,the N,A,1,2
1,a N,I,10,0
1,the N,I,4,0
82,the N,F,1,8
1,the N,I,4,0
82,the N,F,1,0
1,this N,I,3,0
1,this N,I,2,1
1,the N,I,6,0
1,that,I,1,1
82,the N,F,1,3
1,this N,I,2,0
1,the N,A,1,3
1,this N,I,2,0
1,the N,A,1,2
1,a N,I,10,0
1,a N,I,10,0
2,a N,I,10,0
1,the N,I,4,1
1,the N,A,4,3
82,the N,F,1,8
1,another N,I,10,0
82,the N,F,1,4
1,this N,I,2,0
1,that,I,1,1
1,this N,I,10,0
2,another N,I,10,0
1,the N,I,4,0
1,the N,I,4,0
1,another N,I,10,0
1,it,I,4,1
82,the N,F,1,0
1,another N,I,10,122
1,another N,I,10,1
1,a N,I,3,148
1,it,I,1,1
1,it,I,1,1
1,the N,I,3,139
1,a N,I,2,150
1,a N,I,10,138
1,another N,I,10,1
1,the N,I,10,1
1,the N,I,1,149
1,it,I,4,147
74,the N,F,4,3
74,the N,F,4,150
1,another N,I,10,146
1,it,I,4,1
74,the N,F,1,13
1,it,I,1,2
1,it,I,1,1
74,the N,F,1,19
1,a N,I,10,147
1,another N,I,10,1
1,it,I,1,1
1,it,I,1,1
1,a N,I,4,145
74,the N,F,1,9
1,it,I,1,2
2,the N,A,1,2
1,it,I,1,2
1,it,I,1,1
1,it,I,1,1
1,that,I,10,146
1,it,I,10,1
1,it,I,1,152
1,that,I,1,1
1,a N,I,10,150
1,it,I,10,1
1,that,I,1,1
1,that N,I,6,151
1,that N,I,1,1
74,the N,F,1,14
74,the N,F,1,25
1,a N,I,10,144
1,that N,I,1,1
2,a N,I,6,156
1,it,I,6,2
1,a N,I,2,151
1,that N,I,6,151
74,the N,F,1,4
1,another N,I,10,152
1,that N,I,4,1
74,the N,F,1,159
1,the N,I,10,0
1,another N,I,10,1
1,that N,I,5,141
1,a N,I,10,155
1,it,I,10,1
1,it,I,1,1
74,the N,F,1,8
1,a N,I,6,151
1,a N,I,10,156
1,the N,I,6,156
1,the N,I,10,140
1,another N,I,10,147
1,this N,I,2,146
1,this N,I,2,139
1,a N,I,10,139
1,a N,I,10,1
1,that,I,1,1
1,this N,I,2,138
1,it,A,1,2
2,that N,I,5,135
1,it,I,1,3
1,a N,I,10,123
1,that,I,1,1
1,this N,I,2,141
1,a N,I,10,130
1,a N,I,10,138
1,that N,I,4,131
74,the N,F,1,137
1,a N,I,10,132
1,that N,I,6,129
1,it,I,4,1
74,the N,F,1,4
74,the N,F,1,4
1,a N,I,10,126
2,this,A,2,3
1,it,I,1,2
2,another N,I,10,135
1,it,I,1,0
1,a N,I,10,129
1,a N,I,10,1
2,a N,I,10,136
1,the N,I,1,2
1,it,I,4,1
1,that,I,1,3
1,a N,I,10,141
1,that N,I,3,140
1,that N,I,6,140
1,it,I,6,1
1,this N,I,2,140
1,it,I,2,1
2,this N,I,2,5
1,the N,I,1,137
1,that N,A,1,1
1,that N,I,3,135
1,it,I,1,1
1,that,I,1,1
1,a N,I,3,141
1,it,I,1,1
1,that,I,3,133
74,the N,F,1,2
1,the N,I,1,141
74,the N,F,1,18
1,it,I,1,2
1,this N,I,2,127
1,it,I,1,1
1,that,I,1,1
74,the N,F,1,4
74,the N,F,1,147
1,this N,I,2,144
1,that,I,4,1
1,the N,I,1,143
1,the N,I,2,1
1,the N,I,3,0
1,the N,A,1,2
1,the N,A,1,1
1,that N,I,5,149
1,the N,I,3,296
1,a N,I,1,95
1,the N,I,10,1
1,it,I,10,1
1,it,I,10,1
1,it,I,1,1
1,a N,I,1,292
1,the N,A,3,2
1,a N,I,3,136
1,a N,I,3,149
78,the N,F,1,3
1,the N,I,10,149
1,that,I,1,1
78,the N,F,1,5
1,the N,I,1,146
1,another N,I,3,149
1,it,I,1,1
1,a N,I,3,150
1,the N,I,1,149
78,the N,F,1,3
1,another N,I,10,121
2,the N,A,1,2
1,another N,I,10,141
2,the N,A,1,2
1,it,I,10,2
1,that N,I,10,1
1,it,I,10,1
1,it,I,1,1
78,the N,F,1,5
1,another N,I,10,141
78,the N,F,1,10
1,another N,I,10,2
1,it,I,10,1
1,that N,I,10,1
1,a N,I,4,144
78,the N,F,1,8
1,it,I,1,2
2,the N,A,1,2
1,a N,I,10,147
1,a N,I,4,147
78,this N,F,1,8
1,the N,I,6,289
78,the N,F,1,4
1,the N,A,1,148
1,the N,I,1,135
1,this N,I,4,141
78,the N,F,1,19
1,another N,I,10,140
1,that N,I,10,1
1,that,I,1,1
1,it,I,1,1
1,a N,I,6,138
1,it,I,1,1
78,the N,F,1,3
1,the N,I,1,2
1,a N,I,2,147
1,the N,I,10,136
78,this N,F,1,2
1,the N,I,10,2
1,that,A,10,2
1,this,I,10,2
1,a N,I,6,145
78,the N,F,1,17
1,the N,I,1,2
1,a N,I,5,145
1,another N,I,10,300
1,a N,I,10,145
1,that,I,10,1
1,that,I,10,1
78,the N,F,1,9
1,that,I,1,2
1,a N,I,5,149
1,it,I,1,1
1,a N,I,6,1
1,that,I,1,1
1,a N,I,10,152
1,it,I,10,1
1,a N,I,2,153
78,the N,F,1,14
1,it,I,2,2
1,that,I,1,1
1,that,I,1,156
1,a N,I,10,305
1,a N,I,10,157
1,a N,I,10,2
1,the N,I,10,2
1,the N,I,1,2
78,the N,F,1,7
1,the N,I,1,2
2,the N,I,1,4
1,that N,I,10,1
1,that,I,10,1
78,the N,F,1,4
1,a N,I,10,309
78,that N,F,3,19
1,that N,I,10,2
1,that,I,1,1
1,a N,I,10,170
1,a N,I,10,1
1,that,I,10,1
1,a N,I,10,1
1,that,I,1,1
1,a N,I,2,174
1,that,I,1,1
1,that,I,1,1
1,a N,I,5,171
1,it,I,1,1
1,the N,I,1,1
1,a N,I,10,172
78,the N,F,1,8
1,that N,I,10,2
1,that,I,1,1
1,that N,I,1,1
1,a N,I,4,175
1,a N,I,2,175
1,the N,A,1,2
1,the N,I,1,2
1,another N,I,10,0
78,the N,F,1,9
1,a N,I,10,2
1,that,I,1,1
1,the N,I,10,181
78,the N,F,1,7
1,that,I,1,2
1,another N,I,10,183
78,the N,F,1,9
1,that N,I,10,2
78,this N,F,1,1
1,another N,I,10,321
1,it,I,1,1
1,this N,I,2,321
1,this N,I,4,189
1,the N,I,4,1
1,that,I,1,1
78,the N,F,1,4
1,a N,I,10,187
1,that,I,10,1
1,it,I,1,186
1,it,I,1,1
78,the N,F,1,12
78,the N,F,1,15
78,this N,F,1,19
1,a N,I,10,190
78,this N,F,1,4
78,the N,F,1,4
1,that N,I,10,3
1,a N,I,10,169
1,the N,I,10,1
1,that N,I,10,1
1,it,I,2,1
1,that,I,1,1
2,the N,I,1,191
1,a N,I,10,186
1,that N,I,10,1
1,that,I,1,1
1,the N,I,10,192
1,a N,I,10,1
1,a N,I,6,187
1,it,I,1,1
78,the N,F,1,15
1,the N,I,1,2
1,that,I,1,1
1,a N,I,2,188
1,the N,I,4,190
1,it,I,1,1
78,the N,F,1,9
1,a N,I,2,185
1,it,I,1,1
1,it,I,1,1
1,a N,I,10,187
1,a N,I,10,1
1,that,I,1,1
78,the N,F,1,8
1,it,I,1,2
78,the N,F,1,13
2,a N,I,10,191
2,a N,I,10,1
1,the N,I,1,197
78,the N,F,1,5
78,the N,F,1,14
1,that,I,1,3
1,the N,I,4,192
1,the N,I,4,195
78,the N,F,4,5
1,that,A,4,2
1,another N,I,10,195
1,another N,I,10,0
1,the N,I,1,1
78,the N,F,1,3
1,a N,I,2,345
78,the N,F,1,16
1,a N,I,10,346
1,the N,I,4,1
78,the N,F,1,0
1,a N,I,4,2
78,the N,F,1,8
1,the N,I,4,2
1,it,I,1,1
1,that N,I,6,207
1,this N,I,2,192
1,it,I,1,1
74,the N,F,1,3
1,the N,I,6,199
1,it,I,1,1
1,a N,I,2,194
1,that N,I,1,1
1,that N,I,1,1
1,that N,I,1,1
74,the N,F,1,5
1,it,I,1,2
1,this N,I,2,204
1,that,I,1,1
1,it,I,1,1
1,it,I,1,1
1,it,I,1,1
1,it,I,1,1
1,the N,I,10,207
1,it,I,1,1
74,the N,F,1,17
1,another N,I,10,208
1,a N,I,10,207
1,the N,I,1,1
74,the N,F,1,8
1,the N,I,4,4
1,this N,I,2,210
1,a N,I,10,199
1,that N,I,1,1
74,the N,F,1,5
1,a N,I,10,195
74,that N,F,1,11
1,that,I,1,2
2,the N,A,1,2
1,the N,I,4,200
1,a N,I,10,194
1,that N,I,4,198
1,that,I,1,1
1,a N,I,5,196
1,that,I,1,1
1,this N,I,2,200
1,it,I,1,1
74,this N,F,1,13
1,it,I,1,2
2,the N,A,1,2
1,it,I,1,2
1,it,I,1,1
1,the N,I,1,195
1,that N,I,6,195
1,a N,I,10,1
1,the N,I,1,1
1,the N,I,1,1
1,the N,I,10,339
1,that N,I,4,186
1,that N,I,6,162
1,a N,I,10,171
1,a N,I,10,171
74,the N,F,1,8
1,the N,A,1,180
1,that,I,1,3
74,the N,F,1,198
74,the N,F,1,4
1,a N,I,10,147
1,a N,I,10,162
1,a N,I,6,160
1,the N,I,1,2
1,the N,I,1,157
1,the N,I,1,335
1,a N,I,10,130
1,that,I,1,1
1,a N,I,3,129
1,a N,I,3,154
1,a N,I,10,473
1,that,I,1,1
1,a N,I,10,154
1,that,I,1,1
1,the N,I,3,136
1,that,I,1,1
1,the N,A,1,1
1,a N,I,10,153
74,the N,F,3,7
1,a N,I,10,150
1,that N,I,1,3
74,the N,F,1,3
1,the N,I,1,3
1,another N,I,10,155
1,a N,I,10,153
1,the N,I,1,2
1,the N,I,1,2
74,the N,F,1,6
1,a N,I,10,155
1,that,I,1,1
1,that N,I,6,342
1,that,I,1,1
74,the N,F,1,3
1,the N,I,3,138
1,that,I,1,1
1,it,I,1,1
1,a N,I,10,343
1,the N,I,1,152
1,a N,I,3,152
1,the N,I,6,150
1,it,I,1,1
1,it,I,1,1
1,a N,I,10,151
74,the N,F,1,2
1,the N,I,1,2
1,that N,I,3,345
1,that,I,1,1
1,it,I,1,1
1,a N,I,10,133
1,that,I,1,1
1,it,I,1,1
74,this N,F,1,4
74,the N,F,1,2
1,it,I,1,127
74,the N,F,1,10
1,a N,I,10,151
1,that,I,1,1
1,this N,I,2,139
1,a N,I,10,143
1,a N,I,10,148
1,the N,I,1,1
1,the N,I,1,3
1,it,I,1,1
1,a N,I,2,147
1,that,I,1,1
1,a N,I,10,146
1,that,I,1,1
74,the N,F,1,3
74,the N,F,1,12
1,the N,I,2,116
1,it,I,1,1
1,the N,I,2,136
1,it,I,1,1
74,the N,F,1,3
1,the N,I,6,131
1,the N,A,1,3
1,another N,I,10,2
1,it,I,1,1
1,it,I,1,1
1,it,I,1,1
1,the N,I,1,1
1,the N,I,1,1
1,the N,I,2,138
1,it,I,1,1
1,the N,I,10,106
1,it,I,10,1
1,that,I,1,1
74,the N,F,1,4
1,it,I,1,2
1,it,I,1,1
74,the N,F,1,9
1,the N,I,4,139
1,it,I,1,1
74,the N,F,1,6
1,it,I,1,2
1,the N,I,2,128
1,it,I,1,1
74,the N,F,1,4
1,another N,I,10,2
1,it,I,1,1
74,the N,F,1,11
1,the N,I,2,142
1,it,I,1,1
74,the N,F,1,4
1,the N,I,4,147
1,it,I,1,1
74,the N,F,1,3
1,a N,I,10,147
1,another N,I,10,1
1,it,I,1,1
74,the N,F,1,13
1,it,I,1,2
1,a N,I,10,150
74,the N,F,1,7
1,it,I,1,2
2,the N,A,1,2
1,a N,I,3,150
1,another N,I,3,344
1,it,I,1,1
1,a N,I,10,151
1,the N,I,10,1
1,the N,I,1,1
74,the N,F,1,4
1,the N,I,4,154
1,it,I,1,1
1,the N,I,6,154
1,a N,I,10,153
1,it,I,1,1
1,a N,I,3,148
1,it,I,1,1
74,the N,F,1,16
1,a N,I,3,501
1,a N,I,1,355
1,another N,I,3,338
1,it,I,1,1
74,the N,F,1,6
1,a N,I,10,155
1,the N,I,1,1
74,the N,F,1,7
1,a N,I,3,146
1,the N,I,1,348
74,the N,F,1,9
1,a N,I,10,156
1,that,I,1,1
74,the N,F,1,10
1,the N,I,5,158
1,it,I,1,1
74,the N,F,1,4
1,the N,I,6,352
1,another N,I,10,161
1,that,I,1,1
74,the N,F,1,3
1,another N,I,10,156
1,the N,I,1,1
74,the N,F,1,15
1,a N,I,10,166
1,the N,I,1,1
1,this N,I,2,350
1,that,I,1,1
74,the N,F,1,9
1,it,I,1,2
1,a N,I,10,171
1,the N,I,1,1
74,the N,F,1,172
1,this N,I,2,166
1,that,I,1,1
74,the N,F,1,13
74,the N,F,1,5
1,this N,I,4,173
1,that,I,1,1
74,the N,F,1,11
1,the N,I,4,174
1,that,I,1,1
74,the N,F,1,4
1,another N,I,10,349
74,the N,F,5,10
1,that,I,1,2
1,this N,I,2,347
1,that,I,1,1
1,it,I,1,1
1,the N,I,2,181
1,it,I,1,1
74,the N,F,1,10
1,this N,I,2,181
1,that,I,1,1
74,the N,F,1,9
1,a N,I,10,185
1,that,I,1,1
1,another N,I,3,185
1,it,I,1,1
1,this N,I,2,186
1,it,I,1,1
74,the N,F,1,10
1,another N,I,4,187
1,it,I,1,1
74,the N,F,1,22
1,another N,I,10,189
1,the N,I,3,189
1,it,I,1,1
74,the N,F,1,12
1,the N,I,6,174
1,it,I,1,1
1,a N,I,10,190
1,that,I,1,1
1,another N,I,10,189
1,that,I,1,1
74,the N,F,1,22
1,a N,I,10,523
1,the N,I,1,1
1,a N,I,10,190
1,the N,A,1,2
1,the N,I,5,190
1,it,I,1,1
74,the N,F,1,3
1,another N,I,10,2
1,that,I,1,1
1,a N,I,2,192
1,this N,I,6,192
1,it,I,1,1
74,the N,F,1,18
1,a N,I,10,540
1,that,I,1,1
74,the N,F,1,6
1,this N,I,3,192
1,the N,I,6,194
1,it,I,1,1
1,the N,I,2,192
1,it,I,1,1
74,the N,F,1,3
1,a N,I,10,194
1,the N,I,1,1
74,the N,F,1,8
74,the N,F,1,4
1,a N,I,10,197
1,the N,I,1,1
74,the N,F,1,5
1,this N,I,2,199
74,the N,F,1,5
1,a N,I,10,196
1,the N,I,1,1
74,the N,F,1,4
1,this N,I,2,188
1,it,I,1,1
1,this N,I,2,193
1,it,I,1,1
74,the N,F,1,3
1,another N,I,10,195
74,the N,F,1,8
1,another N,I,10,351
74,the N,F,1,15
1,a N,I,10,182
1,the N,I,1,1
74,the N,F,1,7
1,the N,I,1,196
74,that N,F,1,192
1,a N,I,10,195
74,the N,F,1,12
1,it,I,1,2
74,the N,F,1,31
1,another N,I,10,192
1,that,I,1,1
1,it,I,1,1
74,the N,F,1,355
1,another N,I,10,197
1,that N,I,4,341
1,it,I,1,1
74,the N,F,1,18
1,a N,I,10,193
1,that,I,1,1
1,the N,I,6,180
1,it,I,1,1
1,the N,I,2,162
1,it,I,1,1
1,the N,I,2,174
1,this N,I,2,181
1,the N,I,4,161
1,the N,I,2,175
1,another N,I,10,173
1,it,I,1,1
1,the N,I,6,169
1,a N,I,6,1
1,the N,I,6,1
1,it,I,1,1
1,it,I,1,1
1,it,I,1,1
87,the N,F,1,17
1,that,I,10,157
1,the N,I,1,172
87,the N,F,1,4
1,the N,I,4,2
1,this N,I,4,169
1,it,I,1,1
1,it,I,1,1
1,a N,I,10,170
1,the N,I,1,1
87,the N,F,1,25
1,the N,I,4,172
1,that N,I,6,171
87,the N,F,1,3
1,a N,I,10,163
1,a N,I,10,161
1,a N,I,10,159
1,the N,I,4,1
2,the N,I,4,4
1,the N,I,4,4
1,a N,I,6,170
1,the N,I,3,1
1,another N,I,3,155
87,the N,F,3,5
1,another N,I,3,171
1,another N,I,10,165
1,it,I,1,167
87,the N,F,1,6
1,another N,I,10,164
1,that,I,1,1
87,the N,F,1,5
1,the N,I,6,148
1,the N,A,1,3
1,a N,I,10,154
1,a N,I,2,165
1,the N,I,2,162
1,the N,I,10,156
2,the N,I,10,161
3,a N,I,1,150
2,a N,I,1,2
2,a N,I,1,5
1,a N,I,1,133
87,this N,F,1,15
1,this N,I,3,138
1,a N,I,10,146
1,the N,I,10,153
2,the N,I,10,152
1,a N,I,10,128
1,a N,I,10,136
1,a N,I,10,147
1,a N,I,10,146
1,this N,I,4,144
1,this N,I,4,1
1,a N,I,1,144
1,the N,I,4,143
1,it,I,1,1
1,the N,I,1,124
1,the N,I,3,141
87,the N,F,1,9
1,this N,I,2,141
87,the N,F,1,3
1,a N,I,3,139
87,the N,F,1,4
1,the N,A,1,2
1,the N,I,3,136
1,that,I,3,1
1,the N,I,2,136
1,the N,A,1,2
1,another N,I,10,135
1,it,I,10,1
87,the N,F,1,10
1,this N,I,2,123
1,that N,I,6,103
1,the N,I,6,127
87,the N,F,1,4
1,it,I,1,2
1,the N,I,5,116
1,another N,I,10,126
1,another N,I,10,120
1,a N,I,10,116
1,a N,I,10,113
1,a N,I,10,124
1,a N,I,10,105
1,a N,I,10,110
1,another N,I,10,122
1,it,I,1,121
2,a N,I,4,119
1,it,I,1,1
2,a N,I,4,117
2,a N,I,4,1
2,a N,I,4,117
1,that,I,1,2
2,a N,I,4,2
1,a N,I,4,118
1,the N,A,1,3
87,the N,F,1,10
1,that,I,1,3
2,a N,I,4,457
1,another N,I,4,464
87,the N,F,1,16
87,the N,F,1,5
2,a N,I,4,463
1,that,I,1,811
87,the N,F,1,2
1,it,I,1,2
87,the N,F,1,8
1,the N,I,4,811
1,the N,I,4,0
87,the N,F,1,466
1,a N,I,4,0
87,the N,F,1,4
1,the N,I,4,0
1,it,I,4,1
1,a N,I,1,0
1,another N,I,4,0
1,a N,I,3,138
1,that,I,1,1
1,the N,I,3,121
1,that N,I,1,112
143,the N,F,1,3
1,the N,I,6,137
1,the N,I,1,1
1,the N,I,2,1
1,that N,I,1,1
1,the N,I,10,140
1,that N,I,10,1
1,this N,I,4,1
1,a N,I,1,143
143,the N,F,1,6
1,a N,I,2,144
1,this N,I,2,1
1,that N,I,1,1
143,the N,F,1,4
1,a N,I,10,147
1,a N,I,10,1
1,that N,I,10,1
1,this N,I,10,1
1,that,I,1,1
1,that N,I,1,150
1,the N,I,1,1
1,the N,I,1,1
1,the N,I,1,1
1,this N,I,1,144
143,the N,F,1,25
143,the N,F,1,1
1,the N,I,1,149
1,the N,I,1,147
1,the N,I,1,145
143,the N,F,1,4
2,that N,I,1,319
1,the N,I,1,146
1,the N,I,1,142
1,the N,I,1,145
1,the N,I,4,145
1,that N,I,1,135
143,that N,F,1,14
1,this N,I,4,141
1,it,I,1,1
1,it,I,1,1
1,it,I,1,1
1,it,I,1,1
143,the N,F,1,6
1,the N,I,1,124
1,this N,I,1,145
2,that N,I,1,144
1,it,I,1,1
1,it,I,1,1
1,a N,I,10,141
143,this N,F,1,6
143,the N,F,1,1
1,a N,I,10,1
1,a N,I,10,150
1,a N,I,10,145
1,it,I,10,1
1,that N,I,4,1
2,the N,I,4,5
2,the N,A,1,2
1,the N,I,4,151
1,a N,I,6,150
2,the N,I,6,150
1,a N,I,10,144
1,this N,I,1,1
1,this N,I,1,143
1,that N,I,6,142
1,another N,I,10,142
1,this N,I,1,115
1,the N,I,1,1
1,this N,I,5,143
143,the N,F,1,156
1,a N,I,10,143
1,a N,I,2,143
1,a N,I,6,142
1,the N,I,10,1
143,that N,F,1,3
1,a N,I,10,142
1,another N,I,10,2
1,another N,I,10,137
1,a N,I,10,137
2,the N,I,10,136
143,that,F,1,143
1,it,A,1,2
1,the N,I,3,134
1,a N,I,10,134
1,another N,I,10,134
1,the N,I,10,1
1,the N,I,10,135
1,a N,I,10,135
1,the N,I,10,135
143,that N,F,1,3
1,a N,I,10,136
2,a N,I,10,136
1,this N,I,4,2
1,the N,I,3,121
1,a N,I,10,137
1,a N,I,10,1
1,this N,I,2,123
1,the N,I,4,137
1,a N,I,1,133
1,the N,I,1,132
1,a N,I,10,131
1,a N,I,10,123
2,a N,I,3,131
1,the N,I,10,127
1,a N,I,10,123
2,the N,I,10,128
1,a N,I,10,941
1,the N,I,3,941
1,it,I,1,1
1,it,I,1,1
1,the N,I,3,127
143,the N,F,3,7
1,the N,I,3,132
1,this N,I,2,131
1,the N,I,3,129
143,the N,F,1,5
1,that,I,1,129
2,a N,I,10,0
1,a N,I,10,0
1,a N,I,10,1
1,a N,I,10,0
1,a N,I,10,0
1,it,I,10,1
1,that,I,10,1
1,it,I,10,1
1,a N,I,10,0
1,a N,I,10,0
1,the N,I,4,0
1,it,I,1,1
143,the N,F,1,5
1,this N,I,2,0
1,this N,I,4,0
2,the N,I,4,0
1,it,I,1,2
1,this N,I,5,0
1,this N,I,2,0
1,it,I,2,1
1,it,I,1,1
1,it,I,1,1
1,this,I,3,1
1,that,I,1,1
1,it,I,1,1
1,a N,I,10,0
1,a N,I,10,0
1,the N,I,10,0
1,this N,I,2,0
1,it,A,1,2
1,a N,I,3,0
143,this N,F,1,7
1,that N,I,4,0
143,the N,F,1,13
1,the N,I,3,0
1,a N,I,10,0
2,a N,I,10,0
1,it,I,10,2
1,it,I,1,2
143,the N,F,1,10
1,a N,I,10,0
1,a N,I,10,0
1,a N,I,10,0
1,a N,I,10,0
1,this N,I,2,0
1,the N,I,1,0
143,this N,F,1,8
2,the N,I,1,0
143,the N,F,1,2
143,the N,F,1,2
1,the N,I,10,0
1,a N,I,10,0
1,a N,I,10,1
1,another N,I,10,0
1,the N,I,10,0
1,a N,I,3,1
1,that,I,1,1
1,it,I,1,1
1,the N,I,3,0
1,the N,I,3,1
1,it,I,3,0
1,this N,I,1,0
1,the N,I,3,0
1,the N,I,3,0
1,it,I,1,1
143,the N,F,1,16
1,that,I,3,0
143,the N,F,1,3
1,the N,I,3,0
1,it,I,1,1
1,it,I,1,1
1,this N,I,3,0
1,the N,I,3,0
143,the N,F,1,6
1,the N,I,3,170
1,it,I,1,1
1,it,I,1,1
1,a N,I,3,205
1,it,I,3,1
1,a N,I,3,206
1,it,I,1,1
73,the N,F,1,5
1,this N,I,2,194
1,it,I,1,1
73,the N,F,1,4
1,this N,I,6,203
1,it,I,1,1
73,the N,F,1,3
1,it,I,1,2
1,a N,I,10,206
1,it,I,10,1
1,a N,I,10,1
1,that,I,10,1
1,it,I,1,1
73,this N,F,1,6
73,the N,F,1,8
1,the N,I,6,209
1,the N,A,1,4
1,this N,I,10,205
1,it,I,1,1
1,it,I,1,1
73,the N,F,1,6
73,the N,F,1,21
1,it,I,1,1
1,this N,I,2,207
1,it,I,1,1
73,the N,F,1,5
1,it,I,1,2
73,the N,F,1,15
1,this N,I,10,209
1,it,I,1,1
73,the N,F,1,15
1,this N,I,4,211
1,it,I,1,1
1,the N,I,1,1
1,it,I,1,1
1,this N,I,4,214
1,it,I,1,1
73,this N,F,1,15
1,this N,I,5,215
1,it,I,1,1
73,the N,F,1,11
1,another N,I,10,217
1,the N,I,1,1
73,the N,F,1,4
1,this N,I,4,219
1,it,I,1,1
73,the N,F,1,4
1,a N,I,10,221
1,this N,I,2,221
1,it,I,1,1
73,this N,F,1,23
1,this N,I,10,223
1,it,I,1,1
73,the N,F,1,8
1,this N,I,3,220
1,it,I,1,1
1,this N,I,4,369
1,it,I,1,1
1,this N,I,2,215
1,it,I,1,1
1,that N,I,5,1
1,it,I,1,1
1,this N,I,2,225
1,it,I,1,1
1,a N,I,10,224
1,it,I,1,1
1,a N,I,10,216
1,it,I,1,1
73,the N,F,1,3
1,this N,I,6,223
1,it,I,1,1
73,the N,F,1,4
1,that N,I,5,221
1,it,I,1,1
1,the N,I,4,222
1,the N,A,1,2
1,it,I,1,2
1,this N,I,2,224
1,it,I,1,1
73,the N,F,1,3
1,this N,I,6,226
1,it,I,1,1
1,this N,I,1,372
1,it,I,1,1
73,the N,F,1,3
1,that N,I,2,379
1,it,I,1,1
73,the N,F,1,3
73,the N,F,1,10
1,this N,I,2,380
1,it,I,1,1
73,the N,F,1,3
1,this N,I,4,228
1,it,I,1,1
1,the N,I,1,239
1,it,I,1,1
1,another N,I,10,383
1,that,I,1,1
1,that N,I,10,240
1,it,I,1,1
1,the N,I,5,385
1,it,I,1,1
1,the N,I,4,244
1,it,I,1,1
73,the N,F,1,3
1,this N,I,10,246
1,it,I,1,1
1,it,I,1,1
73,the N,F,1,3
1,the N,I,6,248
1,that,I,1,1
73,the N,F,1,4
1,a N,I,2,249
1,it,I,1,1
1,this N,I,2,247
1,it,I,1,1
1,a N,I,10,250
1,it,I,1,1
73,the N,F,1,3
1,a N,I,10,395
1,it,I,1,1
1,a N,I,10,253
1,it,I,1,1
73,the N,F,1,6
1,this N,I,4,255
1,it,I,1,1
73,the N,F,1,4
73,the N,F,1,2
73,the N,F,1,2
1,a N,I,10,258
1,it,I,1,1
73,the N,F,1,3
1,this N,I,2,256
1,it,I,1,1
73,the N,F,1,4
73,the N,F,1,4
1,the N,I,6,3
1,the N,I,1,264
1,the N,I,1,403
1,a N,I,10,265
1,it,I,1,1
1,the N,I,4,266
1,this N,I,2,401
1,it,I,1,1
73,the N,F,1,3
1,another N,I,10,266
1,it,I,1,1
73,the N,F,1,4
73,the N,F,1,4
1,this N,I,6,271
1,it,I,1,1
1,it,I,1,1
1,this N,I,3,272
1,it,I,1,1
1,this N,I,3,273
1,it,I,1,1
73,the N,F,1,3
73,the N,F,1,11
1,this N,I,2,275
1,it,I,1,1
73,the N,F,1,5
1,this N,I,2,274
1,it,I,1,1
73,the N,F,1,7
1,this N,I,2,279
1,it,I,1,1
73,the N,F,1,7
73,the N,F,1,5
1,it,I,1,3
1,the N,I,6,283
1,this N,I,2,737
1,it,I,1,1
73,the N,F,1,5
1,this N,I,4,283
1,it,I,1,1
73,the N,F,1,4
1,this N,I,5,287
1,it,I,1,1
73,the N,F,1,27
73,the N,F,1,7
1,the N,I,10,289
1,this N,I,5,288
1,it,I,1,1
73,the N,F,1,17
73,the N,F,1,27
73,the N,F,1,1
1,the N,I,1,292
1,another N,I,10,292
1,it,I,1,1
1,a N,I,10,292
1,it,I,1,1
1,a N,I,10,295
1,that N,I,6,198
1,another N,I,10,176
1,the N,I,10,1
1,this N,I,1,149
1,it,I,1,1
1,it,I,1,1
1,this N,I,2,172
1,that,I,1,1
1,the N,I,2,190
1,that,I,2,1
1,a N,I,2,189
1,it,I,1,1
1,the N,I,1,173
1,the N,I,1,185
1,the N,I,1,172
1,this N,I,1,179
118,the N,F,1,178
1,a N,I,2,172
1,that N,I,2,1
1,that,I,1,1
118,that N,F,1,5
1,the N,I,10,172
1,that,I,1,1
1,a N,I,10,169
1,a N,I,10,167
1,the N,I,1,2
1,the N,I,4,1
1,it,I,1,1
1,the N,I,1,169
1,the N,A,1,2
1,it,I,1,2
1,a N,I,10,166
2,a N,I,10,162
1,the N,I,1,160
1,the N,I,1,162
1,the N,I,1,154
1,the N,I,1,143
1,that N,I,4,148
1,it,I,1,1
1,that N,I,4,154
1,a N,I,3,148
1,the N,I,1,146
1,that N,I,1,145
1,the N,I,1,144
1,this,I,2,385
1,the N,I,1,143
1,the N,I,1,140
1,the N,I,1,1
1,the N,I,1,136
2,the N,I,1,134
1,that N,I,1,136
1,the N,I,10,129
1,that N,I,6,128
1,the N,I,3,377
118,the N,F,3,2
1,the N,I,3,117
118,the N,F,3,117
118,the N,F,1,2
1,another N,I,5,116
118,the N,F,1,107
1,that,I,1,109
2,that N,I,1,72
1,the N,I,1,1
118,the N,F,1,122
1,that N,I,1,82
1,the N,I,1,98
1,the N,I,1,1
118,the N,F,1,4
2,the N,I,1,1
1,that,I,1,1
1,the N,I,1,6
1,the N,I,1,101
118,the N,F,1,6
1,a N,I,10,97
1,that,I,1,1
1,that N,I,2,100
2,the N,I,5,98
2,the N,I,1,96
1,the N,I,1,2
2,it,I,1,2
1,the N,I,10,97
1,that N,I,10,1
1,it,I,1,1
1,that N,I,10,96
1,that N,I,10,1
1,it,I,1,1
118,the N,F,1,15
1,this N,I,2,98
1,it,I,1,1
118,the N,F,1,3
118,the N,F,1,2
118,the N,F,1,9
1,a N,I,10,392
1,the N,I,1,1
1,the N,I,1,1
1,that N,I,6,394
1,that N,I,2,387
1,a N,I,10,394
1,the N,I,10,1
1,the N,I,10,1
2,the N,I,10,394
1,the N,I,10,1
1,that N,I,4,1
1,the N,I,4,391
1,the N,I,4,1
1,a N,I,10,396
1,another N,I,10,396
1,the N,I,4,396
1,the N,I,4,525
1,it,I,1,1
1,it,I,1,1
118,the N,F,1,4
1,it,A,1,2
1,the N,I,4,399
1,the N,I,4,398
1,it,I,1,1
1,it,I,1,1
1,a N,I,10,400
1,a N,I,3,392
1,this N,I,2,397
1,that N,I,6,397
1,this N,I,2,396
1,the N,I,1,395
1,the N,I,4,0
1,the N,A,4,2
1,it,I,1,2
1,the N,I,4,396
1,it,I,1,1
1,it,I,1,1
1,the N,I,4,400
1,this N,I,2,399
1,it,I,1,1
118,the N,F,1,7
1,it,I,1,2
1,that N,I,6,386
1,it,I,1,1
118,this N,F,1,3
118,the N,F,1,8
118,the N,F,1,20
1,a N,I,10,393
2,a N,I,10,400
1,the N,I,1,2
1,the N,I,1,1
1,the N,I,2,3
118,the N,F,1,9
1,the N,I,3,404
2,the N,A,1,2
1,the N,I,3,404
118,the N,F,1,6
1,the N,I,1,404
1,it,I,1,1
118,the N,F,1,6
1,the N,I,5,405
1,it,I,1,1
118,the N,F,1,7
1,this,I,1,2
2,a N,I,10,404
3,a N,I,10,394
4,a N,I,10,403
1,the N,I,1,403
1,the N,I,1,1
1,it,I,1,1
1,the N,I,1,405
1,that,I,1,0
2,the N,I,1,406
1,the N,I,1,0
1,the N,I,4,407
1,it,I,1,1
118,the N,F,1,14
1,a N,I,2,347
1,it,I,3,1
2,a N,I,6,180
1,it,I,1,2
82,it,F,1,2
1,another N,I,10,177
1,a N,I,1,176
1,a N,I,2,174
1,it,I,1,1
82,the N,F,1,3
1,it,I,1,2
1,the N,I,10,175
1,that,I,1,1
82,the N,F,1,3
1,that N,A,3,2
1,that N,A,10,1
1,this N,I,2,179
82,that N,F,1,2
1,the N,I,2,180
1,it,I,1,1
1,the N,A,1,4
1,a N,I,10,182
1,that,A,1,3
1,it,I,1,2
1,the N,A,1,2
1,that N,A,1,1
1,that N,I,3,181
1,that,I,1,1
2,a N,I,4,187
1,that,I,1,2
1,it,I,1,2
1,the N,I,4,187
1,the N,I,3,1
1,that N,I,3,360
2,the N,I,10,354
1,it,I,3,2
1,a N,I,10,2
1,that,I,1,1
82,the N,F,1,3
1,that,I,1,2
1,a N,I,10,364
1,the N,I,3,187
1,the N,A,1,2
1,that N,I,6,194
82,the N,F,1,197
1,the N,I,4,190
1,it,I,1,1
1,that N,I,4,359
1,that,I,3,1
1,that,I,3,1
2,a N,I,6,194
1,a N,I,10,193
1,the N,I,1,351
1,the N,A,1,194
1,this N,I,2,192
1,the N,A,1,195
1,it,I,1,2
1,a N,I,10,194
82,the N,F,1,5
1,the N,A,1,2
2,that N,I,6,348
1,it,I,1,2
1,that N,I,4,198
2,a N,I,10,198
1,the N,I,1,197
1,a N,I,10,197
2,the N,I,2,336
3,the N,I,10,197
1,a N,I,2,197
2,the N,I,1,4
1,the N,I,1,3
1,it,I,1,1
1,the N,I,1,4
1,the N,A,1,2
1,this N,I,2,202
1,it,I,1,1
2,that N,I,5,203
1,it,I,1,2
1,a N,I,10,338
1,that,I,1,1
1,a N,I,6,206
1,that,I,1,2
1,that,I,1,1
1,it,I,1,1
2,that N,I,1,1
2,a N,I,10,208
3,a N,I,10,207
1,the N,I,1,2
3,the N,A,1,2
3,the N,A,1,5
1,it,I,1,3
1,this N,I,2,337
1,the N,A,1,1
1,that,I,1,217
2,the N,I,1,214
1,another N,I,10,332
2,a N,I,10,210
1,the N,I,1,2
82,the N,F,1,6
1,a N,I,10,219
2,a N,I,10,219
1,the N,I,3,218
1,this N,I,2,217
1,that N,I,1,217
82,the N,F,1,26
1,the N,I,1,320
82,the N,F,1,12
1,the N,I,1,214
1,that N,I,3,214
1,it,I,1,1
1,this N,I,4,214
1,it,I,1,1
1,it,I,1,1
1,this N,I,2,200
1,that N,I,1,1
1,that N,I,6,217
1,it,I,1,1
1,it,I,3,1
1,the N,I,2,219
1,the N,A,1,2
1,a N,I,10,218
1,a N,I,10,218
2,the N,I,2,207
3,a N,I,10,214
3,that N,I,1,4
1,it,I,1,1
1,the N,I,1,5
82,the N,F,1,9
1,the N,I,1,214
1,the N,I,2,6
1,a N,I,3,315
2,another N,I,10,315
3,a N,I,5,609
1,a N,I,10,217
3,the N,I,10,214
1,the N,I,3,214
1,it,I,1,1
1,the N,I,1,3
1,it,I,1,1
1,the N,I,3,216
1,that,I,1,1
2,the N,I,1,8
2,it,I,1,2
2,it,I,1,2
2,a N,I,10,216
1,the N,I,1,220
82,the N,F,1,17
1,the N,I,1,217
82,the N,F,1,21
1,the N,I,6,149
1,a N,I,10,153
1,that N,I,3,330
2,this N,I,1,153
1,that N,I,2,152
1,it,I,3,1
1,the N,I,3,1
1,the N,I,4,151
1,that N,I,6,148
1,it,I,1,1
1,that,I,1,1
1,that,I,1,1
2,the N,I,10,148
3,a N,I,10,146
1,the N,I,1,1
81,the N,F,1,4
1,the N,I,1,4
2,that,I,1,3
1,that N,I,6,146
1,it,I,1,1
1,this N,I,2,150
1,it,I,1,1
1,this N,I,2,146
1,it,I,1,1
1,a N,I,10,147
1,that N,A,1,2
2,a N,I,10,147
3,a N,I,10,142
1,that,I,1,142
81,the N,F,1,4
1,this N,I,2,139
1,it,I,1,1
81,the N,F,1,3
1,another N,I,10,144
2,a N,I,10,146
1,the N,I,1,145
1,the N,I,1,141
1,the N,A,1,2
1,a N,I,6,142
1,that N,I,6,336
81,the N,F,1,3
81,the N,F,1,5
1,that N,I,4,145
1,it,I,1,1
81,this N,F,1,6
2,a N,I,10,140
3,the N,I,10,144
81,this N,F,2,148
2,the N,I,1,1
1,a N,I,1,146
1,the N,I,3,1
1,the N,I,1,1
81,the N,F,3,4
1,that,I,1,2
1,another N,I,10,147
1,that,I,1,341
81,the N,F,1,3
1,that,I,1,2
1,that N,I,4,146
1,it,I,1,1
1,another N,I,10,143
1,it,I,1,1
81,the N,F,1,6
81,the N,F,1,4
1,this N,I,2,150
1,it,I,1,1
81,the N,F,1,12
1,this N,I,2,146
1,it,I,1,1
81,the N,F,1,4
2,this N,I,2,150
1,the N,I,6,146
1,it,I,1,1
1,it,I,1,1
1,the N,I,4,150
2,this N,I,3,138
1,that,I,1,1
2,the N,I,5,123
1,this N,I,2,480
1,it,I,1,1
81,the N,F,1,6
1,a N,I,10,140
2,a N,I,10,140
1,the N,I,3,138
1,the N,I,3,128
81,the N,F,1,139
81,this N,F,1,7
1,that N,I,6,358
81,the N,F,1,152
1,the N,A,1,5
1,it,I,1,3
1,it,I,1,1
1,this N,I,4,144
1,it,I,1,1
1,it,I,1,1
1,that N,I,6,146
1,it,I,1,1
81,the N,F,1,3
1,a N,I,10,148
2,a N,I,10,148
1,the N,I,3,2
2,the N,I,3,2
1,the N,I,1,1
81,the N,F,1,14
1,the N,I,1,4
81,the N,F,1,22
1,the N,I,1,2
2,a N,I,3,155
3,this N,I,4,155
1,the N,I,1,1
1,the N,I,5,155
1,a N,I,10,154
1,it,I,3,1
1,the N,I,3,1
2,this N,I,3,155
1,this N,I,2,153
1,it,I,1,1
1,it,I,1,1
2,the N,I,3,154
1,a N,I,3,150
81,this N,F,10,122
1,that,I,1,2
81,the N,F,1,147
1,that,I,4,2
81,the N,F,1,27
1,the N,I,3,149
81,this N,F,1,9
2,the N,A,1,3
1,the N,I,3,156
2,the N,I,3,133
1,it,I,1,2
1,the N,I,1,153
2,the N,I,2,152
1,it,I,1,1
1,the N,I,4,153
1,it,I,1,1
81,the N,F,1,18
2,the N,I,1,155
81,the N,F,1,13
1,the N,I,4,370
1,the N,I,2,1
81,the N,F,1,12
1,the N,I,1,2
2,the N,I,4,155
1,it,I,1,1
2,a N,I,10,153
1,the N,I,1,160
1,the N,I,3,2
1,it,I,1,1
,this N,F,1,155
