A temperatura da água tem um papel determinante na conduta dos peixes. Quando a água está muito fria, os peixes ficam inativos, e a mesma coisa acontece se a água está muito quente.
Além da Amazônia Verde, o Brasil também possui a Amazônia Azul! Com 7,4 mil quilômetros de costa, o Brasil tem, sob sua jurisdição, 3,5 milhões de Km² de espaço marítimo.
Além da Amazônia Verde, o Brasil também possui a Amazônia Azul! Sob as águas da Amazônia Azul estão imensas reservas de petróleo, gás e sal (dentre outros minerais), além de uma enorme variedade de organismos marinhos.
Na área da Amazônia Azul estão as reservas do pré-sal e dela se retira cerca de 85% do petróleo produzido no país. Via rotas marítimas são escoados mais de 95% do comércio exterior brasileiro e existem diversos recursos naturais.
O mar brasileiro, com 8,5 mil quilômetros de costa e 4,5 milhões de quilômetros quadrados de Zona Econômica Exclusiva (ZEE), representa quase a metade do território terrestre.
Através do mar passam hoje cerca de 95% de todo o comércio exterior nacional do Brasil. O mar responde também por 90% de todas as nossas reservas de petróleo e gás!
O Brasil contribuiu, em anos recentes, com pouco mais de 0,5% do total produzido no mundo pela pesca marítima, com uma produção próxima a 540 mil toneladas no ano de 2007.
