{
"NORMAL":
[
"A previsão do tempo hoje [em] [cidade] ([uf]) é de [tempo], com uma temperatura média de [temperatura]°C.",
    
"Hoje [em] [cidade] ([uf]) a previsão do tempo é de [tempo], com uma temperatura média de [temperatura]°C. O por do sol será às [horario_por_sol].",
    
"Hoje [em] [cidade] ([uf]) a previsão do tempo é de [tempo], com uma temperatura média de [temperatura]°C. O por do sol será às [horario_por_sol]",
    
"A previsão do tempo hoje [em] [cidade] ([uf]) é de [tempo], com uma temperatura média de [temperatura]°C.\nO por do sol será às [horario_por_sol]! [emoji_sol]",
    
"Hoje [em] [cidade] ([uf]) a previsão do tempo é de [tempo], com uma temperatura média de [temperatura]°C.\nA temperatura máxima prevista é de [temperatura_max]°C e a mínima de [temperatura_min]°C. O por do sol será às [horario_por_sol]. [emoji_sol]",
    
"A previsão do tempo hoje [em] [cidade] ([uf]) é de [tempo], com uma temperatura média de [temperatura]°C.\nA temperatura máxima prevista é de [temperatura_max]°C e a mínima de [temperatura_min]°C. O por do sol será às [horario_por_sol]. [emoji_sol]",
    
"[permuta]A previsão do tempo hoje é de [tempo] [em] [cidade] ([uf]), com uma temperatura média de [temperatura]°C.\nA [0]nebulosidade é de [nebulosidade]%[1]umidade é de [umidade]%[2]velocidade do vento é de [vento] km/h",
    
"[permuta]Hoje [em] [cidade] ([uf]) a previsão do tempo é de [tempo], com uma temperatura média de [temperatura]°C.\nA [0]nebulosidade é de [nebulosidade]%[1]umidade é de [umidade]%[2]velocidade do vento é de [vento] km/h",
 
"Hoje [em] [cidade] ([uf]) a previsão do tempo é de [tempo], com uma temperatura média de [temperatura]°C.\nO melhor horário para pescar é [melhor_horario_pesca]! [emoji_pesca]",
    
"Hoje [em] [cidade] ([uf]) a previsão do tempo é de [tempo], com uma temperatura média de [temperatura]°C.\nO melhor horário para pescar é [melhor_horario_pesca], mas por favor evite pesca predatória! [emoji_pesca]",
 
"Hoje [em] [cidade] ([uf]) a previsão do tempo é de [tempo], com uma temperatura média de [temperatura]°C.\n\n[texto_onda].",
    
"A previsão do tempo hoje [em] [cidade] ([uf]) é de [tempo], com uma temperatura média de [temperatura]°C.\n\n[texto_onda]."

],
    
    

"NORMAL_PESCA_INCORRETA":
[
"A previsão do tempo hoje [em] [cidade] ([uf]) é de [tempo], com uma temperatura média de [temperatura]°C.",
    
"Hoje [em] [cidade] ([uf]) a previsão do tempo é de [tempo], com uma temperatura média de [temperatura]°C. O por do sol será às [horario_por_sol].",
    
"Hoje [em] [cidade] ([uf]) a previsão do tempo é de [tempo], com uma temperatura média de [temperatura]°C. O por do sol será às [horario_por_sol]",
    
"A previsão do tempo hoje [em] [cidade] ([uf]) é de [tempo], com uma temperatura média de [temperatura]°C.\nO por do sol será às [horario_por_sol]! [emoji_sol]",
    
"Hoje [em] [cidade] ([uf]) a previsão do tempo é de [tempo], com uma temperatura média de [temperatura]°C.\nA temperatura máxima prevista é de [temperatura_max]°C e a mínima de [temperatura_min]°C. O por do sol será às [horario_por_sol]. [emoji_sol]",
    
"A previsão do tempo hoje [em] [cidade] ([uf]) é de [tempo], com uma temperatura média de [temperatura]°C.\nA temperatura máxima prevista é de [temperatura_max]°C e a mínima de [temperatura_min]°C. O por do sol será às [horario_por_sol]. [emoji_sol]",
    
"[permuta]A previsão do tempo hoje é de [tempo] [em] [cidade] ([uf]), com uma temperatura média de [temperatura]°C.\nA [0]nebulosidade é de [nebulosidade]%[1]umidade é de [umidade]%[2]velocidade do vento é de [vento] km/h",
    
"[permuta]Hoje [em] [cidade] ([uf]) a previsão do tempo é de [tempo], com uma temperatura média de [temperatura]°C.\nA [0]nebulosidade é de [nebulosidade]%[1]umidade é de [umidade]%[2]velocidade do vento é de [vento] km/h",
 
"Hoje [em] [cidade] ([uf]) a previsão do tempo é de [tempo], com uma temperatura média de [temperatura]°C.\n\n[texto_onda].",
    
"A previsão do tempo hoje [em] [cidade] ([uf]) é de [tempo], com uma temperatura média de [temperatura]°C.\n\n[texto_onda]."

],
    
    
"TEMP_IGUAIS":
[
"Hoje [em] [cidade] ([uf]) a previsão do tempo é de [tempo], com uma temperatura média de [temperatura]°C.\nAs temperaturas máxima e mínima previstas também são de [temperatura]°C. O por do sol será às [horario_por_sol]. [emoji_sol]",
    
"A previsão do tempo hoje [em] [cidade] ([uf]) é de [tempo], com uma temperatura média de [temperatura]°C.\nAs temperaturas máxima e mínima previstas também são de [temperatura]°C. O por do sol será às [horario_por_sol]. [emoji_sol]",
    
"Hoje [em] [cidade] ([uf]) a previsão do tempo é de [tempo], com uma temperatura média de [temperatura]°C.\nA nebulosidade é de [nebulosidade]%, a umidade de [umidade]% e a velocidade do vento de [vento] km/h.",
    
"Hoje [em] [cidade] ([uf]) a previsão do tempo é de [tempo], com uma temperatura média de [temperatura]°C.",
    
"A previsão do tempo é de [tempo] [em] [cidade] ([uf]), com uma temperatura média de [temperatura]°C."

],
  

"TEMPERATURA_ALTA_OUTLIER":
[
"Hoje [em] [cidade] ([uf]) a previsão do tempo é de [tempo], com uma temperatura média de [temperatura]°C.\nEssa é uma temperatura mais elevada do que o normal para essa cidade durante essa época do ano.",
    
"[permuta]Hoje [em] [cidade] ([uf]) a previsão do tempo é de [tempo], com uma temperatura média de [temperatura]°C.\nA [0]nebulosidade é de [nebulosidade]%[1]umidade é de [umidade]%[2]velocidade do vento é de [vento] km/h"

],
    
    
"TEMPERATURA_BAIXA_OUTLIER":
[
"Hoje [em] [cidade] ([uf]) a previsão do tempo é de [tempo], com uma temperatura média de [temperatura]°C.\nEssa é uma temperatura menor do que o normal para essa cidade durante essa época do ano.",
    
"A previsão do tempo é de [tempo] hoje [em] [cidade] ([uf]), com uma temperatura média de [temperatura]°C.\nEssa é uma temperatura menor do que o normal para a cidade durante essa época do ano.",
    
"[permuta]Hoje [em] [cidade] ([uf]) a previsão do tempo é de [tempo], com uma temperatura média de [temperatura]°C.\nA [0]nebulosidade é de [nebulosidade]%[1]umidade é de [umidade]%[2]velocidade do vento é de [vento] km/h",
  
"Hoje [em] [cidade] ([uf]) a previsão do tempo é de [tempo].\nHoje a temperatura de [temperatura]°C está muito menor do que o normal, portanto leve roupas de frio caso precise sair de casa!",
    
"Hoje [em] [cidade] ([uf]) a previsão do tempo é de [tempo], com uma temperatura média de [temperatura]°C.\nA nebulosidade é de [nebulosidade]%, a umidade de [umidade]% e a velocidade do vento de [vento] km/h.\nDesejamos a todos um ótimo dia!",
  
"Hoje [em] [cidade] ([uf]) a previsão do tempo é de [tempo].\nHoje a temperatura de [temperatura]°C está muito menor do que o normal, portanto leve roupas de frio caso precise sair de casa!"

],
    

"BOM_PESCAR":
[
"Hoje [em] [cidade] ([uf]) a previsão do tempo é de [tempo], com uma temperatura média de [temperatura]°C.\nA nebulosidade é de [nebulosidade]%, a umidade de [umidade]% e a velocidade do vento de [vento] km/h.",
    
"Hoje [em] [cidade] ([uf]) a previsão do tempo é de [tempo], com uma temperatura média de [temperatura]°C.\nHoje é um excelente dia para pescar! O melhor horário para pescar é [melhor_horario_pesca], mas por favor evite pesca predatória! [emoji_pesca]",

"Hoje [em] [cidade] ([uf]) a previsão do tempo é de [tempo], com uma temperatura média de [temperatura]°C.\nHoje é um excelente dia para pescar! O melhor horário para pescar é [melhor_horario_pesca], mas por favor evite pesca predatória! [emoji_pesca]",
    
"Hoje [em] [cidade] ([uf]) a previsão do tempo é de [tempo], com uma temperatura média de [temperatura]°C.\nHoje é um dia muito bom para pescar, e o melhor horário é [melhor_horario_pesca]! [emoji_pesca]",
   
"Hoje [em] [cidade] ([uf]) a previsão do tempo é de [tempo], com uma temperatura média de [temperatura]°C.\n\n[texto_onda]"

],

 
"MAR_NAO_ESTA_PARA_PEIXES":
[
"Hoje [em] [cidade] ([uf]) a previsão do tempo é de [tempo], com uma temperatura média de [temperatura]°C.\nA nebulosidade é de [nebulosidade]%, a umidade de [umidade]% e a velocidade do vento de [vento] km/h.",
    
"Hoje [em] [cidade] ([uf]) a previsão do tempo é de [tempo], com uma temperatura média de [temperatura]°C.\nCom uma altura de maré máxima de [altura_maior_onda]m e condições desfavoráveis para pescar, o mar hoje não está para peixes! [emoji_peixe]",
    
"Hoje [em] [cidade] ([uf]) a previsão do tempo é de [tempo], com uma temperatura média de [temperatura]°C.\nCom uma altura do mar máxima de aproximadamente [altura_maior_onda]m e condições desfavoráveis para pescar, o mar hoje não está para peixes! [emoji_peixe]",
    
"Hoje [em] [cidade] ([uf]) a previsão do tempo é de [tempo], com uma temperatura média de [temperatura]°C e altura máxima do mar de aproximadamente [altura_maior_onda]m. Hoje não é um bom dia para pescar! [emoji_peixe]"
],
    

"SOL_ULTRAVIOLETA":
[
"Hoje [em] [cidade] ([uf]) a previsão do tempo é de [tempo], com uma temperatura média de [temperatura]°C.\nA temperatura máxima prevista é de [temperatura_max]°C e a mínima de [temperatura_min]°C.",
    
"Hoje [em] [cidade] ([uf]) a previsão do tempo é de [tempo], com uma temperatura média de [temperatura]°C.\nA nebulosidade é de [nebulosidade]%, a umidade de [umidade]% e a velocidade do vento de [vento] km/h.",
    
"Hoje [em] [cidade] ([uf]) a previsão do tempo é de [tempo], com uma temperatura média de [temperatura]°C.\n\n[texto_onda].",

"Hoje [em] [cidade] ([uf]) a previsão do tempo é de [tempo], com uma temperatura média de [temperatura]°C.\nA temperatura máxima prevista é de [temperatura_max]°C e a mínima de [temperatura_min]°C.\nUtilize protetor solar durante o dia! [emoji_sombra]",
 
"Hoje [em] [cidade] ([uf]) a previsão do tempo é de [tempo], com uma temperatura média de [temperatura]°C.\nA temperatura máxima prevista é de [temperatura_max]°C e a mínima de [temperatura_min]°C.\nUtilize protetor se precisar sair de casa! [emoji_sombra]",
 
"Hoje [em] [cidade] ([uf]) a previsão do tempo é de [tempo], com uma temperatura média de [temperatura]°C.\nO índice ultravioleta hoje está elevado! \nUtilize protetor solar, camiseta e óculos de sol. [emoji_oculos_sol]"
],
 

"UMIDADE_ALTA":
[
"Hoje [em] [cidade] ([uf]) a previsão do tempo é de [tempo], com uma temperatura média de [temperatura]°C.\nA nebulosidade é de [nebulosidade]%, a umidade de [umidade]% e a velocidade do vento de [vento] km/h.",

"Hoje [em] [cidade] ([uf]) a previsão do tempo é de [tempo], com uma temperatura média de [temperatura]°C.\nA umidade hoje está mais elevada do que o normal ([umidade]%)."
],


"NEBULOSIDADE_ALTA":
[
"Hoje [em] [cidade] ([uf]) a previsão do tempo é de [tempo], com uma temperatura média de [temperatura]°C.\nA nebulosidade é de [nebulosidade]%, a umidade de [umidade]% e a velocidade do vento de [vento] km/h.",

"Hoje [em] [cidade] ([uf]) a previsão do tempo é de [tempo], com uma temperatura média de [temperatura]°C.\nAtenção! A nebulosidade do céu hoje está mais elevada do que o normal ([nebulosidade]%)."
],


"VENTO_ALTO":
[
"Hoje [em] [cidade] ([uf]) a previsão do tempo é de [tempo], com uma temperatura média de [temperatura]°C.\nA nebulosidade é de [nebulosidade]%, a umidade de [umidade]% e a velocidade do vento de [vento] km/h.",

"Hoje [em] [cidade] ([uf]) a previsão do tempo é de [tempo], com uma temperatura média de [temperatura]°C.\nA velocidade do vento hoje está mais elevada do que o normal ([vento] km/h)."
],

    
"TEMPERATURA_MAXIMA":
[
"Hoje [em] [cidade] ([uf]) a previsão do tempo é de [tempo], com uma temperatura média de [temperatura]°C.\nEssa é a maior temperatura registrada nessa cidade nos últimos [qtd_dias_temperatura_max] dias! [emoji_sombra] [emoji_grafico]",
    
"Hoje [em] [cidade] ([uf]) a previsão do tempo é de [tempo], com uma temperatura média de [temperatura]°C.\nEssa é a maior temperatura registrada nos últimos [qtd_dias_temperatura_max] dias. O indice ultravioleta hoje está elevado, utilize protetor solar se precisar sair de casa! [emoji_sombra] [emoji_grafico]"
],
    

"TEMPERATURA_MINIMA":
[
"Hoje [em] [cidade] ([uf]) a previsão do tempo é de [tempo], com uma temperatura média de [temperatura]°C.\nEssa é a menor temperatura registrada nessa cidade nos últimos [qtd_dias_temperatura_min] dias!"
],
    


"NEBULOSIDADE_MAXIMA":
[
"Hoje [em] [cidade] ([uf]) a previsão do tempo é de [tempo], com uma nebulosidade do céu de [nebulosidade]%.\nEssa é a maior nebulosidade registrada nos últimos [qtd_dias_nebulosidade_max] dias! [emoji_grafico]",
    
"Hoje [em] [cidade] ([uf]) a previsão do tempo é de [tempo], com uma nebulosidade do céu de [nebulosidade]%.\nEssa é a maior nebulosidade registrada nessa cidade nos últimos [qtd_dias_nebulosidade_max] dias! [emoji_grafico]"
],
    
    
"UMIDADE_MAXIMA":
[
"Hoje [em] [cidade] ([uf]) a previsão do tempo é de [tempo], com uma umidade de [umidade]%.\nEssa é a maior umidade registrada nos últimos [qtd_dias_umidade_max] dias! [emoji_grafico]",
    
"Hoje [em] [cidade] ([uf]) a previsão do tempo é de [tempo], com uma umidade de [umidade]%.\nEssa é a maior umidade registrada nessa cidade nos últimos [qtd_dias_umidade_max] dias! [emoji_grafico]"
],
    
    
"VENTO_MAXIMA":
[
"Hoje [em] [cidade] ([uf]) a previsão do tempo é de [tempo], com uma velocidade do vento de [vento] km/h.\nEsse é a maior ventania registrada nessa cidade nos últimos [qtd_dias_vento_max] dias! [emoji_vento] [emoji_grafico]",
    
"Hoje [em] [cidade] ([uf]) a previsão do tempo é de [tempo], com uma velocidade do vento de [vento] km/h.\nEsse é a maior ventania registrada nos últimos [qtd_dias_vento_max] dias! [emoji_vento] [emoji_grafico]"
],
    
    
"ONDA_MAXIMA":
[
"Hoje [em] [cidade] ([uf]) a previsão do tempo é de [tempo], com um nível de onda máximo de [altura_maior_onda]m. Essa é a maior maré registrada nessa cidade nos últimos [qtd_dias_onda_max] dias! [emoji_surf] [emoji_grafico]",
    
"Hoje [em] [cidade] ([uf]) a previsão do tempo é de [tempo], com um nível de onda máximo de [altura_maior_onda]m. Essa é a maior maré registrada nos últimos [qtd_dias_onda_max] dias! [emoji_surf] [emoji_grafico]"
],
    
    
"REPORT_NAVIOS":
[
"Hoje ([data_hoje]) foi estimada uma quantidade de [qtd_navios_porto] embarcações no porto [de] [cidade] ([uf]). Além disso, é esperado que [qtd_navios_chegando] embarcações entrem no porto ao longo dos próximos dias. [emoji_barco]",
    
"Foi estimada uma quantidade de [qtd_navios_porto] embarcações no porto [de] [cidade] ([uf]) hoje, [data_hoje]. Além disso, é esperado que [qtd_navios_chegando] embarcações entrem no porto ao longo dos próximos dias. [emoji_barco]",
    
"Hoje, dia [data_hoje], existem [qtd_navios_porto] embarcações no porto [de] [cidade] ([uf]) nesse momento e [qtd_navios_chegando] embarcações agendadas para entrar dentro dos próximos dias. [emoji_barco] Desejo um ótimo dia pra todos!",
    
"Hoje, dia [data_hoje], existem [qtd_navios_porto] embarcações no porto [de] [cidade] ([uf]) nesse momento e [qtd_navios_chegando] embarcações agendadas para entrar dentro dos próximos dias. [emoji_barco] Desejamos um ótimo dia pra todos!",
    
"Hoje, dia [data_hoje], foram detectadas [qtd_navios_porto] embarcações no porto [de] [cidade] ([uf]) e [qtd_navios_chegando] e estão agendadas para entrar no porto ao longo dos próximos dias. [emoji_barco]",
    
"Hoje, dia [data_hoje], foi estimada uma quantidade de [qtd_navios_porto] embarcações no porto [de] [cidade] ([uf]). Além disso, é esperado que [qtd_navios_chegando] embarcações entrem no porto ao longo dos próximos dias. [emoji_barco]",
    
"Foi estimada uma quantidade de [qtd_navios_porto] embarcações no porto [de] [cidade] ([uf]) hoje, dia [data_hoje]. Além disso, é esperado que [qtd_navios_chegando] embarcações entrem no porto ao longo dos próximos dias. [emoji_barco]"
],
    
    
"NAVIOS_MAXIMA":
[
"Hoje, dia [data_hoje], existem [qtd_navios_porto] embarcações no porto [de] [cidade] ([uf]).\nEssa é a maior quantidade de navios registrada nesse porto nos últimos [qtd_dias_navios_max] dias! [emoji_grafico] [emoji_barco]",
    
"Hoje, dia [data_hoje], foram detectadas [qtd_navios_porto] embarcações no porto [de] [cidade] ([uf]).\nEssa é a maior quantidade de navios registrada nesse porto nos últimos [qtd_dias_navios_max] dias! [emoji_barco]"
],
  
    
"NAVIOS_MINIMA":
[
"Hoje, dia [data_hoje], existem [qtd_navios_porto] embarcações no porto [de] [cidade] ([uf]).\nEssa é a menor quantidade de navios registrada nesse porto nos últimos [qtd_dias_navios_min] dias! [emoji_grafico] [emoji_barco]",
    
"Hoje, dia [data_hoje], foram detectadas [qtd_navios_porto] embarcações no porto [de] [cidade] ([uf]).\nEssa é a menor quantidade de navios registrada nesse porto nos últimos [qtd_dias_navios_min] dias! [emoji_barco]"
],
    
    
"NAVIOS_ALTA":
[
"Hoje, dia [data_hoje], existem [qtd_navios_porto] embarcações no porto [de] [cidade] ([uf]).\nEssa é uma quantidade de navios maior do que a usual para essa localização, precisamos estar alertas! [emoji_grafico] [emoji_barco]",
    
"Existem no momento [qtd_navios_porto] embarcações no porto [de] [cidade] ([uf]) hoje, dia [data_hoje].\nEssa é uma quantidade de navios maior do que a usual para essa localização, precisamos estar alertas! [emoji_grafico] [emoji_barco]",
    
"Hoje, dia [data_hoje], foram detectadas [qtd_navios_porto] embarcações no porto [de] [cidade] ([uf]).\nEssa é uma quantidade de navios maior do que a usual para essa localização, precisamos estar alertas! [emoji_barco]"
],
    
    
"TERREMOTO_0":
[
"O Centro de Sismologia da USP detectou hoje ([data_hoje]) um pequeno terremoto em [localizacao], com uma magnitude de [magnitude] e profundidade de [profundidade] quilômetros.\nPara mais informações: @sismoUSP.",
    
"Foi detectado hoje ([data_hoje]) pelo Centro de Sismologia da USP um pequeno terremoto em [localizacao], com uma magnitude de [magnitude] e profundidade de [profundidade] quilômetros.\nPara mais informações: @sismoUSP.",
    
"Um pequeno terremoto em [localizacao] foi identificado hoje ([data_hoje]) pelo Centro de Sismologia da USP. Ele apresenta uma magnitude de [magnitude] e profundidade de [profundidade] quilômetros.\nPara mais informações: @sismoUSP.",
    
"O Centro de Sismologia da USP detectou hoje ([data_hoje]) um tremor em [localizacao], com uma magnitude de [magnitude] e profundidade de [profundidade] quilômetros.\nPara mais informações: @sismoUSP.",
    
"Foi detectado hoje ([data_hoje]) pelo Centro de Sismologia da USP um tremor em [localizacao], com uma magnitude de [magnitude] e profundidade de [profundidade] quilômetros.\nPara mais informações: @sismoUSP.",
    
"Um tremor em [localizacao] foi identificado hoje ([data_hoje]) pelo Centro de Sismologia da USP. Ele apresenta uma magnitude de [magnitude] e profundidade de [profundidade] quilômetros.\nPara mais informações: @sismoUSP."
],
    
    
"TERREMOTO_1":
[
"O Centro de Sismologia da USP detectou hoje ([data_hoje]) um pequeno terremoto em [localizacao], com uma magnitude de [magnitude] e profundidade de [profundidade] quilômetros.\nPara mais informações: @sismoUSP.",
    
"Foi detectado hoje ([data_hoje]) pelo Centro de Sismologia da USP um pequeno terremoto em [localizacao], com uma magnitude de [magnitude] e profundidade de [profundidade] quilômetros.\nPara mais informações: @sismoUSP.",
    
"Um pequeno terremoto em [localizacao] foi identificado hoje ([data_hoje]) pelo Centro de Sismologia da USP. Ele apresenta uma magnitude de [magnitude] e profundidade de [profundidade] quilômetros.\nPara mais informações: @sismoUSP.",
    
"O Centro de Sismologia da USP detectou hoje ([data_hoje]) um tremor em [localizacao], com uma magnitude de [magnitude] e profundidade de [profundidade] quilômetros.\nPara mais informações: @sismoUSP.",
    
"Foi detectado hoje ([data_hoje]) pelo Centro de Sismologia da USP um tremor em [localizacao], com uma magnitude de [magnitude] e profundidade de [profundidade] quilômetros.\nPara mais informações: @sismoUSP.",
    
"Um tremor em [localizacao] foi identificado hoje ([data_hoje]) pelo Centro de Sismologia da USP. Ele apresenta uma magnitude de [magnitude] e profundidade de [profundidade] quilômetros.\nPara mais informações: @sismoUSP."
],
    
    
"TERREMOTO_2":
[
"O Centro de Sismologia da USP detectou hoje ([data_hoje]) um terremoto médio em [localizacao], com uma magnitude de [magnitude] e profundidade de [profundidade] quilômetros.\nPara mais informações: @sismoUSP.",
    
"Foi detectado hoje ([data_hoje]) pelo Centro de Sismologia da USP um terremoto médio em [localizacao], com uma magnitude de [magnitude] e profundidade de [profundidade] quilômetros.\nPara mais informações: @sismoUSP.",
    
"Um terremoto médio em [localizacao] foi identificado hoje ([data_hoje]) pelo Centro de Sismologia da USP. Ele apresenta uma magnitude de [magnitude] e profundidade de [profundidade] quilômetros.\nPara mais informações: @sismoUSP."
],
    
    
"TERREMOTO_3":
[
"O Centro de Sismologia da USP detectou hoje ([data_hoje]) um grande terremoto em [localizacao], com uma magnitude de [magnitude] e profundidade de [profundidade] quilômetros.\nPara mais informações: @sismoUSP.",
    
"Foi detectado hoje ([data_hoje]) pelo Centro de Sismologia da USP um grande terremoto em [localizacao], com uma magnitude de [magnitude] e profundidade de [profundidade] quilômetros.\nPara mais informações: @sismoUSP.",
    
"Um terremoto grande em [localizacao] foi identificado hoje ([data_hoje]) pelo Centro de Sismologia da USP. Ele apresenta uma magnitude de [magnitude] e profundidade de [profundidade] quilômetros.\nPara mais informações: @sismoUSP."
],
    
    
"TERREMOTO_4":
[
"O Centro de Sismologia da USP detectou hoje ([data_hoje]) um enorme terremoto em [localizacao], com uma magnitude de [magnitude] e profundidade de [profundidade] quilômetros. Fiquem seguros!\nPara mais informações: @sismoUSP.",
    
"Foi detectado hoje ([data_hoje]) pelo Centro de Sismologia da USP um enorme terremoto em [localizacao], com uma magnitude de [magnitude] e profundidade de [profundidade] quilômetros. Fiquem seguros!\nPara mais informações: @sismoUSP.",
    
"Um terremoto enorme em [localizacao] foi identificado hoje ([data_hoje]) pelo Centro de Sismologia da USP. Ele apresenta uma magnitude de [magnitude] e profundidade de [profundidade] quilômetros. Fiquem seguros!\nPara mais informações: @sismoUSP.",
    
"Um terremoto enorme em [localizacao] foi identificado hoje ([data_hoje]) pelo Centro de Sismologia da USP. Ele apresenta uma magnitude de [magnitude] e profundidade de [profundidade] quilômetros. Fiquem seguros!\nPara mais informações: @sismoUSP."
],

"TERREMOTO_5":
[
"O Centro de Sismologia da USP detectou hoje ([data_hoje]) um enorme terremoto em [localizacao], com uma magnitude de [magnitude] e profundidade de [profundidade] quilômetros. Fiquem seguros!\nPara mais informações: @sismoUSP.",
    
"Foi detectado hoje ([data_hoje]) pelo Centro de Sismologia da USP um enorme terremoto em [localizacao], com uma magnitude de [magnitude] e profundidade de [profundidade] quilômetros. Fiquem seguros!\nPara mais informações: @sismoUSP.",
    
"Um terremoto enorme em [localizacao] foi identificado hoje ([data_hoje]) pelo Centro de Sismologia da USP. Ele apresenta uma magnitude de [magnitude] e profundidade de [profundidade] quilômetros. Fiquem seguros!\nPara mais informações: @sismoUSP."
]
}