cidade;uf;tempo;temperatura;temperatura_max;temperatura_min;nebulosidade;umidade;vento;horario_por_sol;pesca;melhor_horario_pesca;altura_maior_onda;data
Angra dos Reis;RJ;chuvas leves;22;24;22;97;93;12;6:46pm;Mediano;8:11pm - 10:11pm;0.9;30/12/2021
Aracaju;SE;céu parcialmente nublado;27;27;27;21;80;26;5:54pm;Mediano;7:41pm - 9:41pm;2.0;30/12/2021
Arraial do Cabo;RJ;chuvas leves;23;24;23;70;93;28;6:37pm;Mediano;8:01pm - 10:01pm;0.2;30/12/2021
Balneário Camboriu;SC;chuvas leves;23;25;23;100;86;24;7:12pm;Mediano;8:28pm - 10:28pm;0.2;30/12/2021
Barreirinhas;MA;céu nublado;27;28;27;85;80;32;6:00pm;Mediano;8:04pm - 10:04pm;2.4;30/12/2021
Bertioga;SP;chuvas leves;23;24;23;56;88;19;6:55pm;Mediano;8:18pm - 10:18pm;1.2;30/12/2021
Bombinhas;SC;chuvas leves;22;26;22;81;87;25;7:12pm;Mediano;8:28pm - 10:28pm;0.8;30/12/2021
Búzios;RJ;chuvas leves;24;25;24;55;89;36;6:35pm;Mediano;8:00pm - 10:00pm;0.3;30/12/2021
Cabo Frio;RJ;chuvas leves;23;24;23;70;93;28;6:37pm;Mediano;8:01pm - 10:01pm;0.2;30/12/2021
Enseada;SP;chuvas leves;22;24;22;98;92;19;6:49pm;Mediano;8:13pm - 10:13pm;0.9;30/12/2021
Fernando de Noronha;PE;chuvas leves;27;27;27;63;80;27;6:22pm;Mediano;8:23pm - 10:23pm;2.0;30/12/2021
Florianópolis;SC;períodos de chuva ao longo do dia;22;25;22;81;85;26;7:13pm;Mediano;8:28pm - 10:28pm;0.2;30/12/2021
Fortaleza;CE;céu nublado;27;28;27;89;83;24;5:47pm;Mediano;7:48pm - 9:48pm;2.3;30/12/2021
Guarujá;SP;chuvas leves;23;24;23;56;88;19;6:56pm;Mediano;8:19pm - 10:19pm;1.2;30/12/2021
Ilha Bela;SP;chuvas leves;23;24;23;100;85;28;6:52pm;Mediano;8:15pm - 10:15pm;1.2;30/12/2021
Ilhéus;BA;períodos de chuva ao longo do dia;24;27;24;89;89;20;6:08pm;Mediano;7:49pm - 9:49pm;2.0;30/12/2021
Itanhaém;SP;chuvas leves;23;24;23;77;85;22;6:56pm;Mediano;8:19pm - 10:19pm;1.2;30/12/2021
Jaboatão dos Guararapes;PE;céu parcialmente nublado;27;27;27;14;69;26;5:40pm;Mediano;7:32pm - 9:32pm;2.0;30/12/2021
Jijoca de Jericoacoara;CE;chuvas leves;27;28;27;50;81;36;5:55pm;Mediano;7:59pm - 9:59pm;2.4;30/12/2021
João Pessoa;PB;céu parcialmente nublado;27;28;27;58;74;24;5:38pm;Mediano;7:32pm - 9:32pm;2.0;30/12/2021
Lagoinha;SP;períodos de chuva ao longo do dia;22;25;22;81;85;26;7:13pm;Mediano;8:28pm - 10:28pm;0.2;30/12/2021
Lauro de Freitas;BA;períodos de chuva ao longo do dia;27;27;27;83;79;27;6:03pm;Mediano;7:47pm - 9:47pm;2.0;30/12/2021
Macaé;RJ;chuvas leves;23;24;23;93;93;27;6:34pm;Mediano;8:00pm - 10:00pm;0.2;30/12/2021
Macapá;AP;chuvas leves;25;27;25;51;91;22;6:29pm;Mediano;8:39pm - 10:39pm;4.8;30/12/2021
Maceió;AL;céu parcialmente nublado;26;27;26;15;73;26;5:46pm;Mediano;7:36pm - 9:36pm;2.0;30/12/2021
Marechal Deodoro;AL;céu parcialmente nublado;26;27;26;15;73;26;5:46pm;Mediano;7:36pm - 9:36pm;2.0;30/12/2021
Morro de São Paulo;BA;períodos de chuva ao longo do dia;26;27;26;77;82;30;6:05pm;Mediano;7:49pm - 9:49pm;2.0;30/12/2021
Natal;RN;céu parcialmente nublado;27;29;27;47;72;24;5:37pm;Mediano;7:34pm - 9:34pm;2.0;30/12/2021
Niterói;RJ;chuvas fortes ao longo do dia;23;26;23;83;95;18;6:41pm;Mediano;8:06pm - 10:06pm;0.3;30/12/2021
Olinda;PE;céu parcialmente nublado;27;27;27;14;69;26;5:40pm;Mediano;7:32pm - 9:32pm;2.0;30/12/2021
Paranaguá;PR;chuvas leves;23;24;23;79;85;18;7:08pm;Mediano;8:28pm - 10:28pm;1.3;30/12/2021
Paraty;RJ;chuvas leves;22;24;22;98;92;19;6:49pm;Mediano;8:13pm - 10:13pm;0.9;30/12/2021
Parnaíba;PI;chuvas leves;27;28;27;75;81;34;5:58pm;Mediano;8:02pm - 10:02pm;2.3;30/12/2021
Pedra Grande;RN;céu parcialmente nublado;26;28;26;8;71;21;5:43pm;Mediano;7:34pm - 9:34pm;2.0;30/12/2021
Peruíbe;SP;chuvas leves;23;24;23;77;85;22;6:56pm;Mediano;8:19pm - 10:19pm;1.2;30/12/2021
Ponta Negra;RN;céu parcialmente nublado;27;29;27;47;72;24;5:37pm;Mediano;7:34pm - 9:34pm;2.0;30/12/2021
Porto de Galinhas;PE;céu parcialmente nublado;26;28;26;7;70;21;5:41pm;Mediano;7:33pm - 9:33pm;2.0;30/12/2021
Porto Seguro;BA;céu parcialmente nublado;26;26;26;23;84;24;6:11pm;Mediano;7:49pm - 9:49pm;2.0;30/12/2021
Praia Grande;SP;chuvas leves;23;24;23;77;85;22;6:56pm;Mediano;8:19pm - 10:19pm;1.2;30/12/2021
Recife;PE;céu parcialmente nublado;27;27;27;14;69;26;5:40pm;Mediano;7:32pm - 9:32pm;2.0;30/12/2021
Rio das Ostras;RJ;chuvas leves;23;24;23;93;93;27;6:34pm;Mediano;8:00pm - 10:00pm;0.3;30/12/2021
Rio de Janeiro;RJ;chuvas fortes ao longo do dia;23;26;23;83;95;18;6:41pm;Mediano;8:06pm - 10:06pm;0.3;30/12/2021
Salvador;BA;períodos de chuva ao longo do dia;26;27;26;79;82;27;6:04pm;Mediano;7:48pm - 9:48pm;2.0;30/12/2021
Santos;SP;chuvas leves;23;24;23;56;88;19;6:56pm;Mediano;8:19pm - 10:19pm;1.2;30/12/2021
São Luis;MA;chuvas leves;26;28;26;52;88;20;6:08pm;Mediano;8:13pm - 10:13pm;5.4;30/12/2021
São Mateus;ES;períodos de chuva ao longo do dia;25;26;25;89;88;19;6:19pm;Mediano;7:52pm - 9:52pm;2.0;30/12/2021
São Sebastião;SP;chuvas leves;23;24;23;100;85;28;6:52pm;Mediano;8:15pm - 10:15pm;1.2;30/12/2021
Tibau do Sul;RN;céu nublado;27;28;27;67;77;30;5:37pm;Mediano;7:33pm - 9:33pm;2.0;30/12/2021
Ubatuba;SP;chuvas leves;22;24;22;98;92;19;6:49pm;Mediano;8:13pm - 10:13pm;0.9;30/12/2021
Vila Velha;ES;céu parcialmente nublado;25;26;25;49;85;17;6:24pm;Mediano;7:54pm - 9:54pm;1.3;30/12/2021
