Image	Caption	MSA/Egyptian	V	Lemma	Grammatical Aspect	Tense	Gender	Number	Gloss	Lexical Aspect	Reasoning
000000515579.jpg	لاعب يقوم برمى الكرة بقوة	Egyptian	يقوم	قام	Imperfective 	Present	Male	Singular	undertake;carry_out	Atelic	Activity
000000515828.jpg	لاعبة تنس تقوم بضرب الكرة بالمضرب	MSA	تقوم	قام	Imperfective 	Present	Female	Singular	undertake;carry_out	Atelic	Activity
000000515982.jpg	لاعبى بيسبول فى ارض الملعب	Egyptian	NA	NA	NA	NA	NA	NA	NA	NA	NA
000000516143.jpg	اتوبيس يقف بجانب الطريق	Egyptian	يقف	وقف	Imperfective 	Present	Male	Singular	stop;cease;stand	Stative	State
000000516173.jpg	فتاة تستعد للنزول الى البحر وشاب يقوم بالتزحلق على الماء	MSA	تستعد	استعد	Imperfective 	Present	Female	Singular	get_ready	Atelic	Activity
000000516173.jpg	فتاة تستعد للنزول الى البحر وشاب يقوم بالتزحلق على الماء	MSA	يقوم	 قام	Imperfective 	Present	Male	Singular	undertake;carry_out	Atelic	Activity
000000516316.jpg	مجموعة من الحمير الوحشية تاكل العشب	MSA	تاكل	اكل	Imperfective 	Present	Female	Singular	eat;consume	Atelic	Activity
000000516318.jpg	شاب يمارس رياضة التزحلق على الماء	MSA	يمارس	مارس	Imperfective 	Present	Female	Singular	practice;pursue;exercise	Atelic	Activity
000000516601.jpg	مجموعة من الشباب يمارسون رياضة التزحلق على الجليد	MSA	يمارسون	مارس	Imperfective 	Present	Male	Plural	practice;pursue;exercise	Atelic	Activity
000000516677.jpg	مجموعة من الشباب يقفون على الجليد	MSA	يقفون	وقف	Imperfective 	Present	Male	Plural	stop;cease;stand	Stative	State
000000516708.jpg	مجموعة من اللوحات الارشادية على الطريق	MSA	NA	NA	NA	NA	NA	NA	NA	NA	NA
000000516804.jpg	موقف للاتوبيسات العامة فقط	MSA	NA	NA	NA	NA	NA	NA	NA	NA	NA
000000516871.jpg	اطباق مليئة بالفواكه والخضروات	MSA	NA	NA	NA	NA	NA	NA	NA	NA	NA
000000516916.jpg	مكتب به مجموعة من اجهزة الكمبيوتر والتليفونات	MSA	NA	NA	NA	NA	NA	NA	NA	NA	NA
000000517056.jpg	فتاتان تقوما بتقطيع الحلوى فى اطباق	MSA	تقوما	قام	Imperfective 	Present	Female	Dual	undertake;carry_out	Atelic	Activity
000000517069.jpg	فتاتان ينتظرا الاتوبيس فى الموقف	MSA	ينتظرا	انتظر	Imperfective 	Present	Male	Dual	expect;wait_for	Atelic	Activity
000000517523.jpg	طائرة تحلق فى الهواء	MSA	تحلق	حلق	Imperfective 	Present	Female	Singular	fly	Atelic	Activity
000000517687.jpg	هاتفين على المكتب	MSA	NA	NA	NA	NA	NA	NA	NA	NA	NA
000000517832.jpg	كلب يجلس على الكرسي	MSA	يجلس	جلس	Imperfective 	Present	Male	Singular	sit	Stative	State
000000518213.jpg	بقرة تقف فى وسط الحشائش الخضراء	MSA	تقف	وقف	Imperfective 	Present	Female	Singular	stop;cease;stand	Stative	State
000000518326.jpg	شاب يقف امام سريران بهما دمى كبيرة	MSA	يقف	وقف	Imperfective 	Present	Male	Singular	stop;cease;stand	Stative	State
000000518770.jpg	مجموعة من الاطفال فى الفصل	MSA	NA	NA	NA	NA	NA	NA	NA	NA	NA
000000519039.jpg	شاحنة تمشي على الطريق	MSA	تمشي	مشى	Imperfective 	Present	Female	Singular	walk;proceed	Atelic	Activity
000000519208.jpg	شاب يهمس للفيل	MSA	يهمس	همس	Imperfective 	Present	Male	Singular	whisper;mutter	Telic	Temporary State
000000519338.jpg	قطار على السكة الحديد	MSA	NA	NA	NA	NA	NA	NA	NA	NA	NA
000000519491.jpg	ساعة ضخمه فى اعلى مبنى	MSA	NA	NA	NA	NA	Male	Singular	large;voluminous	NA	NA
000000519522.jpg	مبنى ضخم به ساعة كبيرة	MSA	NA	NA	NA	NA	NA	NA	NA	NA	NA
000000519569.jpg	مطبخ منزلى به كراسى	MSA	NA	NA	NA	NA	NA	NA	NA	NA	NA
000000519611.jpg	دب ابيض ضخم	MSA	NA	NA	NA	NA	NA	NA	NA	NA	NA
000000519688.jpg	فتاة تلعب مع حيوان لطيف	MSA	تلعب	لعب	Imperfective 	Present	Female	Singular	play	Atelic	Activity
000000519764.jpg	قطة تجلس على كرسي	MSA	تجلس	جلس	Imperfective 	Present	Female	Singular	sit	Stative	State
000000520009.jpg	مبنى ضخم بجانب طريق به مجموعة من السيارات	MSA	NA	NA	NA	NA	NA	NA	NA	NA	NA
000000520077.jpg	مجموعه من الكتب على المكتب	MSA	NA	NA	NA	NA	NA	NA	NA	NA	NA
000000520264.jpg	فتاة وشاب يقفا فى المطبخ	MSA	يقفا	وقف	Imperfective 	Present	Male	Dual	stop;cease;stand	Stative	State
000000520301.jpg	كلب ينظر من شباك السيارة	MSA	ينظر	نظر	Imperfective 	Present	Male	Singular	look;observe;see	Atelic	Activity
000000520324.jpg	طائرة تقف بجانب الطريق	MSA	تقف	وقف	Imperfective 	Present	Female	Singular	stop;cease;stand	Stative	State
000000520531.jpg	دولاب به كتب ومكتب عليه قطة	Egyptian	NA	NA	NA	NA	NA	NA	NA	NA	NA
000000520659.jpg	شاطئ به مجموعة من الناس و أدوات تزحلق على الماء	MSA	NA	NA	NA	NA	NA	NA	NA	NA	NA
000000520707.jpg	مجموعة من الناس فى المطار	MSA	NA	NA	NA	NA	NA	NA	NA	NA	NA
000000520832.jpg	شاب يمشى على الطريق بجانب محل	Egyptian	يمشى	مشى	Imperfective 	Present	Male	Singular	walk;proceed	Atelic	Activity
000000520871.jpg	طبق بيتزا ومشروب على الطاولة	MSA	NA	NA	NA	NA	NA	NA	NA	NA	NA
000000520910.jpg	فتاة تلتقط صورة اثناء الوقوف فى الحمام	MSA	تلتقط	التقط	Imperfective 	Present	Female	Singular	obtain;receive;collect	Atelic	Activity
000000521052.jpg	شاحنة تقف بجانب الطريق	MSA	تقف	وقف	Imperfective 	Present	Female	Singular	stop;cease;stand	Stative	State
000000521141.jpg	طريق كبير به لسيارات وفى الجانب يقف مجموعة من الناس	MSA	يقف	وقف	Imperfective 	Present	Male	Singular	stop;cease;stand	Stative	State
000000521231.jpg	دب ابيض ضخم يقف فى الحديقة	MSA	يقف	وقف	Imperfective 	Present	Male	Singular	stop;cease;stand	Stative	State
000000521259.jpg	مجموعة من الاطفال ومدرس يقومون بلعب فى المدرسة	MSA	يقومون	قام	Imperfective 	Present	Male	Plural	undertake;carry_out	Atelic	Activity
000000521282.jpg	فازة به ورد	MSA	NA	NA	NA	NA	NA	NA	NA	NA	NA
000000521405.jpg	دمية على شكل كلب وفرشاة اسنان	MSA	NA	NA	NA	NA	NA	NA	NA	NA	NA
000000521509.jpg	فتاة تجلس على السرير امام الكاميرا	MSA	تجلس	جلس	Imperfective 	Present	Female	Singular	sit	Stative	State
000000521540.jpg	طبق به موز وقطع شيكولاتة	MSA	NA	NA	NA	NA	NA	NA	NA	NA	NA
000000521601.jpg	كوب به دونيت	MSA	NA	NA	NA	NA	NA	NA	NA	NA	NA
000000521717.jpg	فتاة تلعب التنس	MSA	تلعب	لعب	Imperfective 	Present	Female	Singular	play	Atelic	Activity
000000521719.jpg	مجموعة من الزينة امام المنزل	MSA	NA	NA	NA	NA	NA	NA	NA	NA	NA
000000521819.jpg	مجموعة من الفتيات يلعبون فى الحديقة	MSA	يلعبون	لعب	Imperfective 	Present	Male	Plural	play	Atelic	Activity
000000521956.jpg	لاعب تنس يضرب الكرة بالمضرب	MSA	يضرب	ضرب	Imperfective 	Present	Male	Singular	hit	Telic	Temporary State
000000522007.jpg	مطبخ فى منزل	MSA	NA	NA	NA	NA	NA	NA	NA	NA	NA
000000522156.jpg	طبق به طعام	MSA	NA	NA	NA	NA	NA	NA	NA	NA	NA
000000522393.jpg	مركب فى البحر وبها مجموعة من الناس	MSA	NA	NA	NA	NA	NA	NA	NA	NA	NA
000000522638.jpg	دمى صغيرة	MSA	NA	NA	NA	NA	NA	NA	NA	NA	NA
000000522713.jpg	حديقة امام بحر كبير به مراكب كثيرة	MSA	NA	NA	NA	NA	NA	NA	NA	NA	NA
000000522751.jpg	اشارة مرور	MSA	NA	NA	NA	NA	NA	NA	NA	NA	NA
000000522889.jpg	لاعبة تلعب تنس	MSA	تلعب	لعب	Imperfective 	Present	Female	Singular	play	Atelic	Activity
000000522940.jpg	لوحة مكتوب به قف	MSA	قف	قف	Perfective	Present	Male	Singular	stop	Stative	State
000000523033.jpg	مجموعة من الشباب يمارسون رياضة التزحلق على الماء	MSA	يمارسون	مارس	Imperfective 	Present	Male	Plural	practice;pursue;exercise	Atelic	Activity
000000523100.jpg	فتاة تقوم بحفظ اليوسفى فى برطمان	Egyptian	تقوم	تقوم	Imperfective 	Present	Female	Singular	undertake;carry_out	Atelic	Activity
000000523175.jpg	طبق به اكل	MSA	NA	NA	NA	NA	NA	NA	NA	NA	NA
000000523194.jpg	لوحة فى جانب الطريق	MSA	NA	NA	NA	NA	NA	NA	NA	NA	NA
000000523229.jpg	قاعدة فى حمام	MSA	NA	NA	NA	NA	NA	NA	NA	NA	NA
000000523241.jpg	طريق به سيارات	MSA	NA	NA	NA	NA	NA	NA	NA	NA	NA
000000523782.jpg	سيارات تمشي على الطريق	MSA	تمشي	مشى	Imperfective 	Present	Female	Singular	walk;proceed	Atelic	Activity
000000523807.jpg	شيف يقوم بتجهبز ساندوتش سجق	Egyptian	يقوم	قام	Imperfective 	Present	Male	Singular	undertake;carry_out	Atelic	Activity
000000523811.jpg	عصفور يقف على الخشب	MSA	يقف	قف	Imperfective 	Present	Male	Singular	stop;cease;stand	Stative	State
000000523957.jpg	شاب يمارس رياضة التزحلق على الطريق	MSA	يمارس	مارس	Imperfective 	Present	Male	Singular	practice;pursue;exercise	Atelic	Activity
000000524108.jpg	مجموعة من الدرجات النارية	MSA	NA	NA	NA	NA	NA	NA	NA	NA	NA
000000524280.jpg	قطة تملك عيون جميلة	MSA	تملك	ملك	Imperfective 	Present	Female	Singular	have;hold;control	Stative	State
000000524456.jpg	فتاة امام جهاز اللاب توب	MSA	NA	NA	NA	NA	NA	NA	NA	NA	NA
000000524742.jpg	رسوم جميلة على الحائط	MSA	NA	NA	NA	NA	NA	NA	NA	NA	NA
000000524850.jpg	طائرة كبيرة ومجموعة من الناس	MSA	NA	NA	NA	NA	NA	NA	NA	NA	NA
000000525083.jpg	منزل من الداخل	MSA	NA	NA	NA	NA	NA	NA	NA	NA	NA
000000525155.jpg	رجل يحمل خروف	MSA	يحمل	حمل	Imperfective 	Present	Male	Singular	carry;bear;transport	Atelic	Activity
000000525247.jpg	قطة تنظر للاب توب	MSA	تنظر	نظر	Imperfective 	Present	Female	Singular	look;observe;see	Atelic	Activity
000000525286.jpg	ساعة حائط	MSA	NA	NA	NA	NA	NA	NA	NA	NA	NA
000000525322.jpg	طائرتين تحلقان فى الهواء	Egyptian	تحلقان	حلق	Imperfective 	Present	Female	Dual	encircle;whirl	Atelic	Activity
000000525600.jpg	مجموعة من الزرافات فى الحديقة	Egyptian	NA	NA	NA	NA	NA	NA	NA	NA	NA
000000526103.jpg	فيل صغير فى الحديقة	Egyptian	NA	NA	NA	NA	NA	NA	NA	NA	NA
000000526197.jpg	وجبات معروضة فى مطعم	Egyptian	NA	NA	NA	NA	NA	NA	NA	NA	NA
000000526392.jpg	اشارة مرور وسيارات	MSA	NA	NA	NA	NA	NA	NA	NA	NA	NA
000000526706.jpg	بقر ياكل من الاعشاب	MSA	ياكل	اكل	Imperfective 	Present	Male	Plural	eat;consume	Atelic	Activity
000000526728.jpg	رجل وامراءة وامامهم حقائب	MSA	NA	NA	NA	NA	NA	NA	NA	NA	NA
000000526751.jpg	مركب على الشاطئ امام البحر	MSA	NA	NA	NA	NA	NA	NA	NA	NA	NA
000000527029.jpg	رجل يقف فى محل فواكة	MSA	يقف	وقف	Imperfective 	Present	Male	Singular	stop;cease;stand	Stative	State
000000527215.jpg	شاب يلعب بطائرة ورقية	MSA	يلعب	لعب	Imperfective 	Present	Male	Singular	play	Atelic	Activity
000000527220.jpg	لوحة ودرجات نارية  وسيارة	MSA	NA	NA	NA	NA	NA	NA	NA	NA	NA
000000527427.jpg	فتاة تجلس وتتكلم فى الهاتف	Egyptian	تجلس	جلس	Imperfective 	Present	Female	Singular	sit	Atelic	Activity
000000527427.jpg	فتاة تجلس وتتكلم فى الهاتف	Egyptian	تتكلم	تكلم	Imperfective	Present	Female	Singular	speak;talk;discuss	Atelic	Activity
000000527528.jpg	مجموعة من الطائرات الورقية	MSA	NA	NA	NA	NA	NA	NA	NA	NA	NA
000000527616.jpg	صورة لرجل على الحائط	MSA	NA	NA	NA	NA	NA	NA	NA	NA	NA
000000527695.jpg	اكل فى طبق	Egyptian	NA	NA	NA	NA	NA	NA	NA	NA	NA
000000527750.jpg	شاب فى المطبخ	Egyptian	NA	NA	NA	NA	NA	NA	NA	NA	NA
000000527784.jpg	اطباق ومناديل ورقية ومشاريب	Egyptian	NA	NA	NA	NA	NA	NA	NA	NA	NA
000000527960.jpg	كرسي فى حديقة	Egyptian	NA	NA	NA	NA	NA	NA	NA	NA	NA
000000528314.jpg	شاب يتزحلق على الجليد	MSA	يتزحلق	تزحلق	Imperfective 	Present	Male	Singular	slide;slip	Atelic	Activity
000000528399.jpg	اكل ومشروبات على الطاولة	MSA	NA	NA	NA	NA	NA	NA	NA	NA	NA
000000528524.jpg	خرفان فى المزرعة	MSA	NA	NA	NA	NA	NA	NA	NA	NA	NA
000000528578.jpg	بحر وكوبرى ومبانى ضخمه	MSA	NA	NA	NA	NA	NA	NA	NA	NA	NA
000000528705.jpg	طفل يحمل دبدوب على ظهره	MSA	يحمل	حمل	Imperfective 	Present	Male	Singular	carry;bear;transport	Atelic	Activity
000000528862.jpg	زرافات فى الحديقة	MSA	NA	NA	NA	NA	NA	NA	NA	NA	NA
000000528977.jpg	لوحات  على الطريق اسفل كوبرى ضخم	Egyptian	NA	NA	NA	NA	NA	NA	NA	NA	NA
000000528980.jpg	مبانى وسيارات	Egyptian	NA	NA	NA	NA	NA	NA	NA	NA	NA
000000529105.jpg	حصان يجلس فى الحديقة	MSA	يجلس	جلس	Imperfective 	Present	Male	Singular	sit	Stative	State
000000529122.jpg	مطعم به زبائن	MSA	NA	NA	NA	NA	NA	NA	NA	NA	NA
000000529148.jpg	اطفال يلعبون باللاب توب	MSA	يلعبون	لعب	Imperfective 	Present	Male	Plural	play	Atelic	Activity
000000529528.jpg	عجانة كهربائية	MSA	NA	NA	NA	NA	NA	NA	NA	NA	NA
000000529568.jpg	مطبخ به ديكورات جميله	MSA	NA	NA	NA	NA	NA	NA	NA	NA	NA
000000529762.jpg	رجل يجلس على طاولة بها مشروب واكل	MSA	يجلس	جلس	Imperfective 	Present	Male	Singular	sit	Stative	State
000000529939.jpg	رجل امامه اداوت تزحلق على الماء	MSA	NA	NA	NA	NA	NA	NA	NA	NA	NA
000000529966.jpg	اطباق برتقال	MSA	NA	NA	NA	NA	NA	NA	NA	NA	NA
000000530052.jpg	جزر  معروض للبيع	MSA	NA	NA	NA	NA	NA	NA	NA	NA	NA
000000530061.jpg	طفل ياكل على طاولة	MSA	ياكل	اكل	Imperfective 	Present	Male	Singular	eat;consume	Atelic	Activity
000000530099.jpg	قطة فوق سيارة	NA	NA	NA	NA	NA	NA	NA	NA	NA	NA
000000530146.jpg	اكل فى طبق	MSA	NA	NA	NA	NA	NA	NA	NA	NA	NA
000000530162.jpg	ناس تختبأ تحت الشمسية من المطر	MSA	تختبأ	اختبأ	Imperfective 	Present	Female	Dual	amble;trot	Stative	State
000000530457.jpg	فازة بها ورد امام مدفأه	MSA	NA	NA	NA	NA	NA	NA	NA	NA	NA
000000530466.jpg	قطار مرسوم عليه نقوشات جميلة	MSA	NA	NA	NA	NA	NA	NA	NA	NA	NA
000000530470.jpg	سيارات كثيرة على الطريق وسط اماكن خضراء	MSA	NA	NA	NA	NA	NA	NA	NA	NA	NA
000000530624.jpg	كلب ينام على السرير	MSA	ينام	نام	Imperfective	Present	Male	Singular	sleep;lie_down	Atelic	Activity
000000530820.jpg	شاب يلعب تنس	MSA	يلعب	لعب	Imperfective	Present	Male	Singular	play	Atelic	Activity
000000530836.jpg	مطبخ كامل	MSA	NA	NA	NA	NA	NA	NA	NA	NA	NA
000000530854.jpg	مجموعة من الشمسيات	MSA	NA	NA	NA	NA	NA	NA	NA	NA	NA
000000530975.jpg	طاولة فوقها اطباق مأكولات	MSA	NA	NA	NA	NA	NA	NA	NA	NA	NA
000000531036.jpg	اتوبيسات على الطريق	MSA	NA	NA	NA	NA	NA	NA	NA	NA	NA
000000531134.jpg	اشارة مرور	MSA	NA	NA	NA	NA	NA	NA	NA	NA	NA
000000531135.jpg	ملعب بيسبول به فريقان	MSA	NA	NA	NA	NA	NA	NA	NA	NA	NA
000000531495.jpg	مرسى به مراكب	MSA	NA	NA	NA	NA	NA	NA	NA	NA	NA
000000531707.jpg	ناس تجلس على مقعد امام البحر	MSA	تجلس	جلس	Imperfective	Present	Female	Singular	sit	Stative	State
000000531771.jpg	جهاز ميكروف	MSA	NA	NA	NA	NA	NA		NA	NA	NA
000000532058.jpg	طفل يشرب اللبن وهو نائم	MSA	يشرب	شرب	Imperfective	Present	Male	Singular	drink	Atelic	Activity
000000532071.jpg	دب ضخم اسود نائم فى الغابة	MSA	NA	NA	NA	NA	NA	NA	NA	NA	NA
000000532129.jpg	يتنزا فى طبق على طاولة	MSA	NA	NA	NA	NA	NA	NA	NA	NA	NA
000000532481.jpg	شاب يمارس رياضة التزحلق على الماء	MSA	يمارس	مارس	Imperfective	Present	Male	Singular	practice;pursue;exercise	Atelic	Activity
000000532493.jpg	رجل يقوم بالتزحلق على الماء	MSA	يقوم	قام	Imperfective	Present	Male	Singular	undertake;carry_out	Atelic	Activity
000000532530.jpg	خريطة معلقة لشوارع المدينة	MSA	NA	NA	NA	NA	NA	NA	NA	NA	NA
000000532575.jpg	كلب ينظر الى السماء	MSA	ينظر	نظر	Imperfective	Present	Male	Singular	look;observe;see	Atelic	Activity
000000532690.jpg	فتاة تستعد لرمى شئ ما	MSA	تستعد	استعد	Imperfective	Present	Female	Singular	get_ready	Atelic	Activity
000000532761.jpg	غرفة معيشة فى منزل	MSA	NA	NA	NA	NA	NA	NA	NA	NA	NA
000000532855.jpg	شاب يقوم بالتزحلق على الحديد	MSA	يقوم	قام	Imperfective	Present	Male	Singular	undertake;carry_out	Atelic	Activity
000000532901.jpg	غرفة بها مكان للجلوس	MSA	NA	NA	NA	NA	NA	NA	NA	NA	NA
000000533145.jpg	شاب يمسك بجهاز	MSA	يمسك	امسك	Imperfective	Present	Male	Singular	be_seized;be_held	Stative	State
000000533206.jpg	صينية بها طعام وحساء	MSA	NA	NA	NA	NA	NA	NA	NA	NA	NA
000000533493.jpg	شباب يقومون بحمل بعضهم بفرح	MSA	يقومون	قام	Imperfective	Present	Male	Plural	undertake;carry_out	Atelic	Activity
000000533536.jpg	قطه تشاهد التليفزيون	MSA	تشاهد	شاهد	Imperfective	Present	Female	Singular	watch;observe;witness	Stative	State
000000533816.jpg	ملعب تنس وجمهور	MSA	NA	NA	NA	NA	NA	NA	NA	NA	NA
000000533855.jpg	قطعة دونيت على الطاولة	MSA	NA	NA	NA	NA	NA	NA	NA	NA	NA
000000533958.jpg	طبق به طعام بيض وخضار	MSA	NA	NA	NA	NA	NA	NA	NA	NA	NA
000000534041.jpg	ام تاكل ابنها الصغير	MSA	تاكل	اكل	Imperfective	Present	Female	Singular	eat;consume	Atelic	Activity
000000534270.jpg	فتاتان وكلب على الرصيف	MSA	NA	NA	NA	NA	NA	NA	NA	NA	NA
000000534394.jpg	مجموعة كبيرة من الخرفان	MSA	NA	NA	NA	NA	NA	NA	NA	NA	NA
000000534601.jpg	دمية على شكل كلب	MSA	NA	NA	NA	NA	NA	NA	NA	NA	NA
000000534605.jpg	شباب يقفون بجانب مجموعة من الدرجات النارية	MSA	يقفون	وقف	Imperfective	Present	Male	Plural	stop;cease;stand	Stative	State
000000534639.jpg	قطار سريع فى المحطة	MSA	NA	NA	NA	NA	NA	NA	NA	NA	NA
000000534664.jpg	مجموعة من شنط السفر	MSA	NA	NA	NA	NA	NA	NA	NA	NA	NA
000000534673.jpg	اتوبيس فى موقف	MSA	NA	NA	NA	NA	NA	NA	NA	NA	NA
000000534827.jpg	دراجات نارية على الطريق	MSA	NA	NA	NA	NA	NA	NA	NA	NA	NA
000000535094.jpg	بقرة فى حظيرة	MSA	NA	NA	NA	NA	NA	NA	NA	NA	NA
000000535156.jpg	افيال فى الحديقة	MSA	NA	NA	NA	NA	NA	NA	NA	NA	NA
000000535253.jpg	سلة مشتريات	MSA	NA	NA	NA	NA	NA	NA	NA	NA	NA
000000535306.jpg	شاب يمارس التزحلق على الارض	MSA	يمارس	مارس	Imperfective	Present	Male	Singular	practice;pursue;exercise	Atelic	Activity
000000535523.jpg	عمال وجهاز لصنع الماكولات	MSA	NA	NA	NA	NA	NA	NA	NA	NA	NA
000000535578.jpg	خرفان تاكل من العشب	MSA	تاكل	اكل	Imperfective	Present	Male	Singular	eat;consume	Atelic	Atelic
000000535608.jpg	مجموعة من الناس يجلسون على الشاطئ	MSA	يجلسون	جلس	Imperfective	Present	Male	Plural	sit	Stative	State
000000535858.jpg	فتاة تمارس رياضة التزحلق على الماء	MSA	تمارس	مارس	Imperfective	Present	Female	Singular	practice;pursue;exercise	Atelic	Activity
000000536038.jpg	فتاة تجلس السرير وتقرأ كتاب	MSA	تجلس	جلس	Imperfective	Present	Female	Singular	sit	Stative	State
000000536038.jpg	فتاة تجلس السرير وتقرأ كتاب	MSA	وتقرأ	قرأ	Imperfective	Present	Female	Singular	read	Atelic	Activity
000000536073.jpg	ادوات مطبخ خلط وتقطيع	MSA	NA	NA	NA	NA	NA	NA	NA	NA	NA
000000536343.jpg	جهاز كهربائي	MSA	NA	NA	NA	NA	NA	NA	NA	NA	NA
000000536947.jpg	تلاجة فى مكان ملئ بالماء	MSA	NA	NA	NA	NA	NA	NA	NA	NA	NA
000000537053.jpg	زرافة جميلة	MSA	NA	NA	NA	NA	NA	NA	NA	NA	NA
000000537153.jpg	شاب وفتاة يجلسان على مقعد امام بحر كبير	MSA	يجلسان	جلس	Imperfective	Present	Male	Dual	sit	Stative	State
000000537241.jpg	قطعة حلوى	MSA	NA	NA	NA	NA	NA	NA	NA	NA	NA
000000537270.jpg	شباب يمسكون بالهواتف المحمولة	MSA	يمسكون	امسك	Imperfective	Present	Male	Plural	seize;hold;refrain_from	Stative	State
000000537355.jpg	مبنى ابيض وسط الخضراء	MSA	NA	NA	NA	NA	NA	NA	NA	NA	NA
000000537506.jpg	مطر وتفاح وبشر يقفون فى الشارع	MSA	يقفون	وقف	Imperfective	Present	Male	Plural	stop;cease;stand	Stative	State
000000537672.jpg	ثلاجة فى منزل	MSA	NA	NA	NA	NA	NA	NA	NA	NA	NA
000000537802.jpg	مجموعة من الدمى على مقعد	MSA	NA	NA	NA	NA	NA	NA	NA	NA	NA
000000537812.jpg	حمام	MSA	NA	NA	NA	NA	NA	NA	NA	NA	NA
000000537827.jpg	لاعبى بيسبول فى الملعب	MSA	NA	NA	NA	NA	NA	NA	NA	NA	NA
000000537964.jpg	اجهزة اطفاء وسط الحدائق	MSA	NA	NA	NA	NA	NA	NA	NA	NA	NA
000000537991.jpg	فتاة تجلس وتحمل هاتف	MSA	تجلس	جلس	Imperfective	Present	Female	Singular	sit	Stative	State
000000537991.jpg	فتاة تجلس وتحمل هاتف	MSA	تحمل	حمل	Imperfective	Present	Female	Singular	hold	Atelic	Activity
000000538067.jpg	مجموعة من الناس يلعبون بطائرة ورقية	MSA	يلعبون	لعب	Imperfective	Present	Male	Plural	play	Atelic	Activity
000000538236.jpg	قطع كرواسوه وحلوى	MSA	NA	NA	NA	NA	NA	NA	NA	NA	NA
000000538364.jpg	شارع ملئ بالناس	MSA	NA	NA	NA	NA	NA	NA	NA	NA	NA
000000538458.jpg	شابان يقومون بالقفز والتزحلق	MSA	يقومون	قام	Imperfective	Present	Male	Plural	undertake;carry_out	Atelic	Activity
000000539143.jpg	قطار على السكة الحديد	MSA	NA	NA	NA	NA	NA	NA	NA	NA	NA
000000539445.jpg	قطار على السكة الحديد	MSA	NA	NA	NA	NA	NA	NA	NA	NA	NA
000000539883.jpg	شاشة تليفزيون كبيرة	MSA	NA	NA	NA	NA	NA	NA	NA	NA	NA
000000539962.jpg	حمام سباحة	MSA	NA	NA	NA	NA	NA	NA	NA	NA	NA
000000540280.jpg	استوديو تصوير	MSA	NA	NA	NA	NA	NA	NA	NA	NA	NA
000000540414.jpg	سوق كبير	MSA	NA	NA	NA	NA	NA	NA	NA	NA	NA
000000540466.jpg	فتاة تحمل شمسية	MSA	تحمل	حمل	Imperfective	Present	Female	Singular	carry;bear;transport	Atelic	Activity
000000540502.jpg	مطبخ كبير فى المنزل	MSA	NA	NA	NA	NA	NA	NA	NA	NA	NA
000000540928.jpg	قطة خلف كرسي	MSA	NA	NA	NA	NA	NA	NA	NA	NA	NA
000000540932.jpg	شاطئ به ناس	MSA	NA	NA	NA	NA	NA	NA	NA	NA	NA
000000540962.jpg	غرفة معيشة غير مرتبة	MSA	NA	NA	NA	NA	NA	NA	NA	NA	NA
000000541055.jpg	مجموعة من الشباب يقفون على الثلج	MSA	يقفون	وقف	Imperfective	Present	Male	Plural	stop;cease;stand	Stative	State
000000541123.jpg	ملعب تنس وجمهور	MSA	NA	NA	NA	NA	NA	NA	NA	NA	NA
000000541291.jpg	حوض قديم فى مكان مهجور	MSA	NA	NA	NA	NA	NA	NA	NA	NA	NA
000000541634.jpg	اكل وشراب على الطاولة	MSA	NA	NA	NA	NA	NA	NA	NA	NA	NA
000000541664.jpg	لعبة	MSA	NA	NA	NA	NA	NA	NA	NA	NA	NA
000000541773.jpg	شباب تشرب مشروبات كحولية	MSA	تشرب	شرب	Perfective	Present	Male	Singular	drink	Atelic	Activity
000000541952.jpg	ساعة ضخمة فى اعلى المبنى	MSA	NA	NA	NA	NA	NA	NA	NA	NA	NA
000000542073.jpg	لوحة اعلى عمود	MSA	NA	NA	NA	NA	NA	NA	NA	NA	NA
000000542089.jpg	حمام	MSA	NA	NA	NA	NA	NA	NA	NA	NA	NA
000000542127.jpg	شباب يقفزون فى الهواء	MSA	يقفزون	قفز	Imperfective	Present	Male	Plural	jump;leap	Atelic	Activity
000000542423.jpg	فتاة تجلس على مقعد	MSA	تجلس	جلس	Imperfective	Present	Female	Singular	sit	Stative	State
000000542625.jpg	سيارات مركونة على الطريق	MSA	NA	NA	NA	NA	NA	NA	NA	NA	NA
000000542776.jpg	عصفور يقف على كتاب	MSA	يقف	وقف	Imperfective	Present	Male	Singular	stop;cease;stand	Stative	State
000000542856.jpg	اتوبيس على الطريق	MSA	NA	NA	NA	NA	NA	NA	NA	NA	NA
000000543043.jpg	سيارة حمراء	MSA	NA	NA	NA	NA	NA	NA	NA	NA	NA
000000543047.jpg	غرفة معيشة وسفرة	MSA	NA	NA	NA	NA	NA	NA	NA	NA	NA
000000543300.jpg	مبنى كبير امام بحر	MSA	NA	NA	NA	NA	NA	NA	NA	NA	NA
000000543528.jpg	طائرة تحلق فى الهواء	MSA	تحلق	حلق	Imperfective	Present	Female	Singular	fly	Atelic	Activity
000000543581.jpg	كلب يجلس على انترية	MSA	يجلس	جلس	Imperfective	Present	Male	Singular	sit	Stative	State
000000544052.jpg	العاب اطفال	MSA	NA	NA	NA	NA	NA	NA	NA	NA	NA
000000544306.jpg	ساعة كبيرة فى مبنى	MSA	NA	NA	NA	NA	NA	NA	NA	NA	NA
000000544444.jpg	رجل يتزحلق على الجليد	MSA	يتزحلق	تزحلق	Imperfective	Present	Male	Singular	slide;slip	Atelic	Activity
000000544519.jpg	فتاة تقوم بتنظيف اسنانها	MSA	تقوم	قام	Imperfective	Present	Female	Singular	undertake;carry_out	Atelic	Activity
000000544565.jpg	حلوى كريب	MSA	NA	NA	NA	NA	NA	NA	NA	NA	NA
000000544605.jpg	لوحة ممنوع وقوف السيارات	MSA	NA	NA	NA	NA	NA	NA	NA	NA	NA
000000544811.jpg	طيور تحلق فى الهواء فوق بحر	MSA	تحلق	حلق	Imperfective	Present	Female	Singular	fly	Atelic	Activity
000000545007.jpg	تمثال اعلى ساعة ضخمة	MSA	NA	NA	NA	NA	NA	NA	NA	NA	NA
000000545100.jpg	شاب يقوم بتصوير المبانى	MSA	يقوم	قام	Imperfective	Present	Male	Singular	undertake;carry_out	Atelic	Activity
000000545129.jpg	حمير وحشية	MSA	NA	NA	NA	NA	NA	NA	NA	NA	NA
000000545219.jpg	اتوبيس ومجموعة الناس	MSA	NA	NA	NA	NA	NA	NA	NA	NA	NA
000000545407.jpg	طائرة تحلق فى الهواء	MSA	تحلق	حلق	Imperfective	Present	Female	Singular	fly	Atelic	Activity
000000545594.jpg	ركاب فى اتوبيس	MSA	NA	NA	NA	NA	NA	NA	NA	NA	NA
000000545730.jpg	حمير وحشية تعبر النهر	MSA	تعبر	عبر	Imperfective	Present	Female	Singular	cross;traverse	Atelic	Activity
000000545826.jpg	قطة على كرسي	MSA	NA	NA	NA	NA	NA	NA	NA	NA	NA
000000545958.jpg	بقرة بجانب المنزل	MSA	NA	NA	NA	NA	NA	NA	NA	NA	NA
000000546011.jpg	حمير وحشية فى الحديقة	MSA	NA	NA	NA	NA	NA	NA	NA	NA	NA
000000546219.jpg	مجموعة من الناس حول طاولة مشوربات	MSA	NA	NA	NA	NA	NA	NA	NA	NA	NA
000000546325.jpg	انترية جلوس وطاولة	MSA	NA	NA	NA	NA	NA	NA	NA	NA	NA
000000546475.jpg	اب وابنه يلتقطون الصور	MSA	يلتقطون	التقط	Imperfective	Present	Male	Plural	obtain;receive;collect	Atelic	Activity
000000546556.jpg	مجموعة من الخرفان	MSA	NA	NA	NA	NA	NA	NA	NA	NA	NA
000000546626.jpg	هاتف محمول وفاكهة وكوب على طاولة	MSA	NA	NA	NA	NA	NA	NA	NA	NA	NA
000000546659.jpg	قطار على السكة الحديد	MSA	NA	NA	NA	NA	NA	NA	NA	NA	NA
000000546717.jpg	فتاة تجلس امام اللاب توب	MSA	تجلس	جلس	Imperfective	Present	Female	Singular	sit	Stative	State
000000546823.jpg	شارع كبير ملئ بالناس	MSA	NA	NA	NA	NA	NA	NA	NA	NA	NA
000000546826.jpg	يد مقص وقلم	MSA	NA	NA	NA	NA	NA	NA	NA	NA	NA
000000546829.jpg	كلب على مقعد	MSA	NA	NA	NA	NA	NA	NA	NA	NA	NA
000000546964.jpg	مجموعة  الناس فى متحف كبير	MSA	NA	NA	NA	NA	NA	NA	NA	NA	NA
000000546976.jpg	شاب على دراجة نارية	MSA	NA	NA	NA	NA	NA	NA	NA	NA	NA
000000547144.jpg	اجهزة كمبيوتر	MSA	NA	NA	NA	NA	NA	NA	NA	NA	NA
000000547336.jpg	فتاة تحمل دفتر وقلم	MSA	تحمل	حمل	Imperfective	Present	Female	Singular	carry;bear;transport	Atelic	Temporary State
000000547383.jpg	خروفان يجلسان فى البحر	MSA	يجلسان	جلس	Imperfective	Present	Male	Dual	sit	Stative	State
000000547502.jpg	كلاب تلعب بالكورة	MSA	تلعب	لعب	Imperfective	Present	Male	Plural	play	Atelic	Activity
000000547519.jpg	دب اسمر ضخم يمشى فى الغابة	Egyptian	يمشى	مشى	Imperfective	Present	Male	Singular	walk;proceed	Atelic	Activity
000000547816.jpg	حمام	MSA	NA	NA	NA	NA	NA	NA	NA	NA	NA
000000547854.jpg	طفلة تأكل	MSA	تأكل	اكل	Imperfective	Present	Female	Singular	eat;consume	Atelic	Activity
000000547886.jpg	شباب يركبون احصنة	MSA	يركبون	ركب	Imperfective	Present	Male	Plural	install;assemble;put_together	Atelic	Activity
000000548246.jpg	ناس فى ملعب تنس	MSA	NA	NA	NA	NA	NA	NA	NA	NA	NA
000000548267.jpg	خرفان كثيرة وسط الخضراء	MSA	NA	NA	NA	NA	NA	NA	NA	NA	NA
000000548339.jpg	لاعب بيسبول يركل الكورة	MSA	يركل	ركل	Imperfective	Present	Male	Singular	kick	Atelic	Activity
000000548506.jpg	فواكة	MSA	NA	NA	NA	NA	NA	NA	NA	NA	NA
000000548524.jpg	شاب يتزحلق على الجليد	MSA	يتزحلق		Imperfective	Present	Male	Singular	slide;slip	Atelic	Activity
000000548555.jpg	ساندوتش سجق	Egyptian	NA	NA	NA	NA	NA	NA	NA	NA	NA
000000548780.jpg	فتاتان تجلسان على مقعد	MSA	تجلسان	جلس	Imperfective	Present	Female	Dual	sit	Stative	State
000000549055.jpg	شخص يمارس التزحلق على الجليد	MSA	يمارس	مارس	Imperfective	Present	Male	Singular	practice;pursue;exercise	Atelic	Activity
000000549136.jpg	اسلاك عالية واشجار	MSA	NA	NA	NA	NA	NA	NA	NA	NA	NA
000000549167.jpg	طبق به طعام	MSA	NA	NA	NA	NA	NA	NA	NA	NA	NA
000000549220.jpg	كلب فوق اداة تزحلق	MSA	NA	NA	NA	NA	NA	NA	NA	NA	NA
000000549390.jpg	مجموعة من الناس يركبون دراجات بخارية	MSA	يركبون	ركب	Imperfective	Present	Male	Plural	install;assemble;put_together	Atelic	Activity
000000549674.jpg	جهاز كمبيوتر وشاشتين	MSA	NA	NA	NA	NA	NA	NA	NA	NA	NA
000000549738.jpg	طائرة ورقية فى تحلق فى الهواء	MSA	تحلق	حلق	Imperfective	Present	Female	Singular	fly	Atelic	Activity
000000549930.jpg	شاب وفتاة تحت شمسية	MSA	NA	NA	NA	NA	NA	NA	NA	NA	NA
000000550084.jpg	لوحة على الطريق	MSA	NA	NA	NA	NA	NA	NA	NA	NA	NA
000000550322.jpg	اداوت منزلة	MSA	NA	NA	NA	NA	NA	NA	NA	NA	NA
000000550349.jpg	اتوبيس بجانب الطريق	MSA	NA	NA	NA	NA	NA	NA	NA	NA	NA
000000550426.jpg	فازة ورد	MSA	NA	NA	NA	NA	NA	NA	NA	NA	NA
000000550471.jpg	قطعة برتقال	MSA	NA	NA	NA	NA	NA	NA	NA	NA	NA
000000550691.jpg	طريق به اتوبيس وسيارة	MSA	NA	NA	NA	NA	NA	NA	NA	NA	NA
000000550714.jpg	طفل يأكل موز	MSA	يأكل	اكل	Imperfective	Present	Male	Singular	eat;consume	Atelic	Activity
000000550797.jpg	حمام	MSA	NA	NA	NA	NA	NA	NA	NA	NA	NA
000000550939.jpg	لوحة ارشادية ونخل	MSA	NA	NA	NA	NA	NA	NA	NA	NA	NA
000000551215.jpg	فتاة تلعب تنس	MSA	NA	NA	NA	NA	NA	NA	NA	NA	NA
000000551304.jpg	حمام	MSA	NA	NA	NA	NA	NA	NA	NA	NA	NA
000000551350.jpg	مقعد فى الشارع	Egyptian	NA	NA	NA	NA	NA	NA	NA	NA	NA
000000551439.jpg	فتاة تجلس على السرير وتقرا كتاب	MSA	تجلس	جلس	Imperfective	Present	Female	Singular	sit	Stative	State
000000551439.jpg	فتاة تجلس على السرير وتقرا كتاب	MSA	تقرا	قرأ	Imperfective	Present	Female	Singular	read	Atelic	Activity
000000551660.jpg	خضار فى طبق	Egyptian	NA	NA	NA	NA	NA	NA	NA	NA	NA
000000551780.jpg	ساعة حائط	MSA	NA	NA	NA	NA	NA	NA	NA	NA	NA
000000551794.jpg	شاب على دراجة بخارية	MSA	NA	NA	NA	NA	NA	NA	NA	NA	NA
000000551804.jpg	لاعبة تنس فى ارض الملعب	Egyptian	NA	NA	NA	NA	NA	NA	NA	NA	NA
000000551815.jpg	قطتان على السرير	MSA	NA	NA	NA	NA	NA	NA	NA	NA	NA
000000551820.jpg	مجموعة من الناس تعلب تنس فى صالة	Egyptian	تلعب	لعب	Imperfective	Present	Female	Plural	play	Atelic	Activity
000000551822.jpg	ساندوتش ومشروب ساخن	Egyptian	NA	NA	NA	NA	NA	NA	NA	NA	NA
000000552371.jpg	حصان فى الحظيرة	Egyptian	NA	NA	NA	NA	NA	NA	NA	NA	NA
000000552612.jpg	خرفان تأكل عشب	MSA	NA	NA	NA	NA	NA	NA	NA	NA	NA
000000552775.jpg	شاب فى المطبخ	Egyptian	NA	NA	NA	NA	NA	NA	NA	NA	NA
000000552842.jpg	لاعب بيسبول فى الملعب	Egyptian	NA	NA	NA	NA	NA	NA	NA	NA	NA
000000552883.jpg	مطبخ كبير	Egyptian	NA	NA	NA	NA	NA	NA	NA	NA	NA
000000552902.jpg	حمار وحشى يأكل عشب	Egyptian	يأكل	اكل	Imperfective	Present	Male	Singular	eat;consume	Atelic	Activity
000000553094.jpg	طائرة تحلق فى الهواء	Egyptian	تحلق	حلق	Imperfective	Present	Female	Singular	fly	Atelic	Activity
000000553221.jpg	شاب يحلق فى الهواء بمظلة	Egyptian	يحلق	حلق	Imperfective	Present	Male	Singular	fly	Atelic	Activity
000000553339.jpg	لوحات ارشادية على الطريق	Egyptian	NA	NA	NA	NA	NA	NA	NA	NA	NA
000000553511.jpg	مبانى ضخمه وسيارات	MSA	NA	NA	NA	NA	NA	NA	NA	NA	NA
000000553664.jpg	لاب توب على المكتب	MSA	NA	NA	NA	NA	NA	NA	NA	NA	NA
000000553669.jpg	شاب يقرأ وهو جالس	MSA	يقرأ	قرأ	Imperfective	Present	Male	Singular	read	Atelic	Activity
000000553731.jpg	رجل يتحدث فى الهاتف	Egyptian	يتحدث	تحدث	Imperfective	Present	Male	Singular	speak;discuss	Atelic	Activity
000000553776.jpg	رجل يقود دراجة نارية	MSA	يقود	قاد	Imperfective	Present	Male	Singular	lead;guide	Atelic	Activity
000000553788.jpg	فتاة تنظر الى اللاب توب على السرير	MSA	تنظر	نظر	Imperfective	Present	Female	Singular	look;observe;see	Atelic	Activity
000000553990.jpg	شاب فوق حصان يقفز من على حاجز	MSA	يقفز	قفز	Imperfective	Present	Male	Singular	jump;leap	Atelic	Activity
000000554002.jpg	كلب اسمر	MSA	NA	NA	NA	NA	NA	NA	NA	NA	NA
000000554156.jpg	لاعب تنس	MSA	NA	NA	NA	NA	NA	NA	NA	NA	NA
000000554266.jpg	غرفة معيشة	MSA	NA	NA	NA	NA	NA	NA	NA	NA	NA
000000554291.jpg	كلب يلعب	MSA	يلعب	لعب	Imperfective	Present	Male	Singular	play	Atelic	Activity
000000554328.jpg	لاعبي بيسبول	MSA	NA	NA	NA	NA	NA	NA	NA	NA	NA
000000554579.jpg	فتيات وكلب	MSA	NA	NA	NA	NA	NA	NA	NA	NA	NA
000000554595.jpg	رجل على الشاطئ	MSA	NA	NA	NA	NA	NA	NA	NA	NA	NA
000000554735.jpg	قطعة بيتزا	MSA	NA	NA	NA	NA	NA	NA	NA	NA	NA
000000554838.jpg	تلاجة فى منزل	Egyptian	NA	NA	NA	NA	NA	NA	NA	NA	NA
000000555005.jpg	كلب نائم	MSA	NA	NA	NA	NA	NA	NA	NA	NA	NA
000000555009.jpg	اجهزة كمبيوتر	MSA	NA	NA	NA	NA	NA	NA	NA	NA	NA
000000555012.jpg	حمام	MSA	NA	NA	NA	NA	NA	NA	NA	NA	NA
000000555050.jpg	سيارة تمشى فى الشارع	Egyptian	تمشى	مشى	Imperfective	Present	Female	Singular	walk;proceed	Atelic	Activity
000000555412.jpg	بيتزا خضار	MSA	NA	NA	NA	NA	NA	NA	NA	NA	NA
000000555597.jpg	سيارات فى الطريق ومبانى وقديمة	MSA	NA	NA	NA	NA	NA	NA	NA	NA	NA
000000555705.jpg	قطتان فوق حذاء	MSA	NA	NA	NA	NA	NA	NA	NA	NA	NA
000000555972.jpg	فازة ورد على مكتب	MSA	NA	NA	NA	NA	NA	NA	NA	NA	NA
000000556000.jpg	اطفال يشاهدون التليفزيون	MSA	يشاهدون	شاهد	Imperfective	Present	Male	Plural	watch;observe;witness	Atelic	Activity
000000556158.jpg	شاب يتزحلق على الجليد	MSA	يتزحلق	تزحلق	Imperfective	Present	Male	Plural	slide;slip	Atelic	Activity
000000556193.jpg	شابان يقومان بضبط التلفاز	MSA	يقومان	قام	Imperfective	Present	Male	Dual	undertake;carry_out	Atelic	Activity
000000556498.jpg	عمود اضاءة امام مبنى	MSA	NA	NA	NA	NA	NA	NA	NA	NA	NA
000000556765.jpg	فيل صغير على الشاطئ	MSA	NA	NA	NA	NA	NA	NA	NA	NA	NA
000000556873.jpg	تورتة امام زرع	MSA	NA	NA	NA	NA	NA	NA	NA	NA	NA
000000557172.jpg	حوض ماء فى حمام	Egyptian	NA	NA	NA	NA	NA	NA	NA	NA	NA
000000557258.jpg	حمام	MSA	NA	NA	NA	NA	NA	NA	NA	NA	NA
000000557501.jpg	حمام واحواص مياه	MSA	NA	NA	NA	NA	NA	NA	NA	NA	NA
000000557672.jpg	فتاة تحمل شمسية	MSA	تحمل	حمل	Imperfective	Present	Female	Singular	carry;bear;transport	Atelic	Activity
000000557884.jpg	زرعة خضراء فى فازة	MSA	NA	NA	NA	NA	NA	NA	NA	NA	NA
000000557916.jpg	فتاة تنظر على دب صغير على السرير	MSA	تنظر	نظر	Imperfective	Present	Female	Singular	look;observe;see	Atelic	Activity
000000558073.jpg	قطة تنظر بغضب	MSA	تنظر	نظر	Imperfective	Present	Female	Singular	look;observe;see	Atelic	Activity
000000558114.jpg	لاعبي كرة سلة فى الملعب	MSA	NA	NA	NA	NA	NA	NA	NA	NA	NA
000000558213.jpg	شاب يقوم بالتزحلق والقفز	MSA	يقوم	قام	Imperfective	Present	Male	Singular	undertake;carry_out	Atelic	Activity
000000558421.jpg	قطار على السكة الحديد	MSA	NA	NA	NA	NA	NA	NA	NA	NA	NA
000000558558.jpg	سيارة فى الشارع	Egyptian	NA	NA	NA	NA	NA	NA	NA	NA	NA
000000558854.jpg	اكل ومشروبات على الطاولة	MSA	NA	NA	NA	NA	NA	NA	NA	NA	NA
000000559099.jpg	بقر فى مزرعة	Egyptian	NA	NA	NA	NA	NA	NA	NA	NA	NA
000000559160.jpg	شاب يحمل اداة تزحلق	MSA	يحمل	حمل	Imperfective	Present	Male	Singular	carry;bear;transport	Atelic	Activity
000000559348.jpg	لاعبى بيسبول فى الملعب	MSA	NA	NA	NA	NA	NA	NA	NA	NA	NA
000000559513.jpg	وجبة فى طبق على طاولة	MSA	NA	NA	NA	NA	NA	NA	NA	NA	NA
000000559543.jpg	فتاة تقف فى الصالة	MSA	NA	NA	NA	NA	NA	NA	NA	NA	NA
000000559547.jpg	جنود قدامى يلتقطون صورة	MSA	يلتقطون	التقط	Imperfective	Present	Male	Plural	obtain;receive;collect	Atelic	Activity
000000559707.jpg	وجبة مكرونة	MSA	NA	NA	NA	NA	NA	NA	NA	NA	NA
000000559842.jpg	اطفال يلعبون	MSA	يلعبون	لعب	Imperfective	Present	Male	Plural	play	Atelic	Activity
000000559956.jpg	فتيات تلعب مع الخرفان	MSA	تلعب	لعب	Imperfective	Present	Female	Plural	play	Atelic	Activity
000000560011.jpg	لوحة كتابة وماوس	MSA	NA	NA	NA	NA	NA	NA	NA	NA	NA
000000560178.jpg	جزرة فى يد شخص	MSA	NA	NA	NA	NA	NA	NA	NA	NA	NA
000000560256.jpg	محل لبيع الفاكهة والخضار	MSA	NA	NA	NA	NA	NA	NA	NA	NA	NA
000000560266.jpg	دبان فى النهر	MSA	NA	NA	NA	NA	NA	NA	NA	NA	NA
000000560279.jpg	حمام	MSA	NA	NA	NA	NA	NA	NA	NA	NA	NA
0000000560312.jpg	مكان غريب	MSA	NA	NA	NA	NA	NA	NA	NA	NA	NA
000000560371.jpg	لوحات ارشادية على الطريق	MSA	NA	NA	NA	NA	NA	NA	NA	NA	NA
000000560474.jpg	سيارة فوقها اشياء غريبة	MSA	NA	NA	NA	NA	NA	NA	NA	NA	NA
000000560880.jpg	حصانين ومزارع فى الحقل	MSA	NA	NA	NA	NA	NA	NA	NA	NA	NA
000000560911.jpg	شاب يجلس على مقعد	MSA	يجلس	جلس	Imperfective	Present	Male	Singular	sit	Stative	State
000000561009.jpg	طائر يقف فوق شجرة	MSA	يقف	وقف	Imperfective	Present	Male	Singular	stop;cease;stand	Atelic	Activity
000000561223.jpg	شاب يمارس رياشة التزحلق على الجليد	MSA	يمارس	مارس	Imperfective	Present	Male	Singular	practice;pursue;exercise	Atelic	Activity
000000561256.jpg	امراءة تقوم بالتقاط صور بكاميرا	MSA	تقوم	قام	Imperfective	Present	Female	Singular	undertake;carry_out	Atelic	Activity
000000561335.jpg	مركب وسط غابة	MSA	NA	NA	NA	NA	NA	NA	NA	NA	NA
000000561366.jpg	الة حاسبة وهاتف	MSA	NA	NA	NA	NA	NA	NA	NA	NA	NA
000000561465.jpg	وجبة و حلويات	MSA	NA	NA	NA	NA	NA	NA	NA	NA	NA
000000561679.jpg	لوحة ارشادية فى الشارع	MSA	NA	NA	NA	NA	NA	NA	NA	NA	NA
000000561889.jpg	وجبة فى طبق	MSA	NA	NA	NA	NA	NA	NA	NA	NA	NA
000000561958.jpg	ثلوج واطفال و كبار فى الشارع	MSA	NA	NA	NA	NA	NA	NA	NA	NA	NA
000000562059.jpg	وجبة وفاكهة	MSA	NA	NA	NA	NA	NA	NA	NA	NA	NA
000000562121.jpg	حمير وحشية تتعارك فى الغابة	MSA	تتعارك	تعارك	Imperfective	Present	Female	Singular	fight;quarrel	Atelic	Temporary State
000000562197.jpg	وجبات خضار	MSA	NA	NA	NA	NA	NA	NA	NA	NA	NA
000000562207.jpg	مجموعة من الناس حول فيل ضخم	MSA	NA	NA	NA	NA	NA	NA	NA	NA	NA
000000562229.jpg	طفل يقوم بالتزحلق	MSA	يقوم	قام	Imperfective	Present	Male	Singular	undertake;carry_out	Atelic	Activity
000000562243.jpg	شاب يرتدى نظارة	Egyptian	يرتدى	ارتدى	Imperfective	Present	Male	Singular	wear;put_on	Stative	State
000000562443.jpg	حمير وحشية تاكل عشب	MSA	تاكل	اكل	Imperfective	Present	Male	Plural	eat;consume	Atelic	Activity
000000562448.jpg	اتوبيس على الطريق	Egyptian	NA	NA	NA	NA	NA	NA	NA	NA	NA
000000562561.jpg	كلاب فى الحديقة	MSA	NA	NA	NA	NA	NA	NA	NA	NA	NA
000000562581.jpg	لاعب تنس فى الملعب	MSA	NA	NA	NA	NA	NA	NA	NA	NA	NA
000000562818.jpg	مجموعة من الناس يقومون بالتزحلق على الجليد	MSA	يقومون	قام	Imperfective	Present	Male	Plural	undertake;carry_out	Atelic	Activity
000000562843.jpg	مقص وهاتف وكوب	MSA	NA	NA	NA	NA	NA	NA	NA	NA	NA
000000563267.jpg	شابان يقفان بجانب طاولة	MSA	يقفان	وقف	Imperfective	Present	Male	Dual	stop;cease;stand	Stative	State
000000563281.jpg	طفل يمسك بفرشاة	MSA	يمسك	امسك	Imperfective	Present	Male	Singular	seize;hold	Stative	State
000000563349.jpg	شاب يقوم بالقفز فى الهواء بالمنطاد	Egyptian	يقوم	قام	Imperfective	Present	Male	Singular	undertake;carry_out	Atelic	Activity
000000563470.jpg	فتاة تتكأ على عصا بيسبول	MSA	تتكأ	اتكأ	Imperfective	Present	Female	Singular	lean_on	Stative	State
000000563603.jpg	زرافات تحت شجرة	MSA	NA	NA	NA	NA	NA	NA	NA	NA	NA
000000563604.jpg	اعمال صيانة فى الحديقة	MSA	NA	NA	NA	NA	NA	NA	NA	NA	NA
000000563648.jpg	صالة تزحلق وبها مجموعة من الناس	MSA	NA	NA	NA	NA	NA	NA	NA	NA	NA
000000563653.jpg	سيارات على الطريق	MSA	NA	NA	NA	NA	NA	NA	NA	NA	NA
000000563702.jpg	سيارة مطافئ	MSA	NA	NA	NA	NA	NA	NA	NA	NA	NA
000000563758.jpg	دمية صغيرة	MSA	NA	NA	NA	NA	NA	NA	NA	NA	NA
000000563882.jpg	بشر يمسكون بالهواتف	MSA	يمسكون	امسك	Imperfective	Present	Male	Plural	seize;hold;refrain_from	Stative	State
000000564023.jpg	حمام	MSA	NA	NA	NA	NA	NA	NA	NA	NA	NA
000000564091.jpg	فتاة تتحدث فى الهاتف	MSA	تتحدث	تحدث	Imperfective	Present	Female	Singular	speak;discuss	Atelic	Activity
000000564127.jpg	حمام	MSA	NA	NA	NA	NA	NA	NA	NA	NA	NA
000000564133.jpg	افيال يمشون فى الغابة	Egyptian	يمشون	مشى	Imperfective	Present	Male	Plural	walk;proceed	Atelic	Activity
000000564280.jpg	كلب يجلس على مقعد	MSA	يجلس	جلس	Imperfective	Present	Male	Singular	sit	Stative	State
000000564336.jpg	شاب يعمل على اللاب توب	MSA	يعمل	عمل	Imperfective	Present	Male	Singular	work;function;act	Atelic	Activity
000000565012.jpg	طريق بيه اضاءات كثيرة	MSA	NA	NA	NA	NA	NA	NA	NA	NA	NA
000000565045.jpg	مكان للاستحمام	MSA	NA	NA	NA	NA	NA	NA	NA	NA	NA
000000565153.jpg	لوحات ارشادية بجانب الطريق	MSA	NA	NA	NA	NA	NA	NA	NA	NA	NA
000000565391.jpg	قطة فوق سيارة	MSA	NA	NA	NA	NA	NA	NA	NA	NA	NA
000000565469.jpg	برج عالى به ساعة ضخمة	MSA	NA	NA	NA	NA	NA	NA	NA	NA	NA
000000565563.jpg	سيارات كثيرة على جانب الطريق	MSA	NA	NA	NA	NA	NA	NA	NA	NA	NA
000000565597.jpg	قطع بتيزا فى الطبق	MSA	NA	NA	NA	NA	NA	NA	NA	NA	NA
000000565607.jpg	رزع بالوان كثيرة وجميلة	MSA	NA	NA	NA	NA	NA	NA	NA	NA	NA
000000565624.jpg	فبل داخل الحديقة	MSA	NA	NA	NA	NA	NA	NA	NA	NA	NA
000000565776.jpg	مطبخ كبير	MSA	NA	NA	NA	NA	NA	NA	NA	NA	NA
000000565778.jpg	قطار به ناس	MSA	NA	NA	NA	NA	NA	NA	NA	NA	NA
000000565853.jpg	شاب يشاهد التلفاز	MSA	يشاهد	يشاهد	Imperfective	Present	Male	Singular	watch;observe;witness	Atelic	Activity
000000565877.jpg	فتاة تحمل لاب توب على رجلها	MSA	تحمل	حمل	Imperfective	Present	Female	Singular	carry;bear;transport	Stative	Static
000000565962.jpg	قطة تنظر لتمثال صغير	MSA	تنظر	نظر	Imperfective	Present	Female	Singular	look;observe;see	Stative	Static
000000565989.jpg	ساعة فوق منزل	MSA	NA	NA	NA	NA	NA	NA	NA	NA	NA
000000566042.jpg	زرافات فى الحديقة	MSA	NA	NA	NA	NA	NA	NA	NA	NA	NA
000000566282.jpg	شابان يلعبان الكرة فى الشارع	MSA	يلعبان	لعب	Imperfective	Present	Male	Dual	play	Atelic	Activity
000000566436.jpg	شاب يجلس اعلى المقعد	MSA	يجلس	جلس	Imperfective	Present	Male	Singular	sit	Stative	Static
000000566524.jpg	قطار يمشى على السكة الحديد	MSA	يمشى	مشى	Imperfective	Present	Male	Singular	walk;proceed	Atelic	Activity
000000566758.jpg	اتوبيس على جانب الطريق	MSA	NA	NA	NA	NA	NA	NA	NA	NA	NA
000000566923.jpg	شاب ملطخ بالدماء يحاول فتح الخزان	MSA	يحاول	حاول	Imperfective	Present	Male	Singular	attempt	Atelic	Activity
000000567011.jpg	شاب يمارس رياضة التزحلق على الماء	MSA	يمارس	مارس	Imperfective	Present	Male	Singular	practice;pursue;exercise	Atelic	Activity
000000567197.jpg	ماركت كبير امامه سيارات	MSA	NA	NA	NA	NA	NA	NA	NA	NA	NA
000000567432.jpg	طائرة تحلق فى الهواء	Egyptian	تحلق	حلق	Imperfective	Present	Female	Singular	fly	Atelic	Activity
000000567640.jpg	شباب يلعبون الكرة	MSA	يلعبون	لعب	Imperfective	Present	Male	Plural	play	Atelic	Activity
000000567740.jpg	فتيات يرتدون اداوت التزحلق على الجليد	MSA	يرتدون	ارتدى	Imperfective	Present	Female	Plural	wear;put_on	Stative	Static
000000567825.jpg	ساندوتش ومشروب	MSA	NA	NA	NA	NA	NA	NA	NA	NA	NA
000000567886.jpg	دب صغير على الارض	MSA	NA	NA	NA	NA	NA	NA	NA	NA	NA
000000567898.jpg	اطباق اكلات سريغة	MSA	NA	NA	NA	NA	NA	NA	NA	NA	NA
000000568147.jpg	اداة فى الشارع	MSA	NA	NA	NA	NA	NA	NA	NA	NA	NA
000000568195.jpg	رجل وفتيات يقومون بتقطيع التورتة	MSA	يقومون	قام	Imperfective	Present	Male	Plural	undertake;carry_out	Atelic	Activity
000000568213.jpg	شابان يلعبان فى الحديقة	Egyptian	يلعبان	لعب	Imperfective	Present	Male	Dual	play	Atelic	Activity
000000568290.jpg	اتوبيس على الطريق	MSA	NA	NA	NA	NA	NA	NA	NA	NA	NA
000000568439.jpg	رجل يمشى بجانب الطريق	MSA	يمشى	مشى	Imperfective	Present	Male	Singular	walk;proceed	Atelic	Activity
000000568584.jpg	مقاعد فى منزل	MSA	NA	NA	NA	NA	NA	NA	NA	NA	NA
000000568690.jpg	قطة فوق حمام	MSA	NA	NA	NA	NA	NA	NA	NA	NA	NA
000000568710.jpg	غرفة ضيوف فى منزل	MSA	NA	NA	NA	NA	NA	NA	NA	NA	NA
000000568814.jpg	شاب بعيون خضراء	MSA	NA	NA	NA	NA	NA	NA	NA	NA	NA
000000568981.jpg	رجل يلتقط الصور من وسط الحائط	MSA	يلتقط	التقط	Imperfective 	Present	Male	Singular	obtain;receive;collect	Atelic	Activity
000000569030.jpg	شارع به اناس	MSA	NA	NA	NA	NA	NA	NA	NA	NA	NA
000000569059.jpg	جهاز كمبيوتر على مكتب	MSA	NA	NA	NA	NA	NA	NA	NA	NA	NA
000000569273.jpg	مجموعة من الناس يمشون على الطريق	MSA	يمشون	مشى	Imperfective	Present	Male	Plural	walk;proceed	Atelic	Activity
000000569565.jpg	شاحنات على جانب الطريق	MSA	NA	NA	NA	NA	NA	NA	NA	NA	NA
000000569700.jpg	فازة بها ورد جميل	MSA	NA	NA	NA	NA	NA	NA	NA	NA	NA
000000569825.jpg	شاب يشرب السجائر	MSA	يشرب	شرب	Imperfective	Present	Male	Singular	drink	Atelic	Activity
000000569917.jpg	حوض مياة	MSA	NA	NA	NA	NA	NA	NA	NA	NA	NA
000000569972.jpg	شاب يمسك باداوت التزحلق على المياه	MSA	يمسك	امسك	Imperfective	Present	Male	Singular	be_seized;be_held	Stative	State
000000569976.jpg	طفلة تقوم بعمل استشوار	MSA	تقوم	قام	Imperfective	Present	Female	Singular	undertake;carry_out	Atelic	Activity
000000570169.jpg	دمية صغيرة امام العاب اطفال	MSA	NA	NA	NA	NA	NA	NA	NA	NA	NA
000000570448.jpg	رجل فوق مركب فى البحر	MSA	NA	NA	NA	NA	NA	NA	NA	NA	NA
000000570456.jpg	منزل من الداخل	MSA	NA	NA	NA	NA	NA	NA	NA	NA	NA
000000570471.jpg	اصدقاء يقومون بتقطيع التورتة	MSA	يقومون	قام	Imperfective	Present	Male	Plural	undertake;carry_out	Atelic	Activity
000000570539.jpg	ركاب داخل الاتوبيس	MSA	NA	NA	NA	NA	NA	NA	NA	NA	NA
000000570664.jpg	شاب يلعب مع قطتان	MSA	يلعب	لعب	Imperfective	Present	Male	Singular	play	Atelic	Activity
000000570688.jpg	ناس يلعبون بطائرات لعبة	MSA	يلعبون	لعب	Imperfective	Present	Male	Plural	play	Atelic	Activity
000000570736.jpg	حمام	MSA	NA	NA	NA	NA	NA	NA	NA	NA	NA
000000570756.jpg	ناس يلعبون بطائرات	MSA	يلعبون	لعب	Imperfective	Present	Male	Plural	play	Atelic	Activity
000000570782.jpg	اجهزة كمبيوتر فوق مكتب	MSA	NA	NA	NA	NA	NA	NA	NA	NA	NA
000000570834.jpg	درجات هوائية	MSA	NA	NA	NA	NA	NA	NA	NA	NA	NA
000000571008.jpg	لوحة ارشادية	MSA	NA	NA	NA	NA	NA	NA	NA	NA	NA
000000571264.jpg	شاب امام دراجة نارية	MSA	NA	NA	NA	NA	NA	NA	NA	NA	NA
000000571313.jpg	مكتب صغير عليه كمبيوتر	MSA	NA	NA	NA	NA	NA	NA	NA	NA	NA
000000571598.jpg	رجال يحملون اجهزة	MSA	يحملون	حمل	Imperfective	Present	Male	Plural	carry;bear;transport	Stative	State
000000571718.jpg	رجل يبيع موز	MSA	يبيع	باع	Imperfective	Present	Male	Singular	sell	Atelic	Activity
000000571804.jpg	ادوات صرف صحى	MSA	NA	NA	NA	NA	NA	NA	NA	NA	NA
000000571857.jpg	رجل وامراءة وخلفهم طائرة	MSA	NA	NA	NA	NA	NA	NA	NA	NA	NA
000000571893.jpg	مجموعة من الكتب على الرف	MSA	NA	NA	NA	NA	NA	NA	NA	NA	NA
000000571943.jpg	اشارة مرور	MSA	NA	NA	NA	NA	NA	NA	NA	NA	NA
000000572303.jpg	قطار قديم	MSA	NA	NA	NA	NA	NA	NA	NA	NA	NA
000000572388.jpg	دمية صغيرة	MSA	NA	NA	NA	NA	NA	NA	NA	NA	NA
000000572408.jpg	حيوان فى الغابة	MSA	NA	NA	NA	NA	NA	NA	NA	NA	NA
000000572462.jpg	ناس داخل قطار سريع	MSA	NA	NA	NA	NA	NA	NA	NA	NA	NA
000000572517.jpg	دب ابيض امام بحيرة	MSA	NA	NA	NA	NA	NA	NA	NA	NA	NA
000000572555.jpg	قطار سريع فى المحطة	MSA	NA	NA	NA	NA	NA	NA	NA	NA	NA
000000572620.jpg	شاب يقفز امام الناس	MSA	يقفز	قفز	Imperfective	Present	Male	Singular	jump;leap	Atelic	Activity
000000572678.jpg	غرفة جلوس فى منزل	MSA	NA	NA	NA	NA	NA	NA	NA	NA	NA
000000572900.jpg	شباب يلعبون	MSA	NA	NA	NA	NA	NA	NA	NA	NA	NA
000000572956.jpg	درجات نارية	MSA	NA	NA	NA	NA	NA	NA	NA	NA	NA
000000573008.jpg	نهر كبير ومبانى ضخمة	MSA	NA	NA	NA	NA	NA	NA	NA	NA	NA
000000573094.jpg	دراجة هوائية داخل المنزل	MSA	NA	NA	NA	NA	NA	NA	NA	NA	NA
000000573258.jpg	فتاة ترتدى اداوت التزحلق على الجليد	Egyptian	ترتدى	ارتدى	Imperfective	Present	Female	Singular	wear;put_on	Stative	Static
000000573391.jpg	دب اسمر فى الغابة	MSA	NA	NA	NA	NA	NA	NA	NA	NA	NA
000000573626.jpg	حيوانات فى الغابة بجانب النهر	MSA	NA	NA	NA	NA	NA	NA	NA	NA	NA
000000573943.jpg	مجموعة من الشواحن	MSA	NA	NA	NA	NA	NA	NA	NA	NA	NA
000000574297.jpg	شخص فوق الحصان	MSA	NA	NA	NA	NA	NA	NA	NA	NA	NA
000000574315.jpg	قطة امام اللاب توب	MSA	NA	NA	NA	NA	NA	NA	NA	NA	NA
000000574425.jpg	سيارات بجانب الطريق	MSA	NA	NA	NA	NA	NA	NA	NA	NA	NA
000000574520.jpg	شاب يتزحلق على الماء	MSA	يتزحلق	تزحلق	Imperfective	Present	Male	Singular	slide;slip	Atelic	Activity
000000574702.jpg	شارع ضيق به درجات نارية وناس	MSA	NA	NA	NA	NA	NA	NA	NA	NA	NA
000000574810.jpg	قطة تنظر من الشباك	MSA	تنظر	نظر	Imperfective	Present	Female	Singular	look;observe;see	Atelic	Activity
000000574823.jpg	شاب يرتدى لبس رياضى	MSA	NA	NA	NA	NA	NA	NA	NA	NA	NA
000000575081.jpg	طفل يلعب امام التلفاز	MSA	يلعب	لعب	Imperfective	Present	Male	Singular	play	Atelic	Activity
000000575187.jpg	رجل ياكل الزرافة	MSA	ياكل	اكل	Imperfective	Present	Male	Singular	eat;consume	Atelic	Activity
000000575205.jpg	طائرة هليكوبتر	MSA	NA	NA	NA	NA	NA	NA	NA	NA	NA
000000575243.jpg	رجل يحمل شمسية ويمشي فى المطر	Egyptian	يحمل	حمل	Imperfective	Present	Male	Singular	carry;bear;transport	Stative	State
000000575243.jpg	رجل يحمل شمسية ويمشي فى المطر	Egyptian	يمشي	مشى	Imperfective	Present	Male	Singular	walk;proceed	Atelic	Activity
000000575357.jpg	كلب يلعب	MSA	يلعب	لعب	Imperfective	Present	Male	Singular	play	Atelic	Activity
000000575372.jpg	اشارات مرور	MSA	NA	NA	NA	NA	NA	NA	NA	NA	NA
000000575500.jpg	شجر موز	MSA	NA	NA	NA	NA	NA	NA	NA	NA	NA
000000575815.jpg	بيتزا	MSA	NA	NA	NA	NA	NA	NA	NA	NA	NA
000000575970.jpg	غرفة منزل	MSA	NA	NA	NA	NA	NA	NA	NA	NA	NA
000000576031.jpg	شباب يتزحلقون على الجليد	MSA	يتزحلقون	تزحلق	Imperfective	Present	Male	Plural	slide;slip	Atelic	Activity
000000576052.jpg	شخص فوق الحصان	MSA	NA	NA	NA	NA	NA	NA	NA	NA	NA
000000576566.jpg	شاب يقفز للاعلى	MSA	يقفز	قفز	Imperfective	Present	Male	Singular	jump;leap	Atelic	Activity
000000576654.jpg	شخص يمسك بالمنتطاد	MSA	يمسك	مسك	Imperfective	Present	Male	Singular	jump;leap	Stative	State
000000576955.jpg	فتاة تركب حصان	MSA	تركب	ركب	Imperfective	Present	Female	Singular	ride	Atelic	Activity
000000577149.jpg	حمير وحشية فى الغابة	MSA	NA	NA	NA	NA	NA	NA	NA	NA	NA
000000577182.jpg	عصفور يقف على المقعد	MSA	يقف	وقف	Imperfective	Present	Male	Singular	stop;cease;stand	Stative	State
000000577539.jpg	طبق به حلوى	MSA	NA	NA	NA	NA	NA	NA	NA	NA	NA
000000577584.jpg	ميكروف امامه اناء	MSA	NA	NA	NA	NA	NA	NA	NA	NA	NA
000000577735.jpg	فازة ورد على الارض	MSA	NA	NA	NA	NA	NA	NA	NA	NA	NA
000000577862.jpg	زرافات فى الحديقة	MSA	NA	NA	NA	NA	NA	NA	NA	NA	NA
000000577864.jpg	شباب تلعب كرة	MSA	تعلب	لعب	Imperfective	Present	Male	Singular	play	Atelic	Activity
000000577932.jpg	شارع به سيارات ودرجات وبشر	MSA	NA	NA	NA	NA	NA	NA	NA	NA	NA
000000577959.jpg	شاب يطير طائرة ورقية على الشط	MSA	يطير	طار	Imperfective	Present	Male	Singular	fly	Atelic	Activity
000000577976.jpg	طريق به بعض الصيانة	MSA	NA	NA	NA	NA	NA	NA	NA	NA	NA
000000578093.jpg	محطة قطارات	MSA	NA	NA	NA	NA	NA	NA	NA	NA	NA
000000578236.jpg	حيونات على السلم	MSA	NA	NA	NA	NA	NA	NA	NA	NA	NA
000000578489.jpg	اطفال فى المنزل	MSA	NA	NA	NA	NA	NA	NA	NA	NA	NA
000000578500.jpg	غرفة استقبال مجهزة	MSA	NA	NA	NA	NA	NA	NA	NA	NA	NA
000000578545.jpg	فتاة حامل على السرير	MSA	NA	NA	NA	NA	NA	NA	NA	NA	NA
000000578792.jpg	سباق دراجات	MSA	NA	NA	NA	NA	NA	NA	NA	NA	NA
000000578871.jpg	طفل يأكل الطعام	MSA	يأكل	اكل	Imperfective	Present	Male	Singular	eat;consume	Atelic	Activity
000000578922.jpg	فازة بها ورد احمر	MSA	NA	NA	NA	NA	NA	NA	NA	NA	NA
000000578967.jpg	قطار سريع	MSA	NA	NA	NA	NA	NA	NA	NA	NA	NA
000000579070.jpg	مجموعة من الناس يتناولون مشروبات	MSA	يتناولون	تناول	Imperfective	Present	Male	Plural	deal_with;eat	Atelic	Activity
000000579091.jpg	طبق به أكل	MSA	NA	NA	NA	NA	NA	NA	NA	NA	NA
000000579158.jpg	طائرة تحت الصيانة	MSA	NA	NA	NA	NA	NA	NA	NA	NA	NA
000000579307.jpg	طفل ورجل كبير على الشاطئ	MSA	NA	NA	NA	NA	NA	NA	NA	NA	NA
000000579321.jpg	كلب صغير يرتدى لبس به رسومات	Egyptian	يرتدى	ارتدى	Imperfective	Present	Male	Singular	wear;put_on	Stative	State
000000579635.jpg	شاب يمارس رياضة التزحلق على الجليد	MSA	يمارس	مارس	Imperfective	Present	Male	Singular	practice;pursue;exercise	Atelic	Activity
000000579655.jpg	فتاة تتحدث فى الهاتف	Egyptian	تتحدث	تحدث	Imperfective	Present	Female	Singular	speak;discuss	Atelic	Activity
000000579818.jpg	قطار على السكة الحديد	MSA	NA	NA	NA	NA	NA	NA	NA	NA	NA
000000579893.jpg	لوحات ارشادية	MSA	NA	NA	NA	NA	NA	NA	NA	NA	NA
000000579900.jpg	بيتزا فى طبق	MSA	NA	NA	NA	NA	NA	NA	NA	NA	NA
000000579902.jpg	رجل يركب دراجة نارية	MSA	يركب	ركب	Imperfective	Present	Male	Singular	ride	Atelic	Activity
000000579970.jpg	منزل من الداخل	MSA	NA	NA	NA	NA	NA	NA	NA	NA	NA
000000580197.jpg	رجال تحدثون مع بعضهما	MSA	تحدثون	تحدث	Imperfective	Present	Male	Plural	happen;take_place	Atelic	Activity
000000580294.jpg	فتاة فى المطبخ	Egyptian	NA	NA	NA	NA	NA	NA	NA	NA	NA
000000580410.jpg	غرفة معيشة	MSA	NA	NA	NA	NA	NA	NA	NA	NA	NA
000000580418.jpg	بقر فى وسط الشارع	MSA	NA	NA	NA	NA	NA	NA	NA	NA	NA
000000580757.jpg	اداة لاطفأ الحريق	MSA	NA	NA	NA	NA	NA	NA	NA	NA	NA
000000581062.jpg	شاب يتزحلق على الطريق	MSA	يتزحلق	تزحلق	Imperfective	Present	Male	Singular	slide;slip	Atelic	Activity
000000581100.jpg	مجموعة من الزرافات فى الغابة	MSA	NA	NA	NA	NA	NA	NA	NA	NA	NA
000000581206.jpg	ساندوتش سجق	Egyptian	NA	NA	NA	NA	NA	NA	NA	NA	NA
000000581317.jpg	فتاة تنظر الى الهاتف	MSA	تنظر	نظر	Imperfective	Present	Female	Singular	look;observe;see	Atelic	Activity
000000581357.jpg	شاب يقوم بالقفز لاعلى	MSA	يقوم	قام	Imperfective	Present	Male	Singular	undertake;carry_out	Atelic	Activity
000000581482.jpg	ساعة كبيرة وسط المبنى	MSA	NA	NA	NA	NA	NA	NA	NA	NA	NA
000000581615.jpg	حمام	MSA	NA	NA	NA	NA	NA	NA	NA	NA	NA
000000581781.jpg	فواكة معروضة للبيع	MSA	NA	NA	NA	NA	NA	NA	NA	NA	NA