Sentence Num	Sentence	MSA/Egyptian	V	Lemma	Grammatical Aspect	Tense	Gender	Number	Gloss	Lexical Aspect	Reasoning	
1	حتى الآن لا تزال المدينة تحت سيطرة الدولة السورية	MSA	تزال	زال	Imperfective	Present	Female	Singular	cease;stop_being;stop_doing	Stative	State
2	والوحيد الذي لم يسقط إلى دوري الدرجة الثانية منذ انضمامه سنة 1908	MSA	يسقط	سَقَطُ	Imperfective	Present	Male	Singular	fall;drop	Telic	Accomplishment
3	غالبا ما تكون النوبة طارئا طبيا يهدد حياة المريض ويستدعي الرعاية الطبية الفورية	MSA	ويستدعي	استدعى	Imperfective	Present	Male	Singular	summon;invoke	Stative	State
4	فتمتلك خامس أكبر احتياطي نفطي في العالم	MSA	فتمتلك	امتلك	Imperfective	Present	Female	Singular	possess;acquire	Stative	State
5	ونقدم له ما يحب أن يسمعه ويراه	MSA	ونقدم	قدم	Imperfective	Present	Male	Plural	offer;present;introduce	Atelic	Activity
6	التي كانت تمتد من الساحل جنوب روما إلى حدود البندقية شمالا قاسمة بذلك إيطاليا إلى ثلاث أقسام	MSA	تمتد	امتد	Imperfective	Present	Female	Singular	extend;reach;spread	Telic	Accomplishment
7	أصدرت هذه المستعمرات إعلان الاستقلال في الرابع من يوليو عام 1776	MSA	أصدرت	اصدرت	Perfective	Past	Female	Singular	issue;publish	Atelic	Temporary Activity
8	أشهرهم إليزابيث الأولى قبل أن تصبح ملكة	MSA	تصبح	اصبح	Imperfective	Present	Female	Singular	become;begin;start	Telic	Accomplishment
9	تطورت الحياة في جنين بصورة متسارعة عبر ما يزيد عن القرن بازدياد عدد اللاجئين إليها	MSA	يزيد	زاد	Imperfective	Present	Male	Singular	increase;exceed;add	Atelic	Temporary Activity
10	وبقيت حيفا جزءا من الدولة الإسلامية طيلة العهد الأموي والعباسي	MSA	وبقيت	بقي	Perfective	Present	Female	Singular	remain;last	Stative	Temporary Activity
11	جرت بعض الخلافات خلال تصفيات البطولة	MSA	جرت	جرى	Perfective	Past	Female	Singular	occur;happen;take_place;flow	Atelic	Temporary Activity
12	ثم شرع في انتزاع ممتلكاتهم الواحدة تلو الأخرى في سلسلة من الحملات العسكرية التي دامت عشر سنوات	MSA	دامت	دام	Perfective	Past	Female	Singular	last;persevere;continue	Telic	Accomplishment
13	وكان مارك جاتس قد كتب مؤكدا أن الموسم الرابع سيكون مثل سابقه	MSA	كتب	كتب	Perfective	Past	Male	Singular	write	Telic	Accomplishment
14	لا يوجد علاج حالي للزكام	MSA	يوجد	وجد	Imperfective	Present	Male	Singular	be_found;exist	Stative	State
15	تعتبر الجمهورية الرومانية فصلا آخر من روما القديمة والتي استمرت من 509 ق	MSA	استمرت	ٱِسْتَمَرّ	Perfective	Past	Female	Singular	continue	Telic	Accomplishment
16	وتكون بمعنى الطريقة المسلوكة في الدين	MSA	وتكون	كان	Imperfective	Present	Female	Singular	is;are	Stative	State
17	والذي انتهى بمعركة أكتيوم البحرية ليصبح أغسطس قيصر الحكم الوحيد لروما في 2 سبتمبر 31 ق	MSA	انتهى	انتهى	Perfective	Past	Male	Singular	be_concluded;be_completed	Telic	Accomplishment
18	5 مليون وفاة سنويا وتشمل أعراض المرض الرئيسية ضيق في التنفس والسعال وإفراز البلغم	MSA	وتشمل	شمل	Imperfective	Present	Female	Singular	comprise;include;contain	Stative	State
19	تمتعت المدينة بطفرة اقتصادية طويلة الأمد خلال سنوات ما بعد الحرب جاذبة أعدادا ضخمة من المهاجرين القادمين من أرياف جنوب إيطاليا	MSA	تمتعت	تمتع	Perfective	Past	Female	Singular	enjoy	Stative	State
20	الذي يمثل موقعا بيئيا يستقبل المئات من الطيور المهاجرة سنويا والتي تقدر بأزيد من 25	MSA	يمثل	مثل	Imperfective	Present	Male	Singular	represent;constitute;act	Stative	State
21	تعرف بأسماء أخرى في اللغة العربية مثل بيت المقدس	MSA	تعرف	عرف	Imperfective	Present	Female	Singular	know	Stative	State
22	يمكن للاتصال الجنسي الآمن	MSA	يمكن	امكن	Imperfective	Present	Male	Singular	be_possible;make_possible_for	Stative	State
23	يتألف جزيء الماء من ذرة أكسجين مركزية ترتبط بها ذرتي هيدروجين برابطة تساهمية لتكون صيغته	MSA	لتكون	كان	Imperfective	Present	Female	Singular	is;are	Stative	State
24	هزمت الولايات المتمردة بريطانيا العظمى في الحرب الثورية الأمريكية	MSA	هزمت	هزم	Perfective	Past	Female	Singular	defeat	Telic	Accomplishment
25	التي تعد أرخبيلا فتقع في منتصف المحيط الهادئ	MSA	تعد	اعد	Imperfective	Present	Female	Singular	be_prepared;be_made_ready	Stative	State
26	ويقال أنه يسكن بحيرة لوخ نس في اسكتلندا	MSA	ويقال	قال	Imperfective	Present	Male	Singular	be_said	Stative	State
27	ليصل عدد المنتخبات المتنافسة إلى ثمانية منتخبات تتنافس على لقب بطل القارات	MSA	ليصل	وصل	Imperfective	Present	Male	Singular	arrive_at;reach;connect	Telic	Accomplishment
28	فاقتصاده يعتمد على الخدمات السياحية والمصرفية التي تشكل معا أكثر من 65 من مجموع الناتج المحلي	MSA	تشكل	شكل	Imperfective	Present	Female	Singular	constitute;form;compose	Stative	State
29	وفي عصر صدر الإسلام كانت عدن تتبع مخلاف الجند	MSA	كانت	كان	Perfective	Present	Female	Singular	was;were	Stative	State
30	لا يوجد لقاح للزكام	MSA	يوجد	وجد	Imperfective	Present	Male	Singular	be_found;exist	Stative	State
31	المرضى الذين يصابون بنوبة قلبية بدون ارتفاع يسمى ذلك نوبة قلبية غير مرتفعة ال بالإنجليزية وتعرف بالمختصر	MSA	وتعرف	عرف	Imperfective	Present	Female	Singular	know	Stative	State
32	000 طائرا ينتمون إلى 211 صنف مختلفا يتوافدون بشكل منتظم على المنطقة بهدف التوالد والتعشيش والتغذية	MSA	يتوافدون	توافد	Imperfective	Present	Male	Plural	arrive_together	Stative	State
33	لذلك يضاف بكميات قليلة إلى تركيب معاجين الأسنان بالإضافة إلى ملح الطعام وماء الشرب في بعض البلدان	MSA	يضاف	اضاف	Imperfective	Present	Male	Singular	be_added	Atelic	Temporary Activity
34	وجعل من المدينة مركزا لإدارته	MSA	وجعل	جعل	Perfective	Past	Male	Singular	make;bring_about;appoint	Telic	Accomplishment
35	وجعل يطعن الأصنام التي كانت حولها بقوس كان معه	MSA	وجعل	جعل	Perfective	Past	Male	Singular	make;bring_about;appoint	Telic	Accomplishment
36	فان فحص أفراد العائلة قد يكشف عن أفراد اخرين يعانون من مشاكل الغدة الدرقية	MSA	يعانون	عانى	Imperfective	Present	Male	Plural	suffer	Stative	State
37	في حين يبلغ عدد السكان طبقا لأخر إحصاء 4	MSA	يبلغ	بلغ	Imperfective	Present	Male	Singular	reach;attain	Stative	State
38	فاستقر به الحال في القاهرة ليتزوج امرأة مصرية قبطية أنجب منها ثلاثة أبناء منهم نجيب	MSA	فاستقر	استقر	Perfective	Past	Male	Singular	settle_down;be_stabilized	Stative	State
39	هو الاسم الذي يطلق على أحد أبرز الأحداث في التاريخ	MSA	يطلق	أطلق	Imperfective	Present	Male	Singular	release;fire	Stative	State
40	لكن أحدا لم يرصده	MSA	يرصده	رصد	Imperfective	Present	Male	Singular	observe;watch	Stative	State
41	فكانت أول استيطان إنجليزي ناجح في أراضي الولايات المتحدة المستقبلية	MSA	فكانت	كان	Perfective	Past	Female	Singular	was;were	Stative	State
42	وبلغت أوج مجدها عندما كانت عاصمة للدولة الرسولية 1229 1454 م	MSA	وبلغت	بلغ	Perfective	Past	Female	Singular	reach;attain	Telic	Accomplishment
43	وتأسست على أنقاض مدينة الخط التي أنشأها أردشير بن بابك في النصف الأول من القرن الثالث الميلادي	MSA	وتأسست	تاسس	Perfective	Past	Female	Singular	be_established;be_founded	Stative	State
44	مما يؤثر على ما يقرب من كل أنواع الأنسجة في الجسم	MSA	يقرب	قرب	Imperfective	Present	Male	Singular	approach;draw_near	Atelic	Temporary Activity
45	أصبح نادي إنتر ميلانو أول نادي في إيطاليا يفوز بالثلاثية والتي تتكون من الكالتشيو	MSA	يفوز	فاز	Imperfective	Present	Male	Singular	win;be_victorious	Telic	Accomplishment
46	حيث أنه كان متأثرا بالثقافة الأوروبية وبغزوات نابليون في إسبانيا وشخصيته	MSA	كان	كان	Perfective	Past	Male	Singular	was;were	Stative	State
47	ازدهرت تجارتهم وكونوا محطات وممالك صغيرة منتشرة في أرجاء الجزيرة العربية مهمتها حماية القوافل	MSA	ازدهرت	ازدهر	Perfective	Past	Female	Singular	prosper;flourish	Stative	State
48	منهم فؤاد المهندس الذي اعترف بتأثير أسلوب الريحاني عليه وعلى منهجه التمثيلي	MSA	اعترف	اعترف	Perfective	Past	Male	Singular	acknowledge;recognize;admit;confess	Telic	Accomplishment
49	في حين أن التجمعات الحضرية تبلغ حوالي 6	MSA	تبلغ	بلغ	Imperfective	Present	Female	Singular	reach;attain	Telic	Accomplishment
50	وكانت بمثابة نقطة البداية التي أخذت بعدها الهزائم تتوالى عليهم حتى تم تحرير كامل الشام من الحكم الصليبي	MSA	تتوالى	توالى	Imperfective	Past	Female	Singular	follow_in_succession;arrive_constantly	Stative	State
51	فإن الأنصار يمتلكون ويديرون برشلونة	MSA	يمتلكون	امتلك	Imperfective	Present	Male	Plural	possess;acquire	Stative	State
52	كان لمعركة الزلاقة تأثير كبير في تاريخ الأندلس الإسلامي	MSA	كان	كان	Perfective	Past	Male	Singular	was;were	Stative	State
53	تكتسب أهميتها باعتبارها العاصمة السياسية والتاريخية للجمهورية اليمنية	MSA	تكتسب	اكتسب	Imperfective	Present	Female	Singular	acquire;gain	Telic	Accomplishment
54	عندما بدأت قوانين الاتحاد بالإنجليزية بتنفيذ الشروط المتفق عليها بمعاهدة الاتحاد مع مملكة اسكتلندا التي أبرمت قبل عام	MSA	أبرمت	أبرم	Perfective	Past	Female	Singular	conclude;ratify	Stative	State
55	واستمروا بغزواتهم حتى طردوا جيش المماليك وأعادوه إلى مصر بعد أن عجز عن التغلب عليهم	MSA	طردوا	طرد	Perfective	Past	Male	Plural	expel;dismiss;kick_out	Telic	Accomplishment
56	7 مليار دولار عالميا وحصلت على 34 ترشيح لجوائز الأوسكار فازت بعشرة منها	MSA	فازت	فاز	Perfective	Past	Female	Singular	win;be_victorious	Telic	Accomplishment
57	والتي تعني فقير أو فقراء	MSA	تعني	عنى	Imperfective	Present	Female	Singular	mean;signify;concern	Stative	State
58	تشمل اختبارات الدم الشائعة التروبونين بالإنجليزية	MSA	تشمل	شمل	Imperfective	Present	Female	Singular	comprise;include;contain	Stative	State
59	وينتج عن ذلك تكون أكسجين كناتج للعملية	MSA	تكون	كان	Imperfective	Present	Female	Singular	is;are	Stative	State
60	كللها برواية الأدب العالمي الشهيرة الأمير الصغير التي ترجمت إلى أكثر من 200 لغة ولهجة	MSA	ترجمت	ترجم	Perfective	Present	Female	Singular	translate;interpret	Stative	State
61	كما أسست فرقتها المسرحية الخاصة كذلك التي عرفت باسم فرقة بديعة مصابني والتي اكتشفت العديد من المواهب التمثيلية في مصر	MSA	عرفت	عرف	Perfective	Past	Female	Singular	be_known	Stative	State
62	أقر ثيودوسيوس الأول المسيحية الديانة الرسمية للإمبراطورية	MSA	أقر	أقر	Perfective	Past	Male	Singular	ratify;accept	Telic	Accomplishment
63	كان يوهانس كيبلر أول من تنبأ بحدوث عبور الزهرة	MSA	كان	كان	Perfective	Past	Male	Singular	was;were	Stative	State
64	والتي قد تتجمع فيها عبر عملية تحول بطيئة للمواد العضوية دامت عصورا وحقبات طويلة نسبيا	MSA	دامت	دام	Perfective	Past	Female	Singular	last;persevere;continue	Stative	State
65	وهذا الكوكب يشبه الأرض في البراكين والزلازل البركانية النشطة والجبال والوديان	MSA	يشبه	أَشْبَه	Imperfective	Present	Male	Singular	resemble;be_similar	Stative	State
66	الأمر الذي أدى إلى الحد من تطبيقاته في أغلب الدول بعد اكتشاف سميته	MSA	أدى	أدى	Perfective	Past	Male	Singular	direct;guide;lead	Telic	Accomplishment
67	كان موكب التتويج يبدأ من البرج وحتى دير وستمنستر	MSA	كان	كان	Perfective	Past	Male	Singular	was;were	Stative	State
68	وفي عام 2011 م حدثت احتجاجات أخرى للمطالبة بإخراج السجناء الذين سجنوا إثر تفجير أبراج الخبر في يونيو 1996 م	MSA	حدثت	حدث	Perfective	Past	Female	Singular	happen;take_place	Telic	Accomplishment
69	أظهرت إحصائية من عام 2006 أن 26 شخصا فقط نجوا من محاولتهم الانتحارية	MSA	أظهرت	أظهر	Perfective	Past	Female	Singular	show;manifest;demonstrate	Telic	Accomplishment
70	بطريقة عرض مبهرة كانت تتماشى مع هيمنة روما على العالم	MSA	تتماشى	تماشى	Imperfective	Past	Female	Singular	conform_with;be_adapted_with	Telic	Accomplishment
71	فانضمت قبائل مذحج إلى اتحاد قبائل بكيل	MSA	فانضمت	انضم	Perfective	Past	Female	Singular	join;be_affiliated;be_added	Telic	Accomplishment
72	حيث يسكنها 15 مليون و 29 ألف نسمة	MSA	يسكنها	سكن	Imperfective	Present	Female	Plural	calm;placate	Stative	State
73	حدثت أزمات مهددة بسقوط الإمبراطورية مما أدى في النهاية إلى تقسيم الإمبراطورية في 286 م	MSA	حدثت	حدث	Perfective	Past	Female	Singular	happen;take_place	Telic	Accomplishment
74	وقد عرف بلقب ريتشارد قلب الأسد	MSA	عرف	عرف	Perfective	Past	Male	Singular	be_known	Stative	State
75	يلفت النظر في المدينة الالتزام الواسع ببناء الجدران الخارجية للبيوت والمباني بالأحجار المحرقة بدل طلائها بالدهان	MSA	يلفت	لفت	Imperfective	Present	Male	Singular	turn;attract	Stative	State
76	حيث تعتبر أكثر المناطق الصربية ازدهارا من الناحية الاقتصادية	MSA	تعتبر	اعتبر	Imperfective	Present	Female	Singular	be_considered;be_regarded	Stative	State
77	وهو يغطي 71 من سطحها	MSA	يغطي	غطى	Imperfective	Present	Male	Singular	cover;conceal	Stative	State
78	تلقى العرب الكتابة وهم على حالة من البداوة الشديدة	MSA	تلقى	تلقى	Perfective	Past	Male	Singular	receive	Telic	Accomplishment
79	تكونت الأرض منذ حوالي 4	MSA	تكونت	تكون	Perfective	Past	Female	Singular	be_composed_of;consist_of	Telic	Accomplishment
80	وتعتبر عين زمزم من الأماكن المقدسة لديهم	MSA	وتعتبر	اعتبر	Imperfective	Present	Female	Singular	be_considered;be_regarded	Stative	State
81	وأضافت أن التحالف السعودي مسؤول عن ضعف عدد الضحايا المدنيين أكثر من باقي القوى مجتمعة	MSA	وأضافت	أَضاف	Perfective	Past	Female	Singular	add	Telic	Accomplishment
82	وفي سنة 1521 م فتحها العثمانيون وتحولت إلى عاصمة لبشلق سمندرية بالصربية	MSA	وتحولت	تحول	Perfective	Past	Female	Singular	be_changed;be_transformed	Telic	Accomplishment
83	وهذا جعلها نقطة عبور إجبارية	MSA	جعلها	جعل	Perfective	Past	Male	Singular	make;bring_about;appoint	Stative	State
84	وطرح الخبراء فكرة التنظيف الجاف الذي رفضه وزير الثقافة جوليانو أوروباني	MSA	رفضه	رفض	NA	Past	Male	Singular	reject;refuse	Stative	State
85	وقامت عدة دول في العصور الوسطى مثل الدولة الزيادية الدولة اليعفرية والإمامة الزيدية والدولة الطاهرية وأقواها كانت الدولة الرسولية	MSA	وقامت	قام	Perfective	Past	Female	Singular	undertake;carry_out	Atelic	Temporary Activity
86	فضربوا حصارا عليها دام ثلاثة أسابيع	MSA	دام	دام	Perfective	Past	Male	Singular	last;persevere;continue	Telic	Accomplishment
87	قدرت جمهرة المنطقة الحضرية لباكو بما يزيد عن مليوني نسمة في سنة 2009 م	MSA	يزيد	زاد	Imperfective	Present	Male	Singular	increase;exceed;add	Stative	State
88	السنة هي الفترة التي تستغرقها الأرض لدورانها حول الشمس	MSA	تستغرقها	استغرق	Imperfective	Present	Female	Singular	last	Atelic	Temporary Activity
89	يعتبر الموارنة أيضا من دوحة الكنيسة السريانية تاريخيا وطقسيا وثقافيا	MSA	يعتبر	اعتبر	Imperfective	Present	Male	Singular	be_considered;be_regarded	Stative	State
90	لكن لا يوجد مصدر مصري يعطي فكرة كاملة وافية عن الأسطورة	MSA	يعطي	أعطى	Imperfective	Present	Male	Singular	give;provide	Atelic	Temporary Activity
91	أصبحت المدينة موقعا مقدسا	MSA	أصبحت	أصبح	Perfective	Past	Female	Singular	become;begin;start	Telic	Accomplishment
92	لقد تأهلوا منذ ذلك الحين لثلاث بطولات متتالية	MSA	تأهلوا	تأهل	Perfective	Past	Male	Plural	be_qualified;merit	Telic	Accomplishment
93	مدينة مصرية تلقب ب عروس النيل	MSA	تلقب	لقب	Imperfective	Present	Male	Singular	call;address_as	Telic	Accomplishment
94	يلعب الفريق في الدوري الإسباني واختير كأفضل فريق كرة قدم في القرن العشرين	MSA	واختير	اختار	Perfective	Past	Male	Singular	be_chosen;be_picked;be_selected	Stative	State
95	يتكون العنقود من نجوم فتية زرقاء ساخنة	MSA	يتكون	تكون	Imperfective	Present	Male	Singular	be_composed_of;consist_of	Stative	State
96	وقد سموا بالأحزاب	MSA	سموا	سمى	Perfective	Past	Male	Plural	name;designate	Telic	Accomplishment
97	انتشرت اللغة التركية وتوسع نطاقها غربا وارتفع عدد متحدثيها مع اتساع رقعة الدولة العثمانية	MSA	وتوسع	أوسع	Imperfective	Past	Female	Singular	expand;widen;enable	Telic	Accomplishment
98	وتضم أيضا مكتبة الإسكندرية الجديدة التي تتسع لأكثر من 8 ملايين كتاب	MSA	تتسع	اتسع	Imperfective	Present	Female	Singular	expand;be_widened	Stative	State
99	94 مما يجعله ثالث الأجرام تألقا في سماء الليل بعد القمر والزهرة	MSA	يجعله	جعل	Imperfective	Present	Male	Singular	make;bring_about;appoint	Stative	State
100	ما يصنف شخصيته في نطاق السحرة البيض الذين امتازوا بنوع من العبقرية وغرابة الأطوار مثل مرلين وغاندالف من سيد الخواتم	MSA	يصنف	صنف	Imperfective	Present	Male	Singular	sort;classify;compile	Stative	State
101	وفاز بلقب كأس العالم للأندية	MSA	وفاز	فاز	Perfective	Past	Male	Singular	win;be_victorious	Telic	Accomplishment
102	تتركز فيها الكثير من الدوائر الحكومية	MSA	تتركز	تركز	Imperfective	Present	Female	Singular	concentrate;focus	Stative	State
103	ومع مرور الوقت تغير اسمها حتى أصبح شركة عبارات البوابة الذهبية بالإنجليزية	MSA	تغير	غير	Imperfective	Present	Female	Singular	attack;invade;raid	Atelic	Temporary Activity
104	أما لقب فلسطيني فيشير اليوم	MSA	فيشير	أشار	Imperfective	Present	Male	Singular	indicate;mention;cite	Stative	State
105	هذا بالإضافة إلى أنه يعد ثاني أعلى قمر من ناحية الكثافة بعد قمر إيو	MSA	يعد	عاد	Imperfective	Present	Male	Singular	return;go_back	Stative	State
106	يتم إجراء جراحة أو يتم وضع بالون داخل المعدة للتقليل من حجمها و أو تقليل طول الأمعاء	MSA	يتم	تم	Imperfective	Present	Male	Singular	conclude;take_place	Stative	State
107	هذه القوى التي تربط الكوارك مع بعضها البعض تدرس في فرع من الفيزياء يدعى الكروموديناميكا الكمية بالإنجليزية	MSA	تدرس	درس	Imperfective	Present	Female	Singular	study;learn	Stative	State
108	وقد استضافت الألعاب الأولمبية الشتوية لعامي 1964 و 1976	MSA	استضافت	استضاف	Perfective	Past	Female	Singular	host;invite	Telic	Accomplishment
109	وقد وجد علم خاص بدراسة آثار مصر سمي بعلم المصريات	MSA	وجد	وجد	Perfective	Past	Male	Singular	find	Telic	Accomplishment
110	حيث عاش في دوقية أقطانية في جنوب غرب فرنسا	MSA	عاش	عاش	Perfective	Past	Male	Singular	live;exist	Telic	Accomplishment
111	فأنشئت المملكة المتحدة لبريطانيا العظمى وأيرلندا الشمالية الحالية	MSA	فأنشئت	أَنشأ	Perfective	Past	Female	Singular	be_established;be_founded;be_installed	Stative	State
112	وإذا كان إيه سي ميلان الأول عالميا فهو يأتي الثاني في إيطاليا بعد يوفنتوس	MSA	يأتي	أتَى	Imperfective	Present	Male	Singular	arrive;come;reach	Telic	Accomplishment
113	تفيد مصادر أخرى أن المغول فقدوا 14	MSA	تفيد	أَفاد	Imperfective	Present	Female	Singular	report;inform;provide	Atelic	Temporary Activity
114	ومتحف النصر للفن الحديث الذي يضم 75 عملا فنيا لكبار فناني مصر في مختلف أفرع الفن التشكيلي	MSA	يضم	ضم	Imperfective	Present	Male	Singular	include;comprise;incorporate	Stative	State
115	وأحيانا تكون على شكل مشاكل نفسية	MSA	تكون	كان	Imperfective	Present	Female	Singular	is;are	Stative	State
116	مما يؤدي إلى الاضطراب والعواصف على طول هذه الحدود	MSA	يؤدي	أَدى	Imperfective	Present	Male	Singular	direct;guide;lead	Stative	State
117	حوى على أولى المراكز الحضارية في العالم التي كانت تشمل المساحة الواقعة بين نهري دجلة والفرات وهي حضارة سومر	MSA	كانت	كان	Perfective	Past	Female	Singular	was;were	Stative	State
118	كان من نتيجة وقوع عمان في مثل هذا الموقع الاستراتيجي في بلاد الشام والشرق الأوسط	MSA	كان	كان	Perfective	Past	Male	Singular	was;were	Stative	State
119	وفي 11 نوفمبر سنة 1962 أصدر الدستور	MSA	أصدر	أَصدر	Perfective	Past	Male	Singular	issue;publish	Telic	Accomplishment
120	فلا يعترف بالقدس عاصمة لإسرائيل	MSA	يعترف	اعترف	Imperfective	Present	Male	Singular	acknowledge;recognize;admit;confess	Stative	State
121	وفي سنة 2014 احتل النادي المركز الخامس ضمن قائمة فوربس لأغنى أندية كرة القدم في العالم	MSA	احتل	احتل	Perfective	Past	Male	Singular	occupy	Telic	Accomplishment
122	كما توجد توابع الكواكب التي تسمى الأقمار	MSA	تسمى	سمى	Imperfective	Present	Female	Singular	be_called;be_named;be_designated	Stative	State
123	وتلي تليسكوب جاليليو أنواع أخرى أكثر تطورا في بداية القرن التاسع عشر	MSA	وتلي	ولي	Imperfective	Past	Female	Singular	follow;come_after	Telic	Accomplishment
124	بحيث تكون بطولة تنشيطية قبل بطولة كأس العالم بسنة واحدة وفي نفس الدولة المضيفة لبطولة كأس العالم لاختبار تجهيزات البلد المضيف	MSA	تكون	كان	Imperfective	Past	Female	Singular	is;are	Stative	State
125	ويختلف معنى السنة عند علماء الشريعة بحسب المقصود منها	MSA	ويختلف	اختلف	Imperfective	Present	Male	Singular	differ;be_different;disagree	Stative	State
126	سوء التغذية أو الصغل لغة السغل وهو السيء الغذاء هو مصطلح يشير إلى الاستهلاك غير الكافي	MSA	يشير	اشار	Imperfective	Present	Male	Singular	indicate;mention;cite	Stative	State
127	من الرحلات التي اقترح إرسالها في المستقبل ما اقترحه علماء مختبر مولارد لعلوم الفضاء في المملكة المتحدة	MSA	اقترح	اقترح	Perfective	Past	Male	Singular	propose;suggest	Telic	Accomplishment
128	كما يسجل للمنتخب البرازيلي حضوره في كل البطولات	MSA	يسجل	سجل	Imperfective	Present	Male	Singular	register;record;inscribe	Atelic	Temporary Activity
129	يشار بالذكر إلى أن المدينة قد احتلتها المنظمات اليهودية في 21 نيسان أبريل 1948	MSA	احتلتها	احتل	Perfective	Past	Female	Singular	occupy	Telic	Accomplishment
130	نادي إنترناسيونالي ميلانو لكرة القدم بالإيطالية أو كما يعرف ب إنترناسيونالي ميلانو بالإيطالية	MSA	يعرف	عرف	Imperfective	Present	Male	Singular	know	Stative	State
131	حتى قام مقام آخيل	MSA	قام	قام	Perfective	Past	Male	Singular	undertake;carry_out	Telic	Accomplishment
132	خلال ذلك الوقت الطويل كانوا يتحدثون في تلك الأراضي مئات اللهجات التي تولد منها هذا اليوم حوالي 44 لغات ماياوية مختلفة	MSA	تولد	ولد	Imperfective	Present	Female	Singular	be_born	Stative	State
133	الذي كان عليه الخلفاء الراشدون وأئمة الدين من الصحابة والتابعين ومن تبعهم بإحسان	MSA	كان	كان	Perfective	Past	Male	Singular	was;were	Stative	State
134	ويعد مركزا تاريخيا لروما والكرسي الرسولي لمناطق خارج الإقليم في إيطاليا	MSA	ويعد	وعد	Imperfective	Present	Male	Singular	promise	Stative	State
135	تنتشر هذه الفيروسات من خلال الهواء أثناء الاتصال المباشر مع الأشخاص المصابين بالمرض	MSA	تنتشر	انتشر	Imperfective	Present	Female	Singular	be_spread;be_diffused;be_publicized	Stative	State
136	ويمكن رؤيتها بكاملها من دوائر عرض عالية نسبيا نتيجة لهذا لكنها تكون قريبة من الأفق	MSA	ويمكن	أمكن	Imperfective	Present	Male	Singular	be_possible;make_possible_for	Stative	State
137	وكان لقب أهل السنة يطلق على أهل العلم من أئمة الصحابة ومن تبع طريقتهم المسلوكة في الدين	MSA	وكان	كان	Perfective	Past	Male	Singular	was;were	Stative	State
138	وتحتل المملكة المرتبة التاسعة عشر من بين أكبر اقتصادات العالم وتعتبر السعودية من القوى المؤثرة سياسيا واقتصاديا في العالم	MSA	وتعتبر	اعتبر	Imperfective	Present	Female	Singular	be_considered;be_regarded	Stative	State
139	كانت تضطلع بجميع الوظائف الاقتصادية والسياسية والاجتماعية والثقافية التي يمكن للدولة أن تقوم بها	MSA	تضطلع	اضطلع	Imperfective	Present	Female	Singular	take_on;assume;undertake;be_familiar_with	Atelic	Temporary Activity
140	وسنوا عددا من القوانين والأنظمة لتقنين التجارة في المدينة	MSA	وسنوا	سن	Perfective	Past	Male	Plural	prescribe;enact	Telic	Accomplishment
141	ويشمل ذلك تخطيط كهربائية القلب رسم القلب	MSA	ويشمل	شمل	Imperfective	Present	Male	Singular	comprise;include;contain	Stative	State
142	كذلك تبدو اللغة السريانية هامة للمنقبين والمؤرخين في الاطلاع على الوثائق والمخطوطات القديمة التي غالبا ما كتبت بالسريانية أو الآرامية	MSA	كتبت	كتب	Perfective	Past	Female	Singular	write	Telic	Accomplishment
143	فاعتبرها الفيفا كاستمرارية لمنتخب تشيكوسلوفاكيا الذي لعب لآخر مرة في بطولة كأس العالم 1990	MSA	لعب	لعب	Perfective	Past	Male	Singular	play	Telic	Accomplishment
144	وإدرجتها في رزنامة بطولات الاتحاد الدولي لكرة القدم وتم تغير مسمى البطولة إلى كأس القارات لكرة القدم	MSA	وتم	تم	Perfective	Past	Male	Singular	conclude;take_place	Telic	Accomplishment
145	وظائف هرمون الغدة الدرقية تتحكم في وتيرة سرعة جميع العمليات الحيوية في الجسم	MSA	تتحكم	حكم	Imperfective	Present	Female	Singular	grant;provide	Stative	State
146	حيث كشف عمال النظافة عن جداريات حية بألوان نابضة بالحياة تعود لما يقارب 2000 عام	MSA	تعود	عاد	Imperfective	Present	Female	Singular	return;go_back	Stative	State
147	التقط المسبار صورا إضافية كشفت النقاب عن بحار هيدروكربونية على سطح ذلك القمر	MSA	كشفت	كشف	Perfective	Past	Female	Singular	discover;reveal;disclose;examine	Telic	Accomplishment
148	حيث ازدهرت في حوض النهر الأصفر الخصب الذي يتدفق عبر سهل شمال الصين	MSA	ازدهرت	ازدهر	Perfective	Past	Female	Singular	prosper;flourish	Telic	Accomplishment
149	وتسمى جميع الأجرام ضمن حزام كايبر والقرص المبعثر وسحابة أورط أجرام ما وراء نبتون	MSA	وتسمى	تسمى	Perfective	Present	Female	Singular	be_called;be_named	Stative	State
150	ويدخل فيهم من سواهم ممن تبعهم ووافقهم من المسلمين	MSA	ويدخل	دخل	Imperfective	Present	Male	Singular	enter	Atelic	Temporary Activity
151	تعتبر سوريا من الدول النامية	MSA	تعتبر	اعتبر	Imperfective	Present	Female	Singular	be_considered;be_regarded	Stative	State
152	فإنهم أخذوا عنه علم الدين واهتدوا بهديه وكانوا من بعده قدوة للأمة	MSA	واهتدوا	اهتدى	Perfective	Past	Male	Plural	be_guided;be_led	Telic	Accomplishment
153	وأحيانا تستطيع الشمس جذبها إلى النظام الشمسي الداخلي مما يجعلها من كواكب القنطور الصغيرة ومن ثم مذنبات دورية	MSA	يجعلها	جعل	Imperfective	Present	Male	Singular	make;bring_about;appoint	Stative	State
154	وأصبح بوليفار ضابطا في جيش الثورة	MSA	وأصبح	أصبح	Perfective	Past	Male	Singular	become;begin;start	Telic	Accomplishment
155	قبل أن تتحول لتصبح عاصمة الخلافة الإسلامية من عام 1517 حتى انحلال الدولة العثمانية عام 1924	MSA	لتصبح	أَصبح	Imperfective	Present	Female	Singular	become;begin;start	Telic	Accomplishment
156	كما أن عددا من العادات والمفردات اللغوية والمأكولات التركية أصبحت جزءا من تراث وثقافة شعب بلاد الشام	MSA	أصبحت	أَصْبَح	Perfective	Past	Female	Singular	become;begin;start	Stative	State
157	تليها الإسكندرية كما يعيش أغلب السكان الباقين في الدلتا وعلى ساحلي البحر المتوسط والبحر الأحمر ومدن قناة السويس	MSA	يعيش	عاش	Imperfective	Present	Male	Singular	live;exist	Stative	State
158	تحتوي المدينة أيضا على العديد من المؤسسات الثقافية والجامعات التي ضمت 185	MSA	تحتوي	احتوى	Imperfective	Present	Female	Singular	contain;include	Stative	State
159	ليبرز براعته لأول مرة في باريس نفسها حين ساهم في تعضيد حكومة الإدارة وفي القضاء على المظاهرات التي قام بها الملكيون	MSA	ساهم	ساهم	Perfective	Past	Male	Singular	participate;contribute	Telic	Accomplishment
160	عام 635 م دخل المسلمون العرب المدينة وأصبحت مركزا إسلاميا مهما وخاصة أنها مشهورة بوجود قبر الجد الثاني للنبي محمد	MSA	وأصبحت	أصبح	Perfective	Past	Female	Singular	become;begin;start	Telic	Accomplishment
161	وعلى الجانب الآخر خيل له أنه سيكون كاتب سيناريو أو مخرج	MSA	خيل	خيل	Perfective	Past	Male	Singular	make_believe;give_the_impression;suggest	Stative	State
162	عندما توفي ألكسندر بسبب عضة قرد	MSA	توفي	توفى	Perfective	Past	Male	Singular	die;pass_away;expire	Telic	Accomplishment
163	فبني المبنى الجديد في منطقة العلاوي وبسبب هذه المناسبة سمي بالمتحف الوطني العراقي بعدما كان يعرف بمتحف بغداد للآثار	MSA	كان	كان	Perfective	Past	Male	Singular	was;were	Stative	State
164	اشترى النادي مجموعة أبوظبي المتحدة للتنمية والاستثمار وأصبح النادي من أغنى الأندية في العالم	MSA	اشترى	اشترى	Perfective	Past	Male	Singular	purchase	Telic	Accomplishment
165	تتلخص تلك الخطوات في خفض الوزن	MSA	تتلخص	تلخص	Imperfective	Past	Female	Singular	be_summarized	Stative	State
166	الإيزيديون هم موحدون يواجهون الشمس في صلواتهم ويؤمنون بتناسخ الأرواح وبسبع ملائكة	MSA	ويؤمنون	امن	Imperfective	Present	Male	Plural	insure;guarantee;secure	Stative	State
167	هي بطولة كرة قدم أوروبية سنوية ينظمها الاتحاد الأوروبي لكرة القدم منذ عام 1955 لأفضل أندية كرة القدم في أوروبا	MSA	ينظمها	نظم	Imperfective	Present	Male	Singular	arrange;organize;regulate	Telic	Accomplishment
168	يشبه العبور الكسوف الذي يسببه مرور القمر بين الأرض والشمس	MSA	يسببه	سبب	Imperfective	Present	Male	Singular	cause;produce;provoke	Atelic	Temporary Activity
169	تضم دسوق عددا من المعالم الشهيرة على المستوى الوطني والعالمي	MSA	تضم	ضم	Imperfective	Present	Female	Singular	include;comprise;incorporate	Stative	State
170	ورغم تكون نويات ذرية بسيطة خلال الثلاث دقائق التالية للانفجار العظيم	MSA	تكون	كان	Imperfective	Present	Female	Singular	is;are	Stative	State
171	حيث إنها تضع تصميماتها في خطوط حرة سائبة لا تحددها خطوط أفقية أو رأسية	MSA	تضع	وضع	Imperfective	Present	Female	Singular	put;place	Stative	State
172	أي يبدأ بحلقة خاصة ثم تليه 3 حلقات طويلة	MSA	تليه	ولي	Imperfective	Present	Female	Singular	follow;come_after	Stative	State
173	وكانت أول بدعة ظهرت في الإسلام فتنة الخوارج الذين انشقوا عن جماعة المسلمين وأعلنوا خروجهم عن علي بن أبي طالب	MSA	انشقوا	انشق	Perfective	Past	Male	Plural	split_off	Telic	Accomplishment
174	قام فوياجر 2 بعدد من الاكتشافات الهامة	MSA	قام	قام	Perfective	Past	Male	Singular	undertake;carry_out	Telic	Accomplishment
175	ويعتقد أنها تزيد عن 70	MSA	ويعتقد	اعتقد	Imperfective	Present	Male	Singular	believe	Stative	State
176	وقد عرض فيلم أحذية البالية في سنة 2007	MSA	عرض	عرض	Perfective	Past	Male	Singular	be_exhibited;be_presented;be_reviewed;be_inspected	Telic	Accomplishment
177	فإن أقدم ذكر للفظ عرب يعود لنص آشوري من القرن التاسع قبل الميلاد	MSA	يعود	عاد	Imperfective	Present	Male	Singular	return;go_back	Stative	State
178	أصبحت أي مباراة تجمعهما تعرف باسم الكلاسيكو	MSA	أصبحت	أصبح	Perfective	Past	Female	Singular	become;begin;start	Telic	Accomplishment
179	انعكس الاستعمال المفرط للنفط وأنواع الوقود الأحفوري الأخرى سلبا على المحيط الحيوي والنظام البيئي للكرة الأرضية	MSA	انعكس	انعكس	Perfective	Past	Male	Singular	be_reflected;have_repercussions	Telic	Accomplishment
180	كانت أولى أفلامه الروائية تتبع 1998	MSA	تتبع	تبع	Imperfective	Present	Female	Singular	follow;pursue	Stative	State
181	وحصل في 2019 على رتبة الإمبراطورية البريطانية لقاء خدماته للفن	MSA	وحصل	حصل	Perfective	Past	Male	Singular	obtain;acquire;get	Telic	Accomplishment
182	فيما نكر مؤرخون آخرون هذا الكلام مؤكدين أن ابن العلقمي كان ناصحا للخليفة	MSA	نكر	نكر	Perfective	Past	Male	Plural	be_ignorant_of;deny;disavow	Telic	Accomplishment
183	وهناك كما يقول ملك إسبرطة ارتوينا من كوثر هذه البلاد التي تجري من تحتها الأنهار	MSA	تجري	جرى	Imperfective	Present	Female	Singular	occur;happen;take_place;flow	Stative	State
184	فاستجاب لهم من العرب قبيلة قريش وحلفاؤها كنانة الأحابيش	MSA	فاستجاب	استجاب	Perfective	Past	Male	Singular	comply;reply	Telic	Accomplishment
185	أن سكانها الأوائل كانوا من أصول إيرانية لاطورانية	MSA	كانوا	كان	Perfective	Past	Male	Plural	was;were	Stative	State
186	ولما وصل الأحزاب حدود المدينة المنورة عجزوا عن دخولها	MSA	وصل	وصل	Perfective	Past	Male	Singular	arrive_at;reach;connect	Telic	Accomplishment
187	وبعض هؤلاء مات أيضا	MSA	مات	مات	Imperfective	Past	Male	Singular	die;pass_away	Telic	Accomplishment
188	بالرغم من ذلك لا يزال العديد من الناس حول العالم يؤمنون بوجود هذا الكائن	MSA	يزال	زال	Imperfective	Present	Male	Singular	cease;stop_being;stop_doing	Stative	State
189	وصفت شخصيته بالمبغضة للبشرية	MSA	وصفت	وصف	Perfective	Past	Female	Singular	describe;characterize	Atelic	Temporary Activity
190	تقع في أقصى شمال مصر	MSA	تقع	وقع	Imperfective	Present	Female	Singular	fall_down;take_place;be_located	Stative	State
191	وكانت التسمية تطلق على أهل السنة والجماعة تمييزا لهم عن الخوارج والمعتزلة والمجسمة وفرق التشيع وغيرها من الفرق	MSA	وكانت	كان	Perfective	Past	Female	Singular	was;were	Stative	State
192	أصبح الإمبراطور قسطنطين الأول أول إمبراطور يتحول إلى المسيحية وفي 380 م	MSA	يتحول	تحول	Imperfective	Present	Male	Singular	be_changed;be_transformed	Telic	Accomplishment
193	تمتلك النرويج حدودا طويلة مع السويد في الشرق	MSA	تمتلك	امتلك	Imperfective	Present	Female	Singular	possess;acquire	Stative	State
194	فقد تأسست أولى الحضارات التي عاشت على الزراعة وصناعة السيراميك في شمال شرق الأنديز منذ القرن الثامن عشر قبل ميلاد المسيح	MSA	عاشت	عاش	Perfective	Past	Female	Singular	live;exist	Stative	State
195	وتوسع مسيطرا على كامل نجد 1921 وتسمت بسلطنة نجد حتى نجح عبد العزيز بانتزاع مملكة الحجاز من يد الهاشميين	MSA	نجح	نجح	Perfective	Past	Male	Singular	succeed	Telic	Accomplishment
196	كما أن هناك سردابا آخر قريب يعتقد أن جيروم قضى فيه ثلاثين عاما من حياته يترجم الكتاب المقدس	MSA	يترجم	ترجم	Imperfective	Present	Male	Singular	translate;interpret	Atelic	Temporary Activity
197	النجم الذي يقع في مركز النظام ويربطه بجاذبيته	MSA	ويربطه	ربط	Imperfective	Present	Male	Singular	tie;connect	Stative	State
198	كشف التحقيق الذي أجرته قوتي شرطة العاصمة وشرطة مدينة لندن	MSA	أجرته	أجرى	Perfective	Past	Female	Singular	conduct;carry_out;perform	Telic	Accomplishment
199	بينما احتل نادي برشلونة المركز الرابع بعدما قدرت علامته التجارية ب 444 مليون يورو	MSA	احتل	احتل	Perfective	Past	Male	Singular	occupy	Telic	Accomplishment
200	واتخذوا من تكفير المسلمين مبررا للخروج على ولاة الأمر واستباحوا بذلك دماء المسلمين وأعراضهم وأموالهم بغير حق	MSA	واستباحوا	استباح	Perfective	Past	Male	Plural	allow;seize	Telic	Accomplishment
201	فترة زمنية تقترب من فترة دوران الأرض حول الشمس	MSA	تقترب	اقترب	Imperfective	Present	Female	Singular	get_close_to;approach	Stative	State
202	وقد واجه معارضة شديدة تخللت أيامه الأخيرة عندما هدف إلى توحيد أمريكا الجنوبية كلها تحت سلطته في اتحاد فيدرالي	MSA	هدف	هدف	Imperfective	Past	Male	Singular	aim;intend	Atelic	Temporary Activity
