{
"Moderate or heavy snow in area with thunder": "neve forte ou moderada em áreas com trovoada",
"Patchy light snow in area with thunder": "neve fraca e irregular em áreas com trovoada",
"Moderate or heavy rain in area with thunder": "chuva forte ou moderada em áreas com trovoada",
"Moderate or heavy rain with thunder": "chuva forte ou moderada com trovoadas",
"Patchy light rain in area with thunder": "pancadas de chuva fraca em áreas com trovoada",
"Patchy light rain with thunder": "pancadas de chuva fraca com trovoadas",
"Thundery outbreaks possible": "possibilidade de tempestade",
"Moderate or heavy showers of ice pellets": "chuva de granizo forte ou moderada",
"Light showers of ice pellets": "chuva de granizo fraca",
"Moderate or heavy snow showers": "neve forte ou moderada",
"Light snow showers": "neve fraca",
"Moderate or heavy sleet showers": "nevasca forte ou moderada",
"Light sleet showers": "nevasca fraca",
"Torrential rain shower": "chuva torrencial",
"Moderate or heavy rain shower": "chuva forte ou moderada",
"Light rain shower": "chuva fraca",
"Ice pellets": "chuvas de granizo",
"Heavy snow": "neve forte",
"Patchy heavy snow": "neve forte e irregular",
"Moderate snow": "neve moderada",
"Patchy moderate snow": "neve moderada e irregular",
"Light snow": "neve fraca",
"Patchy light snow": "neve fraca",
"Moderate or heavy sleet": "neve fraca",
"Light sleet": "neve",
"Moderate or Heavy freezing rain": "períodos de chuva ao longo do dia [emoji_chuva]",
"Light freezing rain": "períodos de chuva ao longo do dia [emoji_chuva]",
"Torrential rain shower": "períodos de chuva ao longo do dia [emoji_chuva]",
"Heavy rain": "períodos de chuva forte ao longo do dia [emoji_chuva]",
"Heavy rain at times": "períodos de chuva forte ao longo do dia [emoji_chuva]",
"Moderate rain": "períodos de chuva leve ao longo do dia [emoji_chuva]",
"Moderate rain at times": "períodos de chuva ao longo do dia [emoji_chuva]",
"Light rain": "chuva leve [emoji_chuva]",
"Patchy light rain": "períodos de chuva ao longo do dia [emoji_chuva]",
"Heavy freezing drizzle": "períodos de chuva ao longo do dia [emoji_chuva]",
"Freezing drizzle": "períodos de chuva ao longo do dia [emoji_chuva]",
"Light drizzle": "períodos de chuva ao longo do dia [emoji_chuva]",
"Patchy light drizzle": "períodos de chuva leve ao longo do dia [emoji_chuva]",
"Freezing fog": "neve",
"Fog": "neblina",
"Blizzard": "neve",
"Blowing snow": "neve",
"Thundery outbreaks in nearby": "tempestades ao longo do dia",
"Patchy freezing drizzle nearby": "tempestades de chuva ao longo do dia",
"Patchy sleet nearby": "neve",
"Patchy sleet possible": "neve",
"Patchy snow nearby": "neve",
"Patchy snow possible": "neve",
"Patchy rain nearby": "períodos de chuva ao longo do dia [emoji_chuva]",
"Patchy rain possible": "períodos de chuva ao longo do dia [emoji_chuva]",
"Mist": "névoa",
"Overcast": "céu nublado [emoji_nuvem]",
"Cloudy": "céu parcialmente nublado [emoji_nuvem]",
"Partly cloudy": "céu parcialmente nublado [emoji_nuvem]",
"Clear": "sol [emoji_sol]",
"Sunny": "muito sol [emoji_sol]",
"Clear/Sunny": "muito sol [emoji_sol]"
}