word2vec_googlenews.kvec,extracted_contexts-02-state-event.dill,none,True,none,state-event,False,10
word2vec_googlenews.kvec,extracted_contexts-02-state-event.dill,window_1,True,none,state-event,False,10
word2vec_googlenews.kvec,extracted_contexts-02-state-event.dill,window_2,True,none,state-event,False,10
word2vec_googlenews.kvec,extracted_contexts-02-state-event.dill,window_3,True,none,state-event,False,10
word2vec_googlenews.kvec,extracted_contexts-02-state-event.dill,window_5,True,none,state-event,False,10
word2vec_googlenews.kvec,extracted_contexts-02-state-event.dill,window_10,True,none,state-event,False,10
word2vec_googlenews.kvec,extracted_contexts-02-state-event.dill,sent,True,none,state-event,False,10
word2vec_googlenews.kvec,extracted_contexts-02-state-event.dill,dep_1,True,none,state-event,False,10
word2vec_googlenews.kvec,extracted_contexts-02-state-event.dill,dep_1_head,True,none,state-event,False,10
word2vec_googlenews.kvec,extracted_contexts-02-state-event.dill,dep_1_children,True,none,state-event,False,10

word2vec_googlenews.kvec,extracted_contexts-02-telic-atelic.dill,none,True,none,telic-atelic,False,10
word2vec_googlenews.kvec,extracted_contexts-02-telic-atelic.dill,window_1,True,none,telic-atelic,False,10
word2vec_googlenews.kvec,extracted_contexts-02-telic-atelic.dill,window_2,True,none,telic-atelic,False,10
word2vec_googlenews.kvec,extracted_contexts-02-telic-atelic.dill,window_3,True,none,telic-atelic,False,10
word2vec_googlenews.kvec,extracted_contexts-02-telic-atelic.dill,window_5,True,none,telic-atelic,False,10
word2vec_googlenews.kvec,extracted_contexts-02-telic-atelic.dill,window_10,True,none,telic-atelic,False,10
word2vec_googlenews.kvec,extracted_contexts-02-telic-atelic.dill,sent,True,none,telic-atelic,False,10
word2vec_googlenews.kvec,extracted_contexts-02-telic-atelic.dill,dep_1,True,none,telic-atelic,False,10
word2vec_googlenews.kvec,extracted_contexts-02-telic-atelic.dill,dep_1_head,True,none,telic-atelic,False,10
word2vec_googlenews.kvec,extracted_contexts-02-telic-atelic.dill,dep_1_children,True,none,telic-atelic,False,10




word2vec_googlenews.kvec,extracted_contexts-02.dill,sent,True,none,state-telic-atelic,False,10
word2vec_googlenews.kvec,extracted_contexts-02.dill,none,True,none,state-telic-atelic,False,10
word2vec_googlenews.kvec,extracted_contexts-02.dill,window_1,True,none,state-telic-atelic,False,10
word2vec_googlenews.kvec,extracted_contexts-02.dill,window_2,True,none,state-telic-atelic,False,10
word2vec_googlenews.kvec,extracted_contexts-02.dill,window_3,True,none,state-telic-atelic,False,10
word2vec_googlenews.kvec,extracted_contexts-02.dill,window_5,True,none,state-telic-atelic,False,10
word2vec_googlenews.kvec,extracted_contexts-02.dill,window_10,True,none,state-telic-atelic,False,10
word2vec_googlenews.kvec,extracted_contexts-02.dill,dep_1,True,none,state-telic-atelic,False,10
word2vec_googlenews.kvec,extracted_contexts-02.dill,dep_1_head,True,none,state-telic-atelic,False,10
word2vec_googlenews.kvec,extracted_contexts-02.dill,dep_1_children,True,none,state-telic-atelic,False,10


