INPUT:story	INPUT:system	INPUT:content_plan_id	GOLDEN:category	HINT:text
Eighteen-year-old Jamal Malik, an Indian Muslim from the Juhu slum of Mumbai, is a contestant on Kaun Banega Crorepati, and is one question away from the grand prize. However, before the ₹20 million question, he is detained and tortured by the police, who suspect him of cheating. Through a series of flashbacks, Jamal recounts the incidents in his life that provided him with each answer.	dummy	0	5	The story flow is natural and logical.
 That night, Michael leaves Nevada after surviving an assassination attempt at his home. In 1958, during his son's First Communion party at Lake Tahoe, Michael has a series of meetings in his role as the don of the Corleone crime family. Frank Pentangeli, a Corleone capo, is dismayed that Michael refuses to help defend his territory against the Rosato brothers, who work for Hyman Roth, a Jewish Mob boss and long-standing Corleone business partner.	dummy	0	1	Pay attention to the sentence order. While each sentence appears meaningful, do they fit together?
A group of living toys, who assume lifelessness around humans, are preparing to move into a new house with their owner Andy Davis, his sister Molly and their single mother. The toys become uneasy when Andy has his birthday party a week early; to calm them, Sheriff Woody, Andy's favorite toy and their leader, sends Sarge and his green army men to spy on the gift opening with a baby monitor. The other toys are relieved when Andy receives nothing that could replace them. Andy then receives a last-minute surprise gift – a Buzz Lightyear action figure who believes he is a real space ranger. Buzz impresses the other toys with his various features and becomes Andy's new favorite, making Woody jealous.	dummy	0	5	The story flow is natural and logical.
Beagle cancels other film projects to be able to prioritize the production of the war, among them one with movie star Magdalena Lazlo who hires private investigator Joe Broz to find out why her film was discontinued. The plan is set in motion after Atwater's death, and Hartman hires movie director John Lincoln Beagle to produce the fake war. On his death bed, Lee Atwater devises a plan to secure president George H. W. Bush's reelection by having a war professionally produced by Hollywood agent David Hartman.	dummy	0	1	Pay attention to the sentence order. While each sentence appears meaningful, do they fit together?
