{"eng_to_idx": {"traffic": 1451, "poster": 1029, "chandelier": 274, "rainbow": 1065, "block": 150, "passenger": 938, "liquid": 767, "mast": 798, "soda can": 1256, "mesh": 810, "front": 541, "brick": 185, "parasail": 929, "american flag": 15, "carrot": 252, "tongs": 1433, "spoke": 1269, "fern": 491, "garland": 558, "coffee table": 320, "tree branch": 1474, "zipper": 1592, "swan": 1345, "halter": 609, "life jacket": 749, "safety jacket": 1112, "footprint": 529, "goggles": 583, "curb": 379, "suitcase": 1333, "family": 479, "bubble": 197, "string": 1321, "sun": 1334, "key": 697, "dashboard": 387, "nightstand": 871, "moss": 829, "dining room": 402, "city": 295, "dragon": 432, "headband": 628, "bunny": 208, "facial hair": 478, "print": 1038, "splash": 1268, "taxi": 1380, "home plate": 648, "water": 1535, "scarf": 1128, "crosswalk": 368, "furniture": 549, "picture": 975, "seaweed": 1145, "bed": 114, "shoreline": 1172, "reign": 1078, "corn": 349, "tail light": 1369, "entertainment center": 470, "word": 1576, "store": 1308, "shin guards": 1163, "bar stool": 73, "market": 796, "waist": 1524, "table cloth": 1360, "scissors": 1132, "mound": 836, "muzzle": 857, "plaque": 1004, "hair": 605, "cheek": 277, "roll": 1098, "snowflake": 1242, "truck": 1484, "male": 785, "crab": 361, "flower pot": 516, "cap": 244, "earphone": 453, "chin": 286, "mane": 787, "stairway": 1284, "ship": 1165, "shelter": 1160, "robe": 1094, "court": 354, "milk": 815, "scooter": 1134, "heart": 632, "ad": 1, "cracker": 362, "jacket": 682, "building": 203, "deck": 391, "ski boot": 1200, "knee": 708, "ribbon": 1084, "horse": 656, "emblem": 463, "meat": 804, "spray": 1273, "spectator": 1264, "beer": 120, "computer": 328, "toilet bowl": 1423, "field": 492, "coat": 312, "spoon": 1271, "bottle": 168, "cow": 357, "handlebar": 618, "lamp post": 722, "monkey": 825, "teapot": 1386, "salt shaker": 1117, "stool": 1303, "mitten": 820, "skylight": 1219, "doorknob": 428, "switch": 1355, "bat": 95, "light bulb": 754, "vest": 1516, "fountain": 534, "tube": 1488, "nail": 858, "soda": 1254, "sweatpants": 1349, "pile": 982, "daisy": 386, "outlet": 898, "driveway": 443, "border": 167, "lift": 752, "bouquet": 172, "skateboard ramp": 1195, "wrapper": 1578, "porch": 1026, "trashcan": 1471, "tarp": 1378, "bookshelf": 164, "bun": 206, "window": 1560, "flamingo": 508, "surfing": 1342, "arrow": 34, "pillar": 983, "traffic light": 1453, "lapel": 731, "cross": 367, "windshield wiper": 1565, "knife": 711, "crumb": 371, "bumper": 205, "mouth": 846, "hoodie": 651, "room": 1103, "wristband": 1582, "floor lamp": 511, "tank": 1373, "tissue": 1414, "sedan": 1147, "lettering": 744, "step": 1297, "monitor": 824, "smoke stack": 1232, "jockey": 689, "collar": 324, "telephone pole": 1392, "walkway": 1526, "closet": 305, "bolt": 159, "pan": 918, "bush": 215, "person": 965, "town": 1447, "name tag": 860, "purse": 1049, "door": 424, "oven": 900, "garage door": 555, "camera": 234, "chip": 287, "dome": 421, "knob": 713, "blanket": 145, "candle holder": 238, "calendar": 232, "charger": 276, "fin": 495, "light fixture": 755, "television": 1393, "tool": 1435, "armrest": 33, "stream": 1315, "hurdle": 664, "canopy": 243, "pebble": 955, "sailboat": 1114, "life vest": 751, "manhole cover": 790, "bridle": 189, "toothpick": 1438, "necktie": 865, "ambulance": 14, "fire hydrant": 501, "writing": 1584, "player": 1009, "printer": 1039, "overpass": 904, "cane": 240, "fire truck": 502, "crown": 370, "overhang": 903, "fencing": 489, "motor": 831, "skateboard": 1194, "ice cream": 667, "basin": 93, "eyebrow": 475, "broccoli": 192, "gravel": 593, "door knob": 427, "jug": 690, "oar": 880, "cookie": 344, "shop": 1169, "pepperoni": 964, "table": 1359, "jersey": 686, "paddle": 911, "stripe": 1323, "wrist": 1579, "swimming pool": 1353, "twig": 1496, "toothbrush": 1436, "leg": 740, "garbage can": 556, "uniform": 1501, "ponytail": 1024, "cliff": 300, "wet suit": 1546, "frame": 535, "rabbit": 1051, "garage": 554, "bin": 136, "guy": 604, "drape": 434, "seagull": 1141, "racer": 1052, "elephant": 462, "bike": 131, "french fries": 537, "muffler": 850, "skull": 1217, "map": 793, "mirror": 818, "fingernail": 497, "donut": 423, "ear": 452, "luggage": 777, "skiis": 1213, "number": 877, "stuffed animal": 1327, "lamp shade": 723, "door handle": 426, "butter knife": 217, "trick": 1479, "lamb": 720, "game": 552, "paper": 924, "audience": 42, "fish": 504, "hood": 650, "parachute": 927, "mantle": 792, "candy": 239, "satellite dish": 1122, "graffiti": 586, "device": 399, "guitar": 602, "dirt bike": 408, "scale": 1127, "trash": 1467, "tights": 1409, "boy": 177, "planter": 1003, "beach": 104, "obstacle": 882, "bus stop": 214, "mud": 848, "heel": 635, "cheese": 278, "parade": 928, "ski suit": 1209, "wrist watch": 1581, "phone": 967, "school bus": 1130, "ceiling": 263, "cup": 376, "pack": 907, "potato": 1031, "tennis racket": 1400, "street": 1317, "ski": 1199, "playground": 1010, "wine": 1567, "road": 1091, "juice": 691, "limb": 761, "skirt": 1216, "sweatshirt": 1350, "vent": 1515, "tail": 1366, "dial": 400, "cabin": 222, "booth": 166, "shore": 1171, "puddle": 1045, "pumpkin": 1047, "nose": 873, "dress shirt": 438, "lady": 718, "watch": 1534, "pillowcase": 986, "cone": 337, "star": 1288, "handbag": 615, "scoreboard": 1135, "ornament": 893, "package": 908, "wheel": 1548, "bow tie": 174, "rock": 1095, "pool": 1025, "skier": 1211, "sink": 1192, "eye": 474, "concrete": 334, "car": 245, "dishwasher": 413, "tablet": 1363, "skatepark": 1197, "pin": 988, "tea pot": 1384, "bucket": 198, "branch": 181, "barricade": 77, "bank": 70, "shoelace": 1168, "baseball cap": 82, "microphone": 813, "topping": 1440, "wig": 1554, "cockpit": 313, "bird cage": 139, "land": 725, "peel": 958, "background": 48, "screw": 1137, "bib": 128, "bacon": 52, "claw": 297, "ladder": 716, "pigeon": 981, "box": 176, "macaroni": 780, "sticker": 1300, "melon": 808, "snow": 1236, "dresser": 439, "baseball player": 87, "screen": 1136, "cuff": 375, "spatula": 1261, "driver": 442, "whisker": 1552, "wake": 1525, "pant": 923, "tire": 1413, "head": 625, "speaker": 1262, "ram": 1068, "button": 219, "airplane": 8, "brim": 191, "air": 4, "crane": 363, "container": 339, "sky": 1218, "ramp": 1069, "display": 415, "shrub": 1181, "restaurant": 1081, "swim trunks": 1352, "baseboard": 90, "moon": 827, "monument": 826, "power line": 1035, "slat": 1223, "exhaust pipe": 473, "asphalt": 39, "patch": 944, "spray bottle": 1274, "machine": 781, "hat": 623, "ottoman": 895, "structure": 1325, "home": 647, "lantern": 729, "fire": 498, "glasses": 576, "blender": 148, "night": 870, "design": 395, "paw": 949, "waterfall": 1538, "pillow": 984, "sled": 1224, "kite": 704, "straw": 1313, "seat": 1144, "seal": 1142, "mountain": 837, "trunk": 1485, "wetsuit": 1547, "paint": 913, "snout": 1235, "sweatband": 1347, "strawberry": 1314, "toilet": 1422, "church": 292, "lettuce": 745, "blade": 144, "wheelchair": 1549, "pencil": 960, "radio": 1056, "goose": 584, "jumpsuit": 692, "racket": 1054, "front legs": 542, "hammer": 612, "bedroom": 117, "boat": 157, "shelf": 1159, "tennis court": 1396, "comforter": 327, "blouse": 153, "dog": 419, "candle": 237, "strip": 1322, "donkey": 422, "dumpster": 448, "ski pants": 1205, "cardboard": 247, "enclosure": 465, "jeep": 685, "brick wall": 186, "buffalo": 201, "packet": 909, "coffee mug": 318, "strap": 1312, "shin guard": 1162, "stop sign": 1306, "tennis player": 1399, "track": 1449, "bone": 160, "wall": 1527, "shed": 1156, "coin": 321, "feeder": 485, "brake light": 180, "tile": 1410, "shutter": 1182, "hamburger": 611, "folder": 520, "face": 476, "bang": 69, "bracelet": 178, "undershirt": 1499, "appliance": 24, "snow pants": 1238, "tree line": 1476, "kettle": 696, "ski poles": 1207, "chest": 281, "magazine": 782, "mountain range": 838, "skin": 1215, "bull": 204, "wallpaper": 1529, "headboard": 629, "orange": 892, "ripple": 1089, "slope": 1227, "soccer player": 1251, "clock": 301, "crowd": 369, "lampshade": 724, "lighter": 759, "image": 670, "couple": 353, "weed": 1545, "blood": 151, "badge": 53, "cushion": 381, "rod": 1097, "kayak": 693, "lid": 748, "sneaker": 1234, "footboard": 528, "lounge chair": 776, "tag": 1365, "stump": 1329, "stack": 1278, "noodle": 872, "gun": 603, "cellphone": 268, "distance": 417, "tape": 1376, "remote": 1079, "cooler": 346, "menu": 809, "foot": 525, "toilet lid": 1425, "mulch": 852, "fixture": 505, "lanyard": 730, "back": 46, "plastic": 1005, "arch": 27, "pier": 979, "boardwalk": 156, "picture frame": 976, "snowboard": 1240, "cell phone": 267, "stadium": 1279, "kickstand": 700, "carriage": 251, "dirt road": 409, "kid": 701, "bleacher": 147, "laptop": 732, "fire extinguisher": 500, "pig": 980, "gate": 564, "hubcap": 663, "skate park": 1193, "bow": 173, "canoe": 242, "stop": 1304, "stage": 1280, "elbow pad": 459, "smoke": 1231, "fan": 480, "cover": 356, "baseball field": 83, "cucumber": 374, "coffee cup": 316, "earring": 454, "roof": 1101, "saucer": 1124, "pathway": 946, "handle bars": 617, "drawing": 436, "bead": 107, "stove top": 1311, "goatee": 582, "frosting": 544, "grass": 590, "base": 79, "pine tree": 989, "groom": 598, "snowman": 1243, "living room": 769, "tractor": 1450, "clothing": 308, "watermelon": 1540, "cable": 225, "sleeve": 1225, "scaffolding": 1126, "bowl": 175, "officer": 887, "suit": 1331, "dock": 418, "baseball glove": 85, "beverage": 127, "hair dryer": 606, "dress": 437, "peak": 952, "foam": 517, "tiger": 1408, "glove": 579, "bathtub": 101, "mustard": 856, "item": 680, "sponge": 1270, "staircase": 1283, "vending machine": 1514, "skater": 1198, "hose": 657, "crate": 364, "propeller": 1044, "trail": 1456, "silverware": 1191, "desert": 394, "pump": 1046, "mango": 788, "scene": 1129, "barrel": 76, "steeple": 1294, "freezer": 536, "backpack": 49, "triangle": 1478, "wiper": 1570, "cigarette": 293, "stereo": 1298, "hot dog": 658, "path": 945, "mouse": 842, "pepper": 962, "body": 158, "pitchers mound": 993, "visor": 1522, "lake": 719, "pedal": 956, "tree": 1473, "faucet": 483, "forest": 532, "turkey": 1493, "symbol": 1357, "yacht": 1585, "gear": 567, "archway": 28, "binder": 137, "stick": 1299, "neck": 862, "buckle": 199, "board": 155, "patio": 947, "ledge": 739, "runway": 1108, "boot": 165, "sprinkle": 1275, "apartment": 20, "drawer": 435, "tusk": 1494, "mug": 851, "vehicle": 1513, "mannequin": 791, "berry": 126, "face mask": 477, "coconut": 314, "leash": 738, "decal": 390, "cabinet door": 224, "fender": 490, "ground": 599, "finger": 496, "ocean": 883, "motorcyclist": 835, "globe": 578, "overall": 902, "buoy": 209, "rose": 1105, "short": 1173, "knot": 714, "pad": 910, "stroller": 1324, "baseball bat": 81, "saddle": 1110, "snowboarder": 1241, "ivy": 681, "barrier": 78, "tongue": 1434, "hut": 665, "projector": 1042, "wave": 1541, "tower": 1446, "fork": 533, "hole": 646, "advertisement": 3, "brush": 196, "circle": 294, "match": 800, "legging": 741, "seed": 1148, "yard": 1586, "beard": 113, "beach chair": 105, "sandal": 1119, "goat": 581, "snow board": 1237, "lip": 765, "reflector": 1076, "guard rail": 601, "foil": 519, "jar": 683, "wool": 1575, "pizza": 994, "mustache": 855, "motorcycle": 834, "chimney": 285, "helmet": 637, "refrigerator": 1077, "fruit stand": 546, "frog": 540, "bandage": 67, "doll": 420, "rice": 1085, "steering wheel": 1295, "lion": 764, "burger": 210, "easel": 455, "duck": 446, "cake": 230, "foot print": 526, "butterfly": 218, "couch": 351, "jean": 684, "house": 662, "pony tail": 1023, "antelope": 18, "rock wall": 1096, "end": 466, "floor": 510, "clothes": 307, "bell": 123, "sock": 1252, "cleat": 299, "hook": 653, "platter": 1008, "palm": 916, "icon": 669, "trash bag": 1468, "child": 283, "stain": 1281, "napkin": 861, "dryer": 445, "paper towel": 926, "shadow": 1152, "tank top": 1374, "shoe": 1167, "billboard": 135, "ski lift": 1204, "keyboard": 698, "cactus": 227, "smile": 1230, "rug": 1107, "icing": 668, "disc": 410, "scissor": 1131, "marker": 795, "bathroom": 99, "horizon": 654, "notebook": 875, "sail": 1113, "license plate": 747, "tub": 1487, "bench": 125, "herd": 639, "latch": 734, "stone": 1301, "dvd player": 450, "hallway": 608, "salad": 1115, "bear": 112, "sidewalk": 1186, "costume": 350, "gazebo": 565, "valley": 1506, "bottom": 170, "line": 763, "river": 1090, "wagon": 1523, "umpire": 1498, "man": 786, "toddler": 1419, "cupboard": 377, "suit jacket": 1332, "lamp": 721, "cowboy hat": 359, "fence post": 488, "hanger": 620, "teeth": 1390, "microwave": 814, "leaf": 737, "flag": 506, "drain": 433, "ice": 666, "kitten": 705, "windshield": 1564, "chair": 272, "feather": 484, "catcher": 258, "grill": 596, "suv": 1344, "police officer": 1018, "cutting board": 383, "railing": 1060, "balloon": 60, "team": 1385, "belt": 124, "reflection": 1075, "holder": 645, "dinosaur": 405, "train car": 1459, "train": 1458, "life preserver": 750, "diamond": 401, "side mirror": 1183, "label": 715, "chocolate": 288, "balcony": 57, "whiteboard": 1553, "beam": 109, "bookcase": 163, "ski boots": 1201, "forehead": 531, "art": 35, "pole": 1015, "rope": 1104, "bus": 212, "decoration": 392, "pitcher": 992, "van": 1507, "giraffe": 570, "netting": 868, "mat": 799, "controller": 342, "animal": 16, "tattoo": 1379, "entrance": 471, "sheep": 1157, "water bottle": 1536, "penguin": 961, "sweater": 1348, "dvd": 449, "kneepad": 710, "lock": 770, "statue": 1291, "bread": 182, "snowsuit": 1244, "hay": 624, "page": 912, "bicycle": 129, "beer bottle": 121, "pipe": 991, "hedge": 634, "meter": 812, "toe": 1420, "football": 527, "gas tank": 563, "tennis ball": 1395, "slab": 1221, "toilet paper": 1426, "banana peel": 64, "horn": 655, "window sill": 1562, "moped": 828, "sign": 1187, "dirt": 407, "vine": 1521, "cyclist": 385, "carpet": 250, "cord": 348, "date": 388, "banner": 71, "headphone": 631, "steam": 1293, "hand": 613, "rack": 1053, "street sign": 1320, "surfboard": 1340, "shower": 1176, "banana": 62, "bridge": 188, "bird": 138, "baby": 45, "nostril": 874, "countertop": 352, "sword": 1356, "arm": 31, "painting": 914, "mailbox": 784, "antenna": 19, "pastry": 942, "sandwich": 1121, "broom": 194, "lawn": 735, "puppy": 1048, "trailer": 1457, "rail": 1059, "figure": 493, "control": 340, "photo": 968, "letter": 743, "tripod": 1480, "cloud": 309, "desk": 396, "book": 161, "sheet": 1158, "baseball": 80, "park": 931, "train station": 1464, "rain": 1064, "shade": 1151, "figurine": 494, "manhole": 789, "eagle": 451, "dish": 411, "object": 881, "hillside": 643, "signal": 1189, "knee pad": 709, "tine": 1412, "apple": 22, "briefcase": 190, "bride": 187, "watermark": 1539, "bikini": 134, "boulder": 171, "light": 753, "awning": 44, "streamer": 1316, "can": 235, "mixer": 821, "pond": 1021, "logo": 773, "wrist band": 1580, "basket": 94, "hill": 641, "log": 772, "text": 1404, "artwork": 37, "telephone": 1391, "pickup truck": 973, "lot": 774, "skyscraper": 1220, "goal": 580, "plate": 1006, "toaster": 1417, "elbow": 458, "island": 679, "pajama": 915, "lighthouse": 760, "wine bottle": 1568, "cat": 257, "dugout": 447, "chalkboard": 273, "cab": 220, "nest": 866, "mattress": 801, "cart": 253, "fruit": 545, "carton": 254, "helicopter": 636, "sunglasses": 1336, "thumb": 1406, "skateboarder": 1196, "sunset": 1337, "metal": 811, "ankle": 17, "palm tree": 917, "name": 859, "tent": 1402, "instrument": 675, "gown": 585, "light switch": 758, "avocado": 43, "column": 325, "end table": 467, "fur": 548, "tail feathers": 1367, "barn": 75, "tshirt": 1486, "brownie": 195, "doorway": 429, "toothpaste": 1437, "shovel": 1175, "magnet": 783, "shirt": 1166, "girl": 572, "post": 1028, "wing": 1569, "motorbike": 833, "picnic table": 974, "lipstick": 766, "beak": 108, "stone wall": 1302, "slice": 1226, "windowsill": 1563, "wood": 1574, "zebra": 1591, "bracket": 179, "spot": 1272, "drink": 441, "green": 595, "swimsuit": 1354, "landing gear": 726, "sand": 1118, "tray": 1472, "door frame": 425, "newspaper": 869, "cage": 229, "grate": 592, "trash can": 1470, "airport": 9, "stem": 1296, "sack": 1109, "engine": 468, "owl": 905, "tomato": 1430, "air conditioner": 5, "biker": 133, "sculpture": 1138, "surface": 1339, "flower": 515, "tangerine": 1372, "sofa": 1257, "case": 255, "chicken": 282, "cd": 262, "castle": 256, "panel": 922, "piano": 971, "toy": 1448, "drum": 444, "yellow": 1587, "raft": 1058, "towel": 1444, "tennis": 1394, "tunnel": 1490, "plant": 1001, "station": 1289, "platform": 1007, "shoulder": 1174, "mask": 797, "plug": 1011, "bag": 54, "necklace": 864, "apron": 25, "parking meter": 934, "mitt": 819, "second floor": 1146, "ceiling fan": 264, "card": 246, "utensil": 1504, "shopping bag": 1170, "shield": 1161, "cabbage": 221, "tie": 1407, "oven door": 901, "soap": 1245, "mushroom": 854, "chain": 271, "ski pole": 1206, "dispenser": 414, "flip flop": 509, "gift": 569, "outfit": 897, "aircraft": 7, "fog": 518, "band": 66, "street light": 1319, "group": 600, "pot": 1030, "classroom": 296, "vegetable": 1511, "kitchen": 703, "woman": 1573, "fence": 487, "tree trunk": 1477, "pocket": 1013, "stair": 1282, "ring": 1088, "teddy bear": 1388, "parrot": 936, "cement": 269, "underwear": 1500, "headlight": 630, "comb": 326, "cabinet": 223, "bandana": 68, "umbrella": 1497, "receipt": 1072, "surfer": 1341, "pavement": 948, "stand": 1286, "bud": 200, "shampoo": 1154, "grape": 588, "beanie": 111, "moustache": 845, "top": 1439, "soccer ball": 1249, "bathing suit": 98, "egg": 456, "garden": 557, "frisbee": 539, "vase": 1510, "suspender": 1343, "curtain": 380, "glass": 573, "hotel": 659, "dessert": 398, "cloth": 306, "radiator": 1055, "christmas tree": 291, "fire escape": 499, "net": 867, "handle": 616, "flame": 507, "lemon": 742, "tablecloth": 1362, "blind": 149, "bike rack": 132, "ostrich": 894, "harness": 622, "stove": 1310, "soap dish": 1247, "bark": 74, "petal": 966, "deer": 393, "heater": 633, "outfield": 896, "chef": 279, "pane": 921, "calf": 233, "food": 523, "parking lot": 933, "ball": 58, "dot": 430, "wire": 1571, "bar": 72, "pen": 959, "back pack": 47, "batter": 102, "rim": 1087, "rider": 1086, "fireplace": 503, "hoof": 652}, "idx_to_eng": {"1451": "traffic", "1029": "poster", "274": "chandelier", "1065": "rainbow", "150": "block", "938": "passenger", "767": "liquid", "798": "mast", "1256": "soda can", "810": "mesh", "541": "front", "185": "brick", "929": "parasail", "15": "american flag", "252": "carrot", "1433": "tongs", "1269": "spoke", "491": "fern", "558": "garland", "320": "coffee table", "1474": "tree branch", "1592": "zipper", "1345": "swan", "609": "halter", "749": "life jacket", "1112": "safety jacket", "529": "footprint", "583": "goggles", "379": "curb", "1333": "suitcase", "479": "family", "197": "bubble", "1321": "string", "1334": "sun", "697": "key", "387": "dashboard", "871": "nightstand", "829": "moss", "402": "dining room", "295": "city", "432": "dragon", "628": "headband", "208": "bunny", "478": "facial hair", "1038": "print", "1268": "splash", "1380": "taxi", "648": "home plate", "1535": "water", "1128": "scarf", "368": "crosswalk", "549": "furniture", "975": "picture", "1145": "seaweed", "114": "bed", "1172": "shoreline", "1078": "reign", "349": "corn", "1369": "tail light", "470": "entertainment center", "1576": "word", "1308": "store", "1163": "shin guards", "73": "bar stool", "796": "market", "1524": "waist", "1360": "table cloth", "1132": "scissors", "836": "mound", "857": "muzzle", "1004": "plaque", "605": "hair", "277": "cheek", "1098": "roll", "1242": "snowflake", "1484": "truck", "785": "male", "361": "crab", "516": "flower pot", "244": "cap", "453": "earphone", "286": "chin", "787": "mane", "1284": "stairway", "1165": "ship", "1160": "shelter", "1094": "robe", "354": "court", "815": "milk", "1134": "scooter", "632": "heart", "1": "ad", "362": "cracker", "682": "jacket", "203": "building", "391": "deck", "1200": "ski boot", "708": "knee", "1084": "ribbon", "656": "horse", "463": "emblem", "804": "meat", "1273": "spray", "1264": "spectator", "120": "beer", "328": "computer", "1423": "toilet bowl", "492": "field", "312": "coat", "1271": "spoon", "168": "bottle", "357": "cow", "618": "handlebar", "722": "lamp post", "825": "monkey", "1386": "teapot", "1117": "salt shaker", "1303": "stool", "820": "mitten", "1219": "skylight", "428": "doorknob", "1355": "switch", "95": "bat", "754": "light bulb", "1516": "vest", "534": "fountain", "1488": "tube", "858": "nail", "1254": "soda", "1349": "sweatpants", "982": "pile", "386": "daisy", "898": "outlet", "443": "driveway", "167": "border", "752": "lift", "172": "bouquet", "1195": "skateboard ramp", "1578": "wrapper", "1026": "porch", "1471": "trashcan", "1378": "tarp", "164": "bookshelf", "206": "bun", "1560": "window", "508": "flamingo", "1342": "surfing", "34": "arrow", "983": "pillar", "1453": "traffic light", "731": "lapel", "367": "cross", "1565": "windshield wiper", "711": "knife", "371": "crumb", "205": "bumper", "846": "mouth", "651": "hoodie", "1103": "room", "1582": "wristband", "511": "floor lamp", "1373": "tank", "1414": "tissue", "1147": "sedan", "744": "lettering", "1297": "step", "824": "monitor", "1232": "smoke stack", "689": "jockey", "324": "collar", "1392": "telephone pole", "1526": "walkway", "305": "closet", "159": "bolt", "918": "pan", "215": "bush", "965": "person", "1447": "town", "860": "name tag", "1049": "purse", "424": "door", "900": "oven", "555": "garage door", "234": "camera", "287": "chip", "421": "dome", "713": "knob", "145": "blanket", "238": "candle holder", "232": "calendar", "276": "charger", "495": "fin", "755": "light fixture", "1393": "television", "1435": "tool", "33": "armrest", "1315": "stream", "664": "hurdle", "243": "canopy", "955": "pebble", "1114": "sailboat", "751": "life vest", "790": "manhole cover", "189": "bridle", "1438": "toothpick", "865": "necktie", "14": "ambulance", "501": "fire hydrant", "1584": "writing", "1009": "player", "1039": "printer", "904": "overpass", "240": "cane", "502": "fire truck", "370": "crown", "903": "overhang", "489": "fencing", "831": "motor", "1194": "skateboard", "667": "ice cream", "93": "basin", "475": "eyebrow", "192": "broccoli", "593": "gravel", "427": "door knob", "690": "jug", "880": "oar", "344": "cookie", "1169": "shop", "964": "pepperoni", "1359": "table", "686": "jersey", "911": "paddle", "1323": "stripe", "1579": "wrist", "1353": "swimming pool", "1496": "twig", "1436": "toothbrush", "740": "leg", "556": "garbage can", "1501": "uniform", "1024": "ponytail", "300": "cliff", "1546": "wet suit", "535": "frame", "1051": "rabbit", "554": "garage", "136": "bin", "604": "guy", "434": "drape", "1141": "seagull", "1052": "racer", "462": "elephant", "131": "bike", "537": "french fries", "850": "muffler", "1217": "skull", "793": "map", "818": "mirror", "497": "fingernail", "423": "donut", "452": "ear", "777": "luggage", "1213": "skiis", "877": "number", "1327": "stuffed animal", "723": "lamp shade", "426": "door handle", "217": "butter knife", "1479": "trick", "720": "lamb", "552": "game", "924": "paper", "42": "audience", "504": "fish", "650": "hood", "927": "parachute", "792": "mantle", "239": "candy", "1122": "satellite dish", "586": "graffiti", "399": "device", "602": "guitar", "408": "dirt bike", "1127": "scale", "1467": "trash", "1409": "tights", "177": "boy", "1003": "planter", "104": "beach", "882": "obstacle", "214": "bus stop", "848": "mud", "635": "heel", "278": "cheese", "928": "parade", "1209": "ski suit", "1581": "wrist watch", "967": "phone", "1130": "school bus", "263": "ceiling", "376": "cup", "907": "pack", "1031": "potato", "1400": "tennis racket", "1317": "street", "1199": "ski", "1010": "playground", "1567": "wine", "1091": "road", "691": "juice", "761": "limb", "1216": "skirt", "1350": "sweatshirt", "1515": "vent", "1366": "tail", "400": "dial", "222": "cabin", "166": "booth", "1171": "shore", "1045": "puddle", "1047": "pumpkin", "873": "nose", "438": "dress shirt", "718": "lady", "1534": "watch", "986": "pillowcase", "337": "cone", "1288": "star", "615": "handbag", "1135": "scoreboard", "893": "ornament", "908": "package", "1548": "wheel", "174": "bow tie", "1095": "rock", "1025": "pool", "1211": "skier", "1192": "sink", "474": "eye", "334": "concrete", "245": "car", "413": "dishwasher", "1363": "tablet", "1197": "skatepark", "988": "pin", "1384": "tea pot", "198": "bucket", "181": "branch", "77": "barricade", "70": "bank", "1168": "shoelace", "82": "baseball cap", "813": "microphone", "1440": "topping", "1554": "wig", "313": "cockpit", "139": "bird cage", "725": "land", "958": "peel", "48": "background", "1137": "screw", "128": "bib", "52": "bacon", "297": "claw", "716": "ladder", "981": "pigeon", "176": "box", "780": "macaroni", "1300": "sticker", "808": "melon", "1236": "snow", "439": "dresser", "87": "baseball player", "1136": "screen", "375": "cuff", "1261": "spatula", "442": "driver", "1552": "whisker", "1525": "wake", "923": "pant", "1413": "tire", "625": "head", "1262": "speaker", "1068": "ram", "219": "button", "8": "airplane", "191": "brim", "4": "air", "363": "crane", "339": "container", "1218": "sky", "1069": "ramp", "415": "display", "1181": "shrub", "1081": "restaurant", "1352": "swim trunks", "90": "baseboard", "827": "moon", "826": "monument", "1035": "power line", "1223": "slat", "473": "exhaust pipe", "39": "asphalt", "944": "patch", "1274": "spray bottle", "781": "machine", "623": "hat", "895": "ottoman", "1325": "structure", "647": "home", "729": "lantern", "498": "fire", "576": "glasses", "148": "blender", "870": "night", "395": "design", "949": "paw", "1538": "waterfall", "984": "pillow", "1224": "sled", "704": "kite", "1313": "straw", "1144": "seat", "1142": "seal", "837": "mountain", "1485": "trunk", "1547": "wetsuit", "913": "paint", "1235": "snout", "1347": "sweatband", "1314": "strawberry", "1422": "toilet", "292": "church", "745": "lettuce", "144": "blade", "1549": "wheelchair", "960": "pencil", "1056": "radio", "584": "goose", "692": "jumpsuit", "1054": "racket", "542": "front legs", "612": "hammer", "117": "bedroom", "157": "boat", "1159": "shelf", "1396": "tennis court", "327": "comforter", "153": "blouse", "419": "dog", "237": "candle", "1322": "strip", "422": "donkey", "448": "dumpster", "1205": "ski pants", "247": "cardboard", "465": "enclosure", "685": "jeep", "186": "brick wall", "201": "buffalo", "909": "packet", "318": "coffee mug", "1312": "strap", "1162": "shin guard", "1306": "stop sign", "1399": "tennis player", "1449": "track", "160": "bone", "1527": "wall", "1156": "shed", "321": "coin", "485": "feeder", "180": "brake light", "1410": "tile", "1182": "shutter", "611": "hamburger", "520": "folder", "476": "face", "69": "bang", "178": "bracelet", "1499": "undershirt", "24": "appliance", "1238": "snow pants", "1476": "tree line", "696": "kettle", "1207": "ski poles", "281": "chest", "782": "magazine", "838": "mountain range", "1215": "skin", "204": "bull", "1529": "wallpaper", "629": "headboard", "892": "orange", "1089": "ripple", "1227": "slope", "1251": "soccer player", "301": "clock", "369": "crowd", "724": "lampshade", "759": "lighter", "670": "image", "353": "couple", "1545": "weed", "151": "blood", "53": "badge", "381": "cushion", "1097": "rod", "693": "kayak", "748": "lid", "1234": "sneaker", "528": "footboard", "776": "lounge chair", "1365": "tag", "1329": "stump", "1278": "stack", "872": "noodle", "603": "gun", "268": "cellphone", "417": "distance", "1376": "tape", "1079": "remote", "346": "cooler", "809": "menu", "525": "foot", "1425": "toilet lid", "852": "mulch", "505": "fixture", "730": "lanyard", "46": "back", "1005": "plastic", "27": "arch", "979": "pier", "156": "boardwalk", "976": "picture frame", "1240": "snowboard", "267": "cell phone", "1279": "stadium", "700": "kickstand", "251": "carriage", "409": "dirt road", "701": "kid", "147": "bleacher", "732": "laptop", "500": "fire extinguisher", "980": "pig", "564": "gate", "663": "hubcap", "1193": "skate park", "173": "bow", "242": "canoe", "1304": "stop", "1280": "stage", "459": "elbow pad", "1231": "smoke", "480": "fan", "356": "cover", "83": "baseball field", "374": "cucumber", "316": "coffee cup", "454": "earring", "1101": "roof", "1124": "saucer", "946": "pathway", "617": "handle bars", "436": "drawing", "107": "bead", "1311": "stove top", "582": "goatee", "544": "frosting", "590": "grass", "79": "base", "989": "pine tree", "598": "groom", "1243": "snowman", "769": "living room", "1450": "tractor", "308": "clothing", "1540": "watermelon", "225": "cable", "1225": "sleeve", "1126": "scaffolding", "175": "bowl", "887": "officer", "1331": "suit", "418": "dock", "85": "baseball glove", "127": "beverage", "606": "hair dryer", "437": "dress", "952": "peak", "517": "foam", "1408": "tiger", "579": "glove", "101": "bathtub", "856": "mustard", "680": "item", "1270": "sponge", "1283": "staircase", "1514": "vending machine", "1198": "skater", "657": "hose", "364": "crate", "1044": "propeller", "1456": "trail", "1191": "silverware", "394": "desert", "1046": "pump", "788": "mango", "1129": "scene", "76": "barrel", "1294": "steeple", "536": "freezer", "49": "backpack", "1478": "triangle", "1570": "wiper", "293": "cigarette", "1298": "stereo", "658": "hot dog", "945": "path", "842": "mouse", "962": "pepper", "158": "body", "993": "pitchers mound", "1522": "visor", "719": "lake", "956": "pedal", "1473": "tree", "483": "faucet", "532": "forest", "1493": "turkey", "1357": "symbol", "1585": "yacht", "567": "gear", "28": "archway", "137": "binder", "1299": "stick", "862": "neck", "199": "buckle", "155": "board", "947": "patio", "739": "ledge", "1108": "runway", "165": "boot", "1275": "sprinkle", "20": "apartment", "435": "drawer", "1494": "tusk", "851": "mug", "1513": "vehicle", "791": "mannequin", "126": "berry", "477": "face mask", "314": "coconut", "738": "leash", "390": "decal", "224": "cabinet door", "490": "fender", "599": "ground", "496": "finger", "883": "ocean", "835": "motorcyclist", "578": "globe", "902": "overall", "209": "buoy", "1105": "rose", "1173": "short", "714": "knot", "910": "pad", "1324": "stroller", "81": "baseball bat", "1110": "saddle", "1241": "snowboarder", "681": "ivy", "78": "barrier", "1434": "tongue", "665": "hut", "1042": "projector", "1541": "wave", "1446": "tower", "533": "fork", "646": "hole", "3": "advertisement", "196": "brush", "294": "circle", "800": "match", "741": "legging", "1148": "seed", "1586": "yard", "113": "beard", "105": "beach chair", "1119": "sandal", "581": "goat", "1237": "snow board", "765": "lip", "1076": "reflector", "601": "guard rail", "519": "foil", "683": "jar", "1575": "wool", "994": "pizza", "855": "mustache", "834": "motorcycle", "285": "chimney", "637": "helmet", "1077": "refrigerator", "546": "fruit stand", "540": "frog", "67": "bandage", "420": "doll", "1085": "rice", "1295": "steering wheel", "764": "lion", "210": "burger", "455": "easel", "446": "duck", "230": "cake", "526": "foot print", "218": "butterfly", "351": "couch", "684": "jean", "662": "house", "1023": "pony tail", "18": "antelope", "1096": "rock wall", "466": "end", "510": "floor", "307": "clothes", "123": "bell", "1252": "sock", "299": "cleat", "653": "hook", "1008": "platter", "916": "palm", "669": "icon", "1468": "trash bag", "283": "child", "1281": "stain", "861": "napkin", "445": "dryer", "926": "paper towel", "1152": "shadow", "1374": "tank top", "1167": "shoe", "135": "billboard", "1204": "ski lift", "698": "keyboard", "227": "cactus", "1230": "smile", "1107": "rug", "668": "icing", "410": "disc", "1131": "scissor", "795": "marker", "99": "bathroom", "654": "horizon", "875": "notebook", "1113": "sail", "747": "license plate", "1487": "tub", "125": "bench", "639": "herd", "734": "latch", "1301": "stone", "450": "dvd player", "608": "hallway", "1115": "salad", "112": "bear", "1186": "sidewalk", "350": "costume", "565": "gazebo", "1506": "valley", "170": "bottom", "763": "line", "1090": "river", "1523": "wagon", "1498": "umpire", "786": "man", "1419": "toddler", "377": "cupboard", "1332": "suit jacket", "721": "lamp", "359": "cowboy hat", "488": "fence post", "620": "hanger", "1390": "teeth", "814": "microwave", "737": "leaf", "506": "flag", "433": "drain", "666": "ice", "705": "kitten", "1564": "windshield", "272": "chair", "484": "feather", "258": "catcher", "596": "grill", "1344": "suv", "1018": "police officer", "383": "cutting board", "1060": "railing", "60": "balloon", "1385": "team", "124": "belt", "1075": "reflection", "645": "holder", "405": "dinosaur", "1459": "train car", "1458": "train", "750": "life preserver", "401": "diamond", "1183": "side mirror", "715": "label", "288": "chocolate", "57": "balcony", "1553": "whiteboard", "109": "beam", "163": "bookcase", "1201": "ski boots", "531": "forehead", "35": "art", "1015": "pole", "1104": "rope", "212": "bus", "392": "decoration", "992": "pitcher", "1507": "van", "570": "giraffe", "868": "netting", "799": "mat", "342": "controller", "16": "animal", "1379": "tattoo", "471": "entrance", "1157": "sheep", "1536": "water bottle", "961": "penguin", "1348": "sweater", "449": "dvd", "710": "kneepad", "770": "lock", "1291": "statue", "182": "bread", "1244": "snowsuit", "624": "hay", "912": "page", "129": "bicycle", "121": "beer bottle", "991": "pipe", "634": "hedge", "812": "meter", "1420": "toe", "527": "football", "563": "gas tank", "1395": "tennis ball", "1221": "slab", "1426": "toilet paper", "64": "banana peel", "655": "horn", "1562": "window sill", "828": "moped", "1187": "sign", "407": "dirt", "1521": "vine", "385": "cyclist", "250": "carpet", "348": "cord", "388": "date", "71": "banner", "631": "headphone", "1293": "steam", "613": "hand", "1053": "rack", "1320": "street sign", "1340": "surfboard", "1176": "shower", "62": "banana", "188": "bridge", "138": "bird", "45": "baby", "874": "nostril", "352": "countertop", "1356": "sword", "31": "arm", "914": "painting", "784": "mailbox", "19": "antenna", "942": "pastry", "1121": "sandwich", "194": "broom", "735": "lawn", "1048": "puppy", "1457": "trailer", "1059": "rail", "493": "figure", "340": "control", "968": "photo", "743": "letter", "1480": "tripod", "309": "cloud", "396": "desk", "161": "book", "1158": "sheet", "80": "baseball", "931": "park", "1464": "train station", "1064": "rain", "1151": "shade", "494": "figurine", "789": "manhole", "451": "eagle", "411": "dish", "881": "object", "643": "hillside", "1189": "signal", "709": "knee pad", "1412": "tine", "22": "apple", "190": "briefcase", "187": "bride", "1539": "watermark", "134": "bikini", "171": "boulder", "753": "light", "44": "awning", "1316": "streamer", "235": "can", "821": "mixer", "1021": "pond", "773": "logo", "1580": "wrist band", "94": "basket", "641": "hill", "772": "log", "1404": "text", "37": "artwork", "1391": "telephone", "973": "pickup truck", "774": "lot", "1220": "skyscraper", "580": "goal", "1006": "plate", "1417": "toaster", "458": "elbow", "679": "island", "915": "pajama", "760": "lighthouse", "1568": "wine bottle", "257": "cat", "447": "dugout", "273": "chalkboard", "220": "cab", "866": "nest", "801": "mattress", "253": "cart", "545": "fruit", "254": "carton", "636": "helicopter", "1336": "sunglasses", "1406": "thumb", "1196": "skateboarder", "1337": "sunset", "811": "metal", "17": "ankle", "917": "palm tree", "859": "name", "1402": "tent", "675": "instrument", "585": "gown", "758": "light switch", "43": "avocado", "325": "column", "467": "end table", "548": "fur", "1367": "tail feathers", "75": "barn", "1486": "tshirt", "195": "brownie", "429": "doorway", "1437": "toothpaste", "1175": "shovel", "783": "magnet", "1166": "shirt", "572": "girl", "1028": "post", "1569": "wing", "833": "motorbike", "974": "picnic table", "766": "lipstick", "108": "beak", "1302": "stone wall", "1226": "slice", "1563": "windowsill", "1574": "wood", "1591": "zebra", "179": "bracket", "1272": "spot", "441": "drink", "595": "green", "1354": "swimsuit", "726": "landing gear", "1118": "sand", "1472": "tray", "425": "door frame", "869": "newspaper", "229": "cage", "592": "grate", "1470": "trash can", "9": "airport", "1296": "stem", "1109": "sack", "468": "engine", "905": "owl", "1430": "tomato", "5": "air conditioner", "133": "biker", "1138": "sculpture", "1339": "surface", "515": "flower", "1372": "tangerine", "1257": "sofa", "255": "case", "282": "chicken", "262": "cd", "256": "castle", "922": "panel", "971": "piano", "1448": "toy", "444": "drum", "1587": "yellow", "1058": "raft", "1444": "towel", "1394": "tennis", "1490": "tunnel", "1001": "plant", "1289": "station", "1007": "platform", "1174": "shoulder", "797": "mask", "1011": "plug", "54": "bag", "864": "necklace", "25": "apron", "934": "parking meter", "819": "mitt", "1146": "second floor", "264": "ceiling fan", "246": "card", "1504": "utensil", "1170": "shopping bag", "1161": "shield", "221": "cabbage", "1407": "tie", "901": "oven door", "1245": "soap", "854": "mushroom", "271": "chain", "1206": "ski pole", "414": "dispenser", "509": "flip flop", "569": "gift", "897": "outfit", "7": "aircraft", "518": "fog", "66": "band", "1319": "street light", "600": "group", "1030": "pot", "296": "classroom", "1511": "vegetable", "703": "kitchen", "1573": "woman", "487": "fence", "1477": "tree trunk", "1013": "pocket", "1282": "stair", "1088": "ring", "1388": "teddy bear", "936": "parrot", "269": "cement", "1500": "underwear", "630": "headlight", "326": "comb", "223": "cabinet", "68": "bandana", "1497": "umbrella", "1072": "receipt", "1341": "surfer", "948": "pavement", "1286": "stand", "200": "bud", "1154": "shampoo", "588": "grape", "111": "beanie", "845": "moustache", "1439": "top", "1249": "soccer ball", "98": "bathing suit", "456": "egg", "557": "garden", "539": "frisbee", "1510": "vase", "1343": "suspender", "380": "curtain", "573": "glass", "659": "hotel", "398": "dessert", "306": "cloth", "1055": "radiator", "291": "christmas tree", "499": "fire escape", "867": "net", "616": "handle", "507": "flame", "742": "lemon", "1362": "tablecloth", "149": "blind", "132": "bike rack", "894": "ostrich", "622": "harness", "1310": "stove", "1247": "soap dish", "74": "bark", "966": "petal", "393": "deer", "633": "heater", "896": "outfield", "279": "chef", "921": "pane", "233": "calf", "523": "food", "933": "parking lot", "58": "ball", "430": "dot", "1571": "wire", "72": "bar", "959": "pen", "47": "back pack", "102": "batter", "1087": "rim", "1086": "rider", "503": "fireplace", "652": "hoof"}, "ar_to_idx": {"حركة المرور": 1451, "ملصق": 715, "الثريا": 274, "قوس المطر": 1065, "منع": 150, "راكب": 938, "سائل": 767, "سارية": 798, "علبة الصودا": 1256, "مش": 810, "أمام": 541, "قالب طوب": 185, "باراسيل": 929, "العلم الأمريكي": 15, "جزرة": 252, "ملقط": 1433, "سلك": 1269, "السرخس": 491, "جارلاند": 558, "طاولة القهوة": 320, "شجرة فرع": 1474, "سحاب البنطلون": 1592, "بجعة": 584, "الرسن": 609, "سترة النجاة": 751, "سترة سلامة": 1112, "اثار": 529, "نظارات واقية": 583, "تطويق": 379, "حقيبة سفر": 1333, "عائلة": 479, "فقاعة": 197, "سلسلة": 271, "الشمس": 1334, "مفتاح": 697, "لوحة القيادة": 387, "منضدة سرير": 871, "طحلب": 829, "تناول الطعام مجال": 402, "مدينة": 295, "تنين": 432, "عقال الرأس": 628, "الأرنب": 208, "الوجه شعر": 478, "مطبعة": 1038, "دفقة": 1268, "سيارة اجره": 1380, "مسكن لوحة": 648, "ماء": 1535, "وشاح": 1128, "معبر": 368, "أثاث": 549, "صورة": 670, "الأعشاب البحرية": 1145, "السرير": 114, "شورلاين": 1172, "فتره حكم": 1078, "حبوب ذرة": 349, "ذيل خفيفة": 1369, "مركز ترفيهي": 470, "كلمة": 1576, "متجر": 1308, "حراس شين": 1163, "كرسي بار": 73, "سوق": 796, "وسط": 1524, "مفرش طاولة": 1360, "مقص": 1131, "تل": 836, "كمامة": 857, "الترسبات": 1004, "شعر": 605, "الخد": 277, "تدحرج": 1098, "ندفة الثلج": 1242, "شاحنة": 1484, "ذكر": 785, "سلطعون": 361, "ورد وعاء": 516, "قبعة": 623, "سماعة الأذن": 453, "ذقن": 286, "ماني": 787, "سلم": 1282, "سفينة": 1165, "مأوى": 1160, "رداء - روب": 1094, "ملعب تنس": 1396, "لبن": 815, "سكوتر": 1134, "قلب": 632, "ميلادي": 1, "تكسير": 362, "السترة": 682, "بناء": 203, "ظهر السفينة": 391, "تزلج حذاء طويل": 1200, "ركبة": 708, "شريط": 72, "حصان": 656, "شعار": 773, "لحمة": 804, "رش": 1275, "المشاهد": 1264, "جعة": 120, "الحاسوب": 328, "الحمام صحن": 1423, "حقل": 492, "معطف": 312, "ملعقة": 1271, "زجاجة": 168, "بقرة": 357, "المقود": 618, "عمود المصباح": 722, "قرد": 825, "ابريق الشاي": 1386, "ملح شاكر": 1117, "براز": 1303, "القفاز": 820, "كوة": 1219, "مقبض الباب": 426, "يحول": 1355, "مضرب": 95, "المصباح الكهربائي": 754, "سترة": 1348, "نافورة": 534, "الة النفخ": 1488, "مسمار": 858, "مشروب غازي": 1254, "بنطال رياضة": 1349, "كومة": 1278, "ديزي": 386, "مخرج": 898, "طريق خاص": 443, "الحدود": 167, "يرفع": 752, "باقة أزهار": 172, "منحدر لوح التزلج": 1195, "غلاف": 1578, "رواق .. شرفة بيت ارضي": 1026, "سلة مهملات": 136, "قماش القنب": 1378, "رف الكتب": 164, "كعكة": 206, "نافذة او شباك": 1560, "فلامنغو": 508, "تصفح": 1342, "سهم": 34, "عمود": 325, "حركة المرور خفيفة": 1453, "طية صدر السترة": 731, "تعبر": 367, "الزجاج الأمامي ممسحة": 1565, "سكين": 711, "كسرة خبز": 371, "الوفير": 205, "فم": 846, "زنط": 651, "غرفة": 1103, "معصمه": 1582, "الأرض مصباح": 511, "خزان": 1373, "نسيج": 465, "سيدان": 1147, "الترقين": 744, "خطوة": 1297, "شاشة": 1136, "كومة الدخان": 1232, "فارس السباق": 689, "طوق": 324, "عمود الهاتف": 1392, "الممشى": 1526, "خزانة": 223, "بولت": 159, "حرمان": 918, "دفع": 215, "شخص": 965, "قرية": 1447, "بطاقة الاسم": 860, "حافظة": 1049, "باب": 424, "فرن": 900, "باب المرآب": 555, "الة تصوير": 234, "رقاقة": 287, "قبة": 421, "بطانية": 145, "حامل شمعة": 238, "تقويم": 232, "شاحن": 276, "زعنفة": 495, "خفيفة المباراة": 755, "التلفاز": 1393, "أداة": 675, "مسند": 528, "تدفق": 1315, "عقبة": 882, "ظلة": 243, "حصاة": 955, "مركب شراعي": 1114, "غطاء فتحة": 790, "لجام": 189, "عود اسنان": 1438, "ربطة عنق": 1407, "سياره اسعاف": 14, "حريق صنبور": 501, "جاري الكتابة": 1584, "لاعب": 1009, "طابعة": 1039, "ممر علوي": 904, "قصب": 240, "شاحنة إطفاء": 502, "تاج": 370, "البروز": 903, "سياج": 489, "محرك": 468, "لوح تزلج": 1194, "جليد كريم": 667, "حوض": 1487, "الحاجب": 475, "بروكلي": 192, "حصى": 593, "إبريق": 690, "مجذاف": 880, "بسكويت": 344, "محل": 1169, "بيبروني": 964, "جدول": 1359, "جيرسي": 686, "مجداف": 911, "رسغ": 1579, "حمام السباحة": 1353, "غصين": 1496, "فرشاة الأسنان": 1436, "رجل": 786, "قمامة علبة": 556, "زى موحد": 1501, "ذيل حصان": 1024, "جرف": 300, "مبلل تناسب": 1546, "إطار": 535, "أرنب": 1051, "كراج": 554, "شاب": 604, "ثنى": 434, "النورس": 1141, "متسابق": 1052, "فيل": 462, "دراجة هوائية": 131, "بطاطس مقلية": 537, "كاتم صوت": 850, "جمجمة": 1217, "خريطة": 793, "مرآة": 818, "ظفر": 497, "كعكة محلاة": 423, "أذن": 452, "حقائب سفر": 777, "سكييس": 1213, "عدد": 877, "حيوان محشي": 1327, "خروف الظل": 723, "سكين الزبدة": 217, "الخدعة": 1479, "خروف": 1157, "لعبة": 420, "ورق": 924, "جمهور": 42, "سمك": 504, "غطاء محرك السيارة": 650, "المظلة": 44, "عباءة": 792, "حلويات": 239, "الأقمار الصناعية طبق": 1122, "الكتابة على الجدران": 586, "جهاز": 399, "غيتار": 602, "دراجة الترابية": 408, "حجم": 1127, "نفاية": 1467, "الجوارب": 1409, "صبي": 177, "زارع": 1003, "شاطئ": 104, "موقف باص": 214, "طين": 848, "كعب": 635, "جبنه": 278, "موكب": 928, "تزلج تناسب": 1209, "رسغ يشاهد": 1581, "هاتف": 1391, "حافلة مدرسية": 1130, "سقف": 263, "فنجان": 376, "رزمة": 909, "البطاطس": 1031, "مضرب التنس": 1400, "شارع": 1317, "تزلج": 1224, "ملعب": 1279, "خمر": 1567, "طريق": 945, "عصير": 691, "فرع الشجره": 761, "جيبة": 1216, "قميص من النوع الثقيل": 1350, "تنفيس": 1515, "ذيل": 1366, "يتصل": 400, "الطائرة": 222, "كشك": 166, "دعم": 1171, "بركة صغيرة": 1045, "يقطين": 1047, "أنف": 873, "قميص اللباس": 438, "السيدة": 718, "يشاهد": 1534, "كيس وسادة": 986, "مخروط": 337, "نجمة": 1288, "حقيبة يد": 615, "لوحة الدرجات": 1135, "زخرفة": 392, "طرد": 908, "عجلة": 1548, "قوس ربطة عنق": 174, "صخر": 1095, "حوض السباحة": 1025, "المتزحلق": 1211, "المصارف": 1192, "عين": 474, "أسمنت": 334, "السيارات": 245, "غسالة صحون": 413, "لوح": 1221, "منتزه تزلج": 1193, "دبوس": 988, "ابريق شاي": 1384, "دلو": 198, "فرع": 181, "متراس": 77, "بنك": 70, "رباط الحذاء": 1168, "البيسبول قبعة": 82, "ميكروفون": 813, "تتصدر": 1440, "شعر مستعار": 1554, "مقصورة الطيار": 313, "قفص الطيور": 139, "الأرض": 510, "قشر": 958, "خلفية": 48, "برغي": 1137, "مريلة": 128, "لحم مقدد": 52, "مخلب": 297, "حمامة": 981, "صندوق": 1485, "معكرونة": 780, "شمام": 808, "ثلج": 1236, "مضمد": 439, "البيسبول لاعب": 87, "صفعة": 375, "الملعقة المسطحة": 1261, "سائق": 442, "شارب": 845, "استيقظ": 1525, "يلهث": 923, "إطار العجلة": 1413, "رأس": 625, "مكبر الصوت": 1262, "الرامات \"الذاكرة العشوائية في الهواتف والحواسيب": 1068, "زر": 219, "مطار": 9, "حافة": 1087, "هواء": 4, "رافعه": 363, "وعاء": 1030, "سماء": 1218, "المنحدر": 1069, "عرض": 415, "شجيرة": 1181, "مطعم": 1081, "جذوع السباحة": 1352, "اللوح": 90, "القمر": 827, "نصب": 826, "خط الكهرباء": 1035, "عجيزة": 1223, "العادم يضخ": 473, "أسفلت": 39, "رقعة": 944, "زجاجة رذاذ": 1274, "آلة": 781, "العثماني": 895, "بنية": 1325, "مسكن": 647, "فانوس": 729, "حريق": 498, "نظارات": 576, "الخلاط": 148, "ليلة": 870, "تصميم": 395, "كف": 613, "شلال": 1538, "وسادة": 381, "طائرة ورقية": 704, "قش": 1313, "مقعد": 125, "ختم": 1142, "جبل": 837, "بذلة": 692, "رسم": 436, "خرطوم": 657, "العصابة": 1347, "الفراولة": 1314, "الحمام": 1422, "كنيسة": 292, "خس": 745, "شفرة": 144, "كرسي متحرك": 1549, "قلم": 959, "مذياع": 1056, "مضرب تنس": 1054, "الأرجل الأمامية": 542, "شاكوش": 612, "غرفة نوم": 117, "قارب": 242, "رفوف": 1159, "المعزي": 327, "بلوزة": 153, "كلب": 419, "شمعة": 237, "شرائط": 1322, "حمار": 422, "القمامة": 448, "سراويل التزلج": 1205, "ورق مقوى": 247, "جيب": 1013, "قالب طوب حائط": 186, "الجاموس": 201, "قهوة قدح": 318, "حزام": 124, "حارس شين": 1162, "توقف علامة": 1306, "لاعب تنس": 1399, "مسار": 946, "عظم": 160, "حائط": 1527, "تسلط": 1156, "عملة": 321, "الطاعم": 485, "الفرامل خفيفة": 180, "البلاط": 1410, "مصراع": 1182, "همبرغر": 611, "مجلد": 520, "وجه": 476, "حية": 69, "إسورة": 178, "قميص داخلي": 1499, "تطبيق": 24, "السراويل الثلوج": 1238, "شجرة خط": 1476, "غلاية": 696, "تزلج أعمدة": 1207, "صدر": 281, "مجلة": 782, "جبل نطاق": 838, "جلد": 1215, "ثور": 204, "ورق الجدران": 1529, "اللوح الأمامي": 629, "البرتقالي": 892, "تموج": 1089, "ميل": 1227, "كرة القدم لاعب": 1251, "ساعة": 301, "يحشد": 369, "عاكس الضوء": 724, "ولاعة": 759, "زوج": 598, "الخشخاش": 1545, "دم": 151, "شارة": 53, "عصا": 1299, "كاياك": 693, "جفن العين": 748, "حذاء رياضة": 1234, "كرسي صالة": 776, "بطاقة شعار": 1365, "عقب السيجارة": 1329, "المعكرونة": 872, "بندقية": 603, "الهاتف الخلوي": 268, "مسافة": 417, "الشريط": 1376, "بعيد": 1079, "برودة": 346, "قائمة الطعام": 809, "قدم": 525, "غطاء المرحاض": 1425, "نشارة": 852, "المباراة": 505, "الحبل": 730, "عودة": 46, "بلاستيك": 1005, "قوس": 179, "رصيف بحري": 979, "بوردووك": 156, "إطار الصورة": 976, "لوح التزلج": 1196, "الهاتف الخليوي": 267, "مسنده": 700, "عربه قطار": 251, "طريق ترابي": 409, "طفل": 45, "مبيض": 147, "حاسوب محمول": 732, "حريق طفاية": 500, "خنزير": 980, "بوابة": 564, "hubcap": 663, "قف": 1304, "المسرح": 1280, "مرفق ضمادة": 459, "دخان": 1231, "محبي": 480, "التغطية": 356, "البيسبول حقل": 83, "خيار": 374, "فنجان قهوة": 316, "حلق الاذن": 454, "سطح": 1339, "صحن": 175, "قضبان المقبض": 617, "حبة": 107, "موقد أعلى": 1311, "سكسوكة": 582, "صقيع": 544, "عشب": 590, "قاعدة": 79, "شجرة الصنوبر": 989, "الرجل الثلجي": 1243, "معيشة مجال": 769, "جرار زراعى": 1450, "ملابس": 897, "بطيخ": 1540, "كابل": 225, "كم": 1225, "سقالات": 1126, "ضابط": 887, "بدلة": 1331, "الرصيف": 948, "البيسبول قفاز": 85, "مشروب": 127, "شعر مجفف": 606, "فستان": 437, "قمة": 1439, "رغوة": 517, "نمر": 1408, "قفاز": 579, "حوض الاستحمام": 101, "خردل": 856, "العنصر": 680, "اسفنجة": 1270, "البيع آلة": 1514, "متزلج": 1198, "قفص": 229, "المروحة": 1044, "فيلم قصير": 1456, "الفضيات": 1191, "صحراء": 394, "مضخة": 1046, "مانجو": 788, "مشهد": 1129, "برميل": 76, "برج الكنيسة": 1294, "الفريزر": 536, "حقيبة ظهر": 49, "مثلث": 1478, "ممسحة": 1570, "سيجارة": 293, "ستيريو": 1298, "نقانق": 658, "الفأر": 842, "فلفل": 962, "الجسم": 158, "أباريق تل": 993, "قناع": 797, "بحيرة": 719, "دواسة": 956, "شجرة": 1473, "صنبور": 483, "غابة": 532, "ديك رومى": 1493, "رمز": 1357, "يخت": 1585, "هيأ": 567, "الممر": 28, "بيندر": 137, "رقبه": 862, "انبعاج": 199, "مجلس": 155, "فناء": 947, "الحافة": 739, "المدرج": 1108, "حذاء طويل": 165, "شقة": 20, "الدرج": 435, "ناب": 1494, "قدح": 851, "مركبة": 1513, "عارضة أزياء": 791, "بيري": 126, "قناع وجه": 477, "جوزة الهند": 314, "رباط": 738, "صائق": 390, "باب الخزانة": 224, "درابزين": 490, "أرضي": 599, "اصبع اليد": 496, "محيط": 883, "سائق دراجة نارية": 835, "كره ارضيه": 578, "شاملة": 902, "عوامة": 209, "وردة": 1105, "قصيرة": 1173, "عقدة": 714, "ضمادة": 67, "عربة": 1523, "البيسبول مضرب": 81, "سرج": 1110, "على الجليد": 1241, "لبلاب": 681, "حاجز": 78, "لسان": 1434, "كوخ": 665, "كشاف ضوئي": 1042, "برج": 1446, "شوكة": 533, "الفجوة": 646, "الإعلانات": 3, "فرشاة": 196, "دائرة": 294, "مباراة": 800, "يغطي الرجل": 741, "بذرة": 1148, "حديقة منزل": 1586, "لحية": 113, "كرسي الشاطئ": 105, "صندل": 1119, "ماعز": 581, "لوح الثلج": 1237, "شفة": 765, "العاكس": 1076, "يحمي سكة حديدية": 601, "رقائق": 519, "إناء": 1504, "صوف": 1575, "بيتزا": 994, "دراجة نارية": 834, "مدخنة": 285, "خوذة": 637, "ثلاجة": 1077, "فاكهة يفهم": 546, "ضفدع": 540, "أرز": 1085, "توجيه عجلة": 1295, "أسد": 764, "برجر": 210, "الحامل": 455, "بطة": 446, "كيك": 230, "بصمة القدم": 526, "فراشة": 218, "أريكة": 351, "جان": 684, "بيت": 662, "مهر ذيل": 1023, "الظباء": 18, "جدار صخري": 1096, "نهاية": 466, "جرس": 123, "جورب": 1252, "وتد": 299, "صنارة صيد": 653, "طبق": 411, "نخل": 916, "أيقونة": 669, "كيس قمامة": 1468, "وصمة": 1281, "منديل": 861, "مجفف": 445, "منشفة ورقية": 926, "ظل": 1152, "أعلى الخزان": 1374, "حذاء": 1167, "لوحة": 1006, "مصعد التزلج": 1204, "لوحة المفاتيح": 698, "صبار": 227, "يبتسم": 1230, "بساط": 1107, "تثليج": 668, "قرص": 410, "علامة": 795, "حمام": 99, "الأفق": 654, "دفتر": 875, "ريشة": 484, "رخصة لوحة": 747, "قطيع": 639, "مزلاج": 734, "حجر": 1301, "مشغل دي في دي": 450, "الرواق": 608, "سلطة": 1115, "يتحمل": 112, "رصيف": 1186, "زي": 350, "جازيبو": 565, "الوادي": 1506, "الأسفل": 170, "خط": 763, "نهر": 1090, "حكم": 1498, "طفل صغير": 1419, "مخزنة": 377, "سترة بدلة": 1332, "قبعة رعاة البقر": 359, "آخر السياج": 488, "الشانق": 620, "أسنان": 1390, "الميكروويف": 814, "ورقة": 1158, "علم": 506, "تصرف": 433, "جليد": 666, "قطه صغيرة": 705, "الزجاج الأمامي": 1564, "كرسي": 272, "الماسك": 258, "شواية": 596, "سيارات الدفع الرباعي": 1344, "ضابط شرطة": 1018, "لوح تقطيع": 383, "حديدي": 1060, "بالون": 60, "فريق": 1385, "انعكاس": 1075, "مالك": 645, "ديناصور": 405, "يدرب السيارات": 1459, "يدرب": 1458, "حافظة الحياة": 750, "الماس": 401, "الجانب مرآة": 1183, "شوكولاتة": 288, "شرفة": 57, "السبورة": 273, "الحزم": 109, "خزانة الكتب": 163, "أحذية التزلج": 1201, "جبين": 531, "فن": 35, "حبل": 348, "أوتوبيس": 212, "جرة": 992, "سيارة نقل": 1507, "زرافة": 570, "المعاوضة": 868, "حصيرة": 799, "مراقب": 342, "حيوان": 16, "وشم": 1379, "مدخل": 429, "ماء زجاجة": 1536, "البطريق": 961, "دي في دي": 449, "وسادة في الركبة": 710, "قفل": 770, "تمثال": 1291, "خبز": 182, "بدلة ثلجية": 1244, "القش": 624, "صفحة": 912, "دراجة": 129, "زجاجة بيرة": 121, "يضخ": 991, "التحوط أو طوق": 634, "متر": 812, "إصبع قدم": 1420, "كرة القدم": 1249, "خزان الغاز": 563, "كرة التنس": 1395, "ورق تواليت": 1426, "موز قشر": 64, "بوق": 655, "عتبة النافذة": 1562, "الدراجة": 828, "لافتة": 71, "التراب": 407, "كرمة": 1521, "دراج": 385, "السجاد": 250, "تاريخ": 388, "سماعة": 631, "بخار": 1293, "رف": 1053, "شارع لافتة": 1320, "دش": 1176, "موز": 62, "كوبري": 188, "عصفور": 138, "منخر": 874, "كونترتوب": 352, "سيف": 1356, "ذراع": 31, "تلوين": 914, "صندوق بريد": 784, "هوائي": 19, "معجنات": 942, "ساندويتش": 1121, "مكنسة": 194, "العشب": 735, "جرو": 1048, "عرض مختصر لفيلم": 1457, "سكة حديدية": 1059, "شكل": 493, "مراقبة": 340, "صورة فوتوغرافية": 968, "رسالة": 743, "حامل ثلاثي القوائم": 1480, "سحاب": 309, "طاولة مكتب": 396, "الكتاب": 161, "البيسبول": 80, "حديقة": 557, "محطة القطار": 1464, "تمطر": 1064, "الظل": 1151, "تمثال صغير": 494, "فتحة": 789, "نسر": 451, "هدف": 881, "هيلسايد": 643, "الإشارة": 1189, "ركبة ضمادة": 709, "تاين": 1412, "تفاح": 22, "حقيبة": 54, "عروس": 187, "علامة مائية": 1539, "بيكيني": 134, "بولدر": 171, "خفيفة": 753, "غاسل": 1316, "علبة": 1472, "خلاط": 821, "بركة ماء": 1021, "رباط المعصم": 1580, "سلة": 94, "تلة": 641, "سجل": 772, "نص": 1404, "عمل فني": 37, "شاحنة البيك أب": 973, "كثيرا": 774, "ناطحة سحاب": 1220, "المرمى": 580, "محمصة": 1417, "مرفق": 458, "جزيرة": 679, "بيجامة": 915, "منارة": 760, "زجاجة نبيذ": 1568, "قط": 257, "مخبأ": 447, "سيارة أجرة": 220, "عش": 866, "فراش": 801, "عربة التسوق": 253, "فاكهة": 545, "كرتون": 254, "هليكوبتر": 636, "نظارة شمسيه": 1336, "إبهام": 1406, "غروب": 1337, "معدن": 811, "كاحل": 17, "شجرة النخيل": 917, "اسم": 859, "خيمة": 1402, "ثوب": 585, "مفتاح الضوء": 758, "أفوكادو": 43, "الجدول النهائي": 467, "الفراء": 548, "ذيل الريش": 1367, "إسطبل": 75, "تي شيرت": 1486, "جنية سمراء صغيرة": 195, "معجون الأسنان": 1437, "مجرفة": 1175, "مغناطيس": 783, "قميص": 1166, "بنت": 572, "بريد": 1028, "جناح": 1569, "دراجات نارية": 833, "طاولة نزهة": 974, "أحمر الشفاه": 766, "منقار": 108, "جدار حجري": 1302, "شريحة": 1226, "النافذة": 1563, "خشب": 1574, "الحمار الوحشي": 1591, "بقعة": 1272, "يشرب": 441, "لون أخضر": 595, "ملابس السباحة": 1354, "هبوط هيأ": 726, "رمل": 1118, "إطار الباب": 425, "جريدة": 869, "صر": 592, "نفاية علبة": 1470, "ينبع": 1296, "كيس": 1109, "بومة": 905, "طماطم": 1430, "مكيف هواء": 5, "راكب الدراجة": 133, "النحت": 1138, "ورد": 515, "يوسفي": 1372, "كنبة": 1257, "قضية": 255, "فرخة": 282, "قرص مضغوط": 262, "قلعة": 256, "لوجة": 922, "بيانو": 971, "عروسه لعبه": 1448, "طبل": 444, "أصفر": 1587, "طوف": 1058, "منشفة": 1444, "تنس": 1394, "نفق": 1490, "مصنع": 1001, "محطة": 1289, "برنامج": 1007, "كتف": 1174, "سدادة": 1011, "قلادة": 864, "المريلة": 25, "عداد وقوف السيارات": 934, "ميت": 819, "الطابق الثاني": 1146, "مروحة سقف": 264, "بطاقة": 246, "كيس التسوق": 1170, "درع": 1161, "كرنب": 221, "باب الفرن": 901, "صابون": 1245, "فطر": 854, "تزلج عمود": 1206, "موزع": 414, "الوجه بالتخبط": 509, "هدية": 569, "الطائرات": 7, "ضباب": 518, "فرقة": 66, "شارع خفيفة": 1319, "مجموعة": 600, "قاعة الدراسة": 296, "الخضروات": 1511, "مطبخ": 703, "النساء": 1573, "سور": 487, "جذع الشجرة": 1477, "حلقة": 1088, "تيدي بير": 1388, "ببغاء": 936, "يبني": 269, "ثياب داخلية": 1500, "المصباح": 630, "مشط": 326, "باندانا": 68, "مظلة": 1497, "إيصال": 1072, "متصفح": 1341, "يفهم": 1286, "برعم": 200, "شامبو": 1154, "عنب": 588, "قبعة صغيرة": 111, "الاستحمام تناسب": 98, "بيضة": 456, "الطبق الطائر": 539, "مزهرية": 1510, "الحمالة": 1343, "ستارة": 380, "زجاج": 573, "الفندق": 659, "حلوى": 398, "قماش": 306, "المشعاع": 1055, "عيد الميلاد شجرة": 291, "حريق هرب": 499, "شبكة": 867, "يتعامل": 616, "لهب": 507, "ليمون": 742, "غطاء طاولة": 1362, "أعمى": 149, "رف الدراجة": 132, "نعامة": 894, "ظفيرة": 622, "موقد": 1310, "صابون طبق": 1247, "نباح": 74, "البتلة": 966, "الغزال": 393, "سخان": 633, "خارج": 896, "طاه": 279, "جزء": 921, "عجل": 233, "طعام": 523, "موقف سيارات كثيرا": 933, "كرة": 58, "نقطة": 430, "الأسلاك": 1571, "حزمة الظهر": 47, "خليط": 102, "رايدر": 1086, "المدفأة": 503, "حافر": 652}, "idx_to_ar": {"1451": "حركة المرور", "1029": "ملصق", "274": "الثريا", "1065": "قوس المطر", "150": "منع", "938": "راكب", "767": "سائل", "798": "سارية", "1256": "علبة الصودا", "810": "مش", "541": "أمام", "185": "قالب طوب", "929": "باراسيل", "15": "العلم الأمريكي", "252": "جزرة", "1433": "ملقط", "1269": "سلك", "491": "السرخس", "558": "جارلاند", "320": "طاولة القهوة", "1474": "شجرة فرع", "1592": "سحاب البنطلون", "1345": "بجعة", "609": "الرسن", "749": "سترة النجاة", "1112": "سترة سلامة", "529": "اثار", "583": "نظارات واقية", "379": "تطويق", "1333": "حقيبة سفر", "479": "عائلة", "197": "فقاعة", "1321": "سلسلة", "1334": "الشمس", "697": "مفتاح", "387": "لوحة القيادة", "871": "منضدة سرير", "829": "طحلب", "402": "تناول الطعام مجال", "295": "مدينة", "432": "تنين", "628": "عقال الرأس", "208": "الأرنب", "478": "الوجه شعر", "1038": "مطبعة", "1268": "دفقة", "1380": "سيارة اجره", "648": "مسكن لوحة", "1535": "ماء", "1128": "وشاح", "368": "معبر", "549": "أثاث", "975": "صورة", "1145": "الأعشاب البحرية", "114": "السرير", "1172": "شورلاين", "1078": "فتره حكم", "349": "حبوب ذرة", "1369": "ذيل خفيفة", "470": "مركز ترفيهي", "1576": "كلمة", "1308": "متجر", "1163": "حراس شين", "73": "كرسي بار", "796": "سوق", "1524": "وسط", "1360": "مفرش طاولة", "1132": "مقص", "836": "تل", "857": "كمامة", "1004": "الترسبات", "605": "شعر", "277": "الخد", "1098": "تدحرج", "1242": "ندفة الثلج", "1484": "شاحنة", "785": "ذكر", "361": "سلطعون", "516": "ورد وعاء", "244": "قبعة", "453": "سماعة الأذن", "286": "ذقن", "787": "ماني", "1284": "سلم", "1165": "سفينة", "1160": "مأوى", "1094": "رداء - روب", "354": "ملعب تنس", "815": "لبن", "1134": "سكوتر", "632": "قلب", "1": "ميلادي", "362": "تكسير", "682": "السترة", "203": "بناء", "391": "ظهر السفينة", "1200": "تزلج حذاء طويل", "708": "ركبة", "1084": "شريط", "656": "حصان", "463": "شعار", "804": "لحمة", "1273": "رش", "1264": "المشاهد", "120": "جعة", "328": "الحاسوب", "1423": "الحمام صحن", "492": "حقل", "312": "معطف", "1271": "ملعقة", "168": "زجاجة", "357": "بقرة", "618": "المقود", "722": "عمود المصباح", "825": "قرد", "1386": "ابريق الشاي", "1117": "ملح شاكر", "1303": "براز", "820": "القفاز", "1219": "كوة", "428": "مقبض الباب", "1355": "يحول", "95": "مضرب", "754": "المصباح الكهربائي", "1516": "سترة", "534": "نافورة", "1488": "الة النفخ", "858": "مسمار", "1254": "مشروب غازي", "1349": "بنطال رياضة", "982": "كومة", "386": "ديزي", "898": "مخرج", "443": "طريق خاص", "167": "الحدود", "752": "يرفع", "172": "باقة أزهار", "1195": "منحدر لوح التزلج", "1578": "غلاف", "1026": "رواق .. شرفة بيت ارضي", "1471": "سلة مهملات", "1378": "قماش القنب", "164": "رف الكتب", "206": "كعكة", "1560": "نافذة او شباك", "508": "فلامنغو", "1342": "تصفح", "34": "سهم", "983": "عمود", "1453": "حركة المرور خفيفة", "731": "طية صدر السترة", "367": "تعبر", "1565": "الزجاج الأمامي ممسحة", "711": "سكين", "371": "كسرة خبز", "205": "الوفير", "846": "فم", "651": "زنط", "1103": "غرفة", "1582": "معصمه", "511": "الأرض مصباح", "1373": "خزان", "1414": "نسيج", "1147": "سيدان", "744": "الترقين", "1297": "خطوة", "824": "شاشة", "1232": "كومة الدخان", "689": "فارس السباق", "324": "طوق", "1392": "عمود الهاتف", "1526": "الممشى", "305": "خزانة", "159": "بولت", "918": "حرمان", "215": "دفع", "965": "شخص", "1447": "قرية", "860": "بطاقة الاسم", "1049": "حافظة", "424": "باب", "900": "فرن", "555": "باب المرآب", "234": "الة تصوير", "287": "رقاقة", "421": "قبة", "713": "مقبض الباب", "145": "بطانية", "238": "حامل شمعة", "232": "تقويم", "276": "شاحن", "495": "زعنفة", "755": "خفيفة المباراة", "1393": "التلفاز", "1435": "أداة", "33": "مسند", "1315": "تدفق", "664": "عقبة", "243": "ظلة", "955": "حصاة", "1114": "مركب شراعي", "751": "سترة النجاة", "790": "غطاء فتحة", "189": "لجام", "1438": "عود اسنان", "865": "ربطة عنق", "14": "سياره اسعاف", "501": "حريق صنبور", "1584": "جاري الكتابة", "1009": "لاعب", "1039": "طابعة", "904": "ممر علوي", "240": "قصب", "502": "شاحنة إطفاء", "370": "تاج", "903": "البروز", "489": "سياج", "831": "محرك", "1194": "لوح تزلج", "667": "جليد كريم", "93": "حوض", "475": "الحاجب", "192": "بروكلي", "593": "حصى", "427": "مقبض الباب", "690": "إبريق", "880": "مجذاف", "344": "بسكويت", "1169": "محل", "964": "بيبروني", "1359": "جدول", "686": "جيرسي", "911": "مجداف", "1323": "شريط", "1579": "رسغ", "1353": "حمام السباحة", "1496": "غصين", "1436": "فرشاة الأسنان", "740": "رجل", "556": "قمامة علبة", "1501": "زى موحد", "1024": "ذيل حصان", "300": "جرف", "1546": "مبلل تناسب", "535": "إطار", "1051": "أرنب", "554": "كراج", "136": "سلة مهملات", "604": "شاب", "434": "ثنى", "1141": "النورس", "1052": "متسابق", "462": "فيل", "131": "دراجة هوائية", "537": "بطاطس مقلية", "850": "كاتم صوت", "1217": "جمجمة", "793": "خريطة", "818": "مرآة", "497": "ظفر", "423": "كعكة محلاة", "452": "أذن", "777": "حقائب سفر", "1213": "سكييس", "877": "عدد", "1327": "حيوان محشي", "723": "خروف الظل", "426": "مقبض الباب", "217": "سكين الزبدة", "1479": "الخدعة", "720": "خروف", "552": "لعبة", "924": "ورق", "42": "جمهور", "504": "سمك", "650": "غطاء محرك السيارة", "927": "المظلة", "792": "عباءة", "239": "حلويات", "1122": "الأقمار الصناعية طبق", "586": "الكتابة على الجدران", "399": "جهاز", "602": "غيتار", "408": "دراجة الترابية", "1127": "حجم", "1467": "نفاية", "1409": "الجوارب", "177": "صبي", "1003": "زارع", "104": "شاطئ", "882": "عقبة", "214": "موقف باص", "848": "طين", "635": "كعب", "278": "جبنه", "928": "موكب", "1209": "تزلج تناسب", "1581": "رسغ يشاهد", "967": "هاتف", "1130": "حافلة مدرسية", "263": "سقف", "376": "فنجان", "907": "رزمة", "1031": "البطاطس", "1400": "مضرب التنس", "1317": "شارع", "1199": "تزلج", "1010": "ملعب", "1567": "خمر", "1091": "طريق", "691": "عصير", "761": "فرع الشجره", "1216": "جيبة", "1350": "قميص من النوع الثقيل", "1515": "تنفيس", "1366": "ذيل", "400": "يتصل", "222": "الطائرة", "166": "كشك", "1171": "دعم", "1045": "بركة صغيرة", "1047": "يقطين", "873": "أنف", "438": "قميص اللباس", "718": "السيدة", "1534": "يشاهد", "986": "كيس وسادة", "337": "مخروط", "1288": "نجمة", "615": "حقيبة يد", "1135": "لوحة الدرجات", "893": "زخرفة", "908": "طرد", "1548": "عجلة", "174": "قوس ربطة عنق", "1095": "صخر", "1025": "حوض السباحة", "1211": "المتزحلق", "1192": "المصارف", "474": "عين", "334": "أسمنت", "245": "السيارات", "413": "غسالة صحون", "1363": "لوح", "1197": "منتزه تزلج", "988": "دبوس", "1384": "ابريق شاي", "198": "دلو", "181": "فرع", "77": "متراس", "70": "بنك", "1168": "رباط الحذاء", "82": "البيسبول قبعة", "813": "ميكروفون", "1440": "تتصدر", "1554": "شعر مستعار", "313": "مقصورة الطيار", "139": "قفص الطيور", "725": "الأرض", "958": "قشر", "48": "خلفية", "1137": "برغي", "128": "مريلة", "52": "لحم مقدد", "297": "مخلب", "716": "سلم", "981": "حمامة", "176": "صندوق", "780": "معكرونة", "1300": "ملصق", "808": "شمام", "1236": "ثلج", "439": "مضمد", "87": "البيسبول لاعب", "1136": "شاشة", "375": "صفعة", "1261": "الملعقة المسطحة", "442": "سائق", "1552": "شارب", "1525": "استيقظ", "923": "يلهث", "1413": "إطار العجلة", "625": "رأس", "1262": "مكبر الصوت", "1068": "الرامات \"الذاكرة العشوائية في الهواتف والحواسيب", "219": "زر", "8": "مطار", "191": "حافة", "4": "هواء", "363": "رافعه", "339": "وعاء", "1218": "سماء", "1069": "المنحدر", "415": "عرض", "1181": "شجيرة", "1081": "مطعم", "1352": "جذوع السباحة", "90": "اللوح", "827": "القمر", "826": "نصب", "1035": "خط الكهرباء", "1223": "عجيزة", "473": "العادم يضخ", "39": "أسفلت", "944": "رقعة", "1274": "زجاجة رذاذ", "781": "آلة", "623": "قبعة", "895": "العثماني", "1325": "بنية", "647": "مسكن", "729": "فانوس", "498": "حريق", "576": "نظارات", "148": "الخلاط", "870": "ليلة", "395": "تصميم", "949": "كف", "1538": "شلال", "984": "وسادة", "1224": "تزلج", "704": "طائرة ورقية", "1313": "قش", "1144": "مقعد", "1142": "ختم", "837": "جبل", "1485": "صندوق", "1547": "بذلة", "913": "رسم", "1235": "خرطوم", "1347": "العصابة", "1314": "الفراولة", "1422": "الحمام", "292": "كنيسة", "745": "خس", "144": "شفرة", "1549": "كرسي متحرك", "960": "قلم", "1056": "مذياع", "584": "بجعة", "692": "بذلة", "1054": "مضرب تنس", "542": "الأرجل الأمامية", "612": "شاكوش", "117": "غرفة نوم", "157": "قارب", "1159": "رفوف", "1396": "ملعب تنس", "327": "المعزي", "153": "بلوزة", "419": "كلب", "237": "شمعة", "1322": "شرائط", "422": "حمار", "448": "القمامة", "1205": "سراويل التزلج", "247": "ورق مقوى", "465": "نسيج", "685": "جيب", "186": "قالب طوب حائط", "201": "الجاموس", "909": "رزمة", "318": "قهوة قدح", "1312": "حزام", "1162": "حارس شين", "1306": "توقف علامة", "1399": "لاعب تنس", "1449": "مسار", "160": "عظم", "1527": "حائط", "1156": "تسلط", "321": "عملة", "485": "الطاعم", "180": "الفرامل خفيفة", "1410": "البلاط", "1182": "مصراع", "611": "همبرغر", "520": "مجلد", "476": "وجه", "69": "حية", "178": "إسورة", "1499": "قميص داخلي", "24": "تطبيق", "1238": "السراويل الثلوج", "1476": "شجرة خط", "696": "غلاية", "1207": "تزلج أعمدة", "281": "صدر", "782": "مجلة", "838": "جبل نطاق", "1215": "جلد", "204": "ثور", "1529": "ورق الجدران", "629": "اللوح الأمامي", "892": "البرتقالي", "1089": "تموج", "1227": "ميل", "1251": "كرة القدم لاعب", "301": "ساعة", "369": "يحشد", "724": "عاكس الضوء", "759": "ولاعة", "670": "صورة", "353": "زوج", "1545": "الخشخاش", "151": "دم", "53": "شارة", "381": "وسادة", "1097": "عصا", "693": "كاياك", "748": "جفن العين", "1234": "حذاء رياضة", "528": "مسند", "776": "كرسي صالة", "1365": "بطاقة شعار", "1329": "عقب السيجارة", "1278": "كومة", "872": "المعكرونة", "603": "بندقية", "268": "الهاتف الخلوي", "417": "مسافة", "1376": "الشريط", "1079": "بعيد", "346": "برودة", "809": "قائمة الطعام", "525": "قدم", "1425": "غطاء المرحاض", "852": "نشارة", "505": "المباراة", "730": "الحبل", "46": "عودة", "1005": "بلاستيك", "27": "قوس", "979": "رصيف بحري", "156": "بوردووك", "976": "إطار الصورة", "1240": "لوح التزلج", "267": "الهاتف الخليوي", "1279": "ملعب", "700": "مسنده", "251": "عربه قطار", "409": "طريق ترابي", "701": "طفل", "147": "مبيض", "732": "حاسوب محمول", "500": "حريق طفاية", "980": "خنزير", "564": "بوابة", "663": "hubcap", "1193": "منتزه تزلج", "173": "قوس", "242": "قارب", "1304": "قف", "1280": "المسرح", "459": "مرفق ضمادة", "1231": "دخان", "480": "محبي", "356": "التغطية", "83": "البيسبول حقل", "374": "خيار", "316": "فنجان قهوة", "454": "حلق الاذن", "1101": "سطح", "1124": "صحن", "946": "مسار", "617": "قضبان المقبض", "436": "رسم", "107": "حبة", "1311": "موقد أعلى", "582": "سكسوكة", "544": "صقيع", "590": "عشب", "79": "قاعدة", "989": "شجرة الصنوبر", "598": "زوج", "1243": "الرجل الثلجي", "769": "معيشة مجال", "1450": "جرار زراعى", "308": "ملابس", "1540": "بطيخ", "225": "كابل", "1225": "كم", "1126": "سقالات", "175": "صحن", "887": "ضابط", "1331": "بدلة", "418": "الرصيف", "85": "البيسبول قفاز", "127": "مشروب", "606": "شعر مجفف", "437": "فستان", "952": "قمة", "517": "رغوة", "1408": "نمر", "579": "قفاز", "101": "حوض الاستحمام", "856": "خردل", "680": "العنصر", "1270": "اسفنجة", "1283": "سلم", "1514": "البيع آلة", "1198": "متزلج", "657": "خرطوم", "364": "قفص", "1044": "المروحة", "1456": "فيلم قصير", "1191": "الفضيات", "394": "صحراء", "1046": "مضخة", "788": "مانجو", "1129": "مشهد", "76": "برميل", "1294": "برج الكنيسة", "536": "الفريزر", "49": "حقيبة ظهر", "1478": "مثلث", "1570": "ممسحة", "293": "سيجارة", "1298": "ستيريو", "658": "نقانق", "945": "طريق", "842": "الفأر", "962": "فلفل", "158": "الجسم", "993": "أباريق تل", "1522": "قناع", "719": "بحيرة", "956": "دواسة", "1473": "شجرة", "483": "صنبور", "532": "غابة", "1493": "ديك رومى", "1357": "رمز", "1585": "يخت", "567": "هيأ", "28": "الممر", "137": "بيندر", "1299": "عصا", "862": "رقبه", "199": "انبعاج", "155": "مجلس", "947": "فناء", "739": "الحافة", "1108": "المدرج", "165": "حذاء طويل", "1275": "رش", "20": "شقة", "435": "الدرج", "1494": "ناب", "851": "قدح", "1513": "مركبة", "791": "عارضة أزياء", "126": "بيري", "477": "قناع وجه", "314": "جوزة الهند", "738": "رباط", "390": "صائق", "224": "باب الخزانة", "490": "درابزين", "599": "أرضي", "496": "اصبع اليد", "883": "محيط", "835": "سائق دراجة نارية", "578": "كره ارضيه", "902": "شاملة", "209": "عوامة", "1105": "وردة", "1173": "قصيرة", "714": "عقدة", "910": "ضمادة", "1324": "عربة", "81": "البيسبول مضرب", "1110": "سرج", "1241": "على الجليد", "681": "لبلاب", "78": "حاجز", "1434": "لسان", "665": "كوخ", "1042": "كشاف ضوئي", "1541": "لوح", "1446": "برج", "533": "شوكة", "646": "الفجوة", "3": "الإعلانات", "196": "فرشاة", "294": "دائرة", "800": "مباراة", "741": "يغطي الرجل", "1148": "بذرة", "1586": "حديقة منزل", "113": "لحية", "105": "كرسي الشاطئ", "1119": "صندل", "581": "ماعز", "1237": "لوح الثلج", "765": "شفة", "1076": "العاكس", "601": "يحمي سكة حديدية", "519": "رقائق", "683": "إناء", "1575": "صوف", "994": "بيتزا", "855": "شارب", "834": "دراجة نارية", "285": "مدخنة", "637": "خوذة", "1077": "ثلاجة", "546": "فاكهة يفهم", "540": "ضفدع", "67": "ضمادة", "420": "لعبة", "1085": "أرز", "1295": "توجيه عجلة", "764": "أسد", "210": "برجر", "455": "الحامل", "446": "بطة", "230": "كيك", "526": "بصمة القدم", "218": "فراشة", "351": "أريكة", "684": "جان", "662": "بيت", "1023": "مهر ذيل", "18": "الظباء", "1096": "جدار صخري", "466": "نهاية", "510": "الأرض", "307": "ملابس", "123": "جرس", "1252": "جورب", "299": "وتد", "653": "صنارة صيد", "1008": "طبق", "916": "نخل", "669": "أيقونة", "1468": "كيس قمامة", "283": "طفل", "1281": "وصمة", "861": "منديل", "445": "مجفف", "926": "منشفة ورقية", "1152": "ظل", "1374": "أعلى الخزان", "1167": "حذاء", "135": "لوحة", "1204": "مصعد التزلج", "698": "لوحة المفاتيح", "227": "صبار", "1230": "يبتسم", "1107": "بساط", "668": "تثليج", "410": "قرص", "1131": "مقص", "795": "علامة", "99": "حمام", "654": "الأفق", "875": "دفتر", "1113": "ريشة", "747": "رخصة لوحة", "1487": "حوض", "125": "مقعد", "639": "قطيع", "734": "مزلاج", "1301": "حجر", "450": "مشغل دي في دي", "608": "الرواق", "1115": "سلطة", "112": "يتحمل", "1186": "رصيف", "350": "زي", "565": "جازيبو", "1506": "الوادي", "170": "الأسفل", "763": "خط", "1090": "نهر", "1523": "عربة", "1498": "حكم", "786": "رجل", "1419": "طفل صغير", "377": "مخزنة", "1332": "سترة بدلة", "721": "خروف", "359": "قبعة رعاة البقر", "488": "آخر السياج", "620": "الشانق", "1390": "أسنان", "814": "الميكروويف", "737": "ورقة", "506": "علم", "433": "تصرف", "666": "جليد", "705": "قطه صغيرة", "1564": "الزجاج الأمامي", "272": "كرسي", "484": "ريشة", "258": "الماسك", "596": "شواية", "1344": "سيارات الدفع الرباعي", "1018": "ضابط شرطة", "383": "لوح تقطيع", "1060": "حديدي", "60": "بالون", "1385": "فريق", "124": "حزام", "1075": "انعكاس", "645": "مالك", "405": "ديناصور", "1459": "يدرب السيارات", "1458": "يدرب", "750": "حافظة الحياة", "401": "الماس", "1183": "الجانب مرآة", "715": "ملصق", "288": "شوكولاتة", "57": "شرفة", "1553": "السبورة", "109": "الحزم", "163": "خزانة الكتب", "1201": "أحذية التزلج", "531": "جبين", "35": "فن", "1015": "عمود", "1104": "حبل", "212": "أوتوبيس", "392": "زخرفة", "992": "جرة", "1507": "سيارة نقل", "570": "زرافة", "868": "المعاوضة", "799": "حصيرة", "342": "مراقب", "16": "حيوان", "1379": "وشم", "471": "مدخل", "1157": "خروف", "1536": "ماء زجاجة", "961": "البطريق", "1348": "سترة", "449": "دي في دي", "710": "وسادة في الركبة", "770": "قفل", "1291": "تمثال", "182": "خبز", "1244": "بدلة ثلجية", "624": "القش", "912": "صفحة", "129": "دراجة", "121": "زجاجة بيرة", "991": "يضخ", "634": "التحوط أو طوق", "812": "متر", "1420": "إصبع قدم", "527": "كرة القدم", "563": "خزان الغاز", "1395": "كرة التنس", "1221": "لوح", "1426": "ورق تواليت", "64": "موز قشر", "655": "بوق", "1562": "عتبة النافذة", "828": "الدراجة", "1187": "لافتة", "407": "التراب", "1521": "كرمة", "385": "دراج", "250": "السجاد", "348": "حبل", "388": "تاريخ", "71": "لافتة", "631": "سماعة", "1293": "بخار", "613": "كف", "1053": "رف", "1320": "شارع لافتة", "1340": "لوح التزلج", "1176": "دش", "62": "موز", "188": "كوبري", "138": "عصفور", "45": "طفل", "874": "منخر", "352": "كونترتوب", "1356": "سيف", "31": "ذراع", "914": "تلوين", "784": "صندوق بريد", "19": "هوائي", "942": "معجنات", "1121": "ساندويتش", "194": "مكنسة", "735": "العشب", "1048": "جرو", "1457": "عرض مختصر لفيلم", "1059": "سكة حديدية", "493": "شكل", "340": "مراقبة", "968": "صورة فوتوغرافية", "743": "رسالة", "1480": "حامل ثلاثي القوائم", "309": "سحاب", "396": "طاولة مكتب", "161": "الكتاب", "1158": "ورقة", "80": "البيسبول", "931": "حديقة", "1464": "محطة القطار", "1064": "تمطر", "1151": "الظل", "494": "تمثال صغير", "789": "فتحة", "451": "نسر", "411": "طبق", "881": "هدف", "643": "هيلسايد", "1189": "الإشارة", "709": "ركبة ضمادة", "1412": "تاين", "22": "تفاح", "190": "حقيبة", "187": "عروس", "1539": "علامة مائية", "134": "بيكيني", "171": "بولدر", "753": "خفيفة", "44": "المظلة", "1316": "غاسل", "235": "علبة", "821": "خلاط", "1021": "بركة ماء", "773": "شعار", "1580": "رباط المعصم", "94": "سلة", "641": "تلة", "772": "سجل", "1404": "نص", "37": "عمل فني", "1391": "هاتف", "973": "شاحنة البيك أب", "774": "كثيرا", "1220": "ناطحة سحاب", "580": "المرمى", "1006": "لوحة", "1417": "محمصة", "458": "مرفق", "679": "جزيرة", "915": "بيجامة", "760": "منارة", "1568": "زجاجة نبيذ", "257": "قط", "447": "مخبأ", "273": "السبورة", "220": "سيارة أجرة", "866": "عش", "801": "فراش", "253": "عربة التسوق", "545": "فاكهة", "254": "كرتون", "636": "هليكوبتر", "1336": "نظارة شمسيه", "1406": "إبهام", "1196": "لوح التزلج", "1337": "غروب", "811": "معدن", "17": "كاحل", "917": "شجرة النخيل", "859": "اسم", "1402": "خيمة", "675": "أداة", "585": "ثوب", "758": "مفتاح الضوء", "43": "أفوكادو", "325": "عمود", "467": "الجدول النهائي", "548": "الفراء", "1367": "ذيل الريش", "75": "إسطبل", "1486": "تي شيرت", "195": "جنية سمراء صغيرة", "429": "مدخل", "1437": "معجون الأسنان", "1175": "مجرفة", "783": "مغناطيس", "1166": "قميص", "572": "بنت", "1028": "بريد", "1569": "جناح", "833": "دراجات نارية", "974": "طاولة نزهة", "766": "أحمر الشفاه", "108": "منقار", "1302": "جدار حجري", "1226": "شريحة", "1563": "النافذة", "1574": "خشب", "1591": "الحمار الوحشي", "179": "قوس", "1272": "بقعة", "441": "يشرب", "595": "لون أخضر", "1354": "ملابس السباحة", "726": "هبوط هيأ", "1118": "رمل", "1472": "علبة", "425": "إطار الباب", "869": "جريدة", "229": "قفص", "592": "صر", "1470": "نفاية علبة", "9": "مطار", "1296": "ينبع", "1109": "كيس", "468": "محرك", "905": "بومة", "1430": "طماطم", "5": "مكيف هواء", "133": "راكب الدراجة", "1138": "النحت", "1339": "سطح", "515": "ورد", "1372": "يوسفي", "1257": "كنبة", "255": "قضية", "282": "فرخة", "262": "قرص مضغوط", "256": "قلعة", "922": "لوجة", "971": "بيانو", "1448": "عروسه لعبه", "444": "طبل", "1587": "أصفر", "1058": "طوف", "1444": "منشفة", "1394": "تنس", "1490": "نفق", "1001": "مصنع", "1289": "محطة", "1007": "برنامج", "1174": "كتف", "797": "قناع", "1011": "سدادة", "54": "حقيبة", "864": "قلادة", "25": "المريلة", "934": "عداد وقوف السيارات", "819": "ميت", "1146": "الطابق الثاني", "264": "مروحة سقف", "246": "بطاقة", "1504": "إناء", "1170": "كيس التسوق", "1161": "درع", "221": "كرنب", "1407": "ربطة عنق", "901": "باب الفرن", "1245": "صابون", "854": "فطر", "271": "سلسلة", "1206": "تزلج عمود", "414": "موزع", "509": "الوجه بالتخبط", "569": "هدية", "897": "ملابس", "7": "الطائرات", "518": "ضباب", "66": "فرقة", "1319": "شارع خفيفة", "600": "مجموعة", "1030": "وعاء", "296": "قاعة الدراسة", "1511": "الخضروات", "703": "مطبخ", "1573": "النساء", "487": "سور", "1477": "جذع الشجرة", "1013": "جيب", "1282": "سلم", "1088": "حلقة", "1388": "تيدي بير", "936": "ببغاء", "269": "يبني", "1500": "ثياب داخلية", "630": "المصباح", "326": "مشط", "223": "خزانة", "68": "باندانا", "1497": "مظلة", "1072": "إيصال", "1341": "متصفح", "948": "الرصيف", "1286": "يفهم", "200": "برعم", "1154": "شامبو", "588": "عنب", "111": "قبعة صغيرة", "845": "شارب", "1439": "قمة", "1249": "كرة القدم", "98": "الاستحمام تناسب", "456": "بيضة", "557": "حديقة", "539": "الطبق الطائر", "1510": "مزهرية", "1343": "الحمالة", "380": "ستارة", "573": "زجاج", "659": "الفندق", "398": "حلوى", "306": "قماش", "1055": "المشعاع", "291": "عيد الميلاد شجرة", "499": "حريق هرب", "867": "شبكة", "616": "يتعامل", "507": "لهب", "742": "ليمون", "1362": "غطاء طاولة", "149": "أعمى", "132": "رف الدراجة", "894": "نعامة", "622": "ظفيرة", "1310": "موقد", "1247": "صابون طبق", "74": "نباح", "966": "البتلة", "393": "الغزال", "633": "سخان", "896": "خارج", "279": "طاه", "921": "جزء", "233": "عجل", "523": "طعام", "933": "موقف سيارات كثيرا", "58": "كرة", "430": "نقطة", "1571": "الأسلاك", "72": "شريط", "959": "قلم", "47": "حزمة الظهر", "102": "خليط", "1087": "حافة", "1086": "رايدر", "503": "المدفأة", "652": "حافر"}}