telicity_captions/zh/chinese_caption_aspect.csv,telicity.util.data_util.get_telicity_dataset_zh,1,2,True,Perfective,telicity_captions/zh/captions-zh-numpy.txt,telicity_captions/zh/captions-zh-labels.txt,bert-base-multilingual-cased,telicity_captions/zh/captions-zh-label-encoder.txt
telicity_wikipedia/zh/chinese_wiki_aspect.csv,telicity.util.data_util.get_telicity_dataset_zh,1,2,True,Imperfective,telicity_wikipedia/zh/wiki-zh-numpy.txt,telicity_wikipedia/zh/wiki-zh-labels.txt,bert-base-multilingual-cased,telicity_wikipedia/zh/wiki-zh-label-encoder.txt
telicity_captions/tr/annotated_turkish_image_captions.tsv,telicity.util.data_util.get_telicity_dataset_tr,1,4,True,telic,telicity_captions/tr/captions-tr-numpy.txt,telicity_captions/tr/captions-tr-labels.txt,bert-base-multilingual-cased,telicity_captions/tr/captions-tr-label-encoder.txt
telicity_wikipedia/tr/annotated_500_turkish_wiki_sentences.tsv,telicity.util.data_util.get_telicity_dataset_tr,0,3,True,atelic,telicity_wikipedia/tr/wiki-tr-numpy.txt,telicity_wikipedia/tr/wiki-tr-labels.txt,bert-base-multilingual-cased,telicity_wikipedia/tr/wiki-tr-label-encoder.txt
telicity_captions/ru/rus_telicity-captions.csv,telicity.util.data_util.get_telicity_dataset_ru,1,2,True,T,telicity_captions/ru/captions-ru-numpy.txt,telicity_captions/ru/captions-ru-labels.txt,bert-base-multilingual-cased,telicity_captions/ru/captions-ru-label-encoder.txt
telicity_wikipedia/ru/rus_telicity-wikipedia.csv,telicity.util.data_util.get_telicity_dataset_ru,0,1,True,A,telicity_wikipedia/ru/wiki-ru-numpy.txt,telicity_wikipedia/ru/wiki-ru-labels.txt,bert-base-multilingual-cased,telicity_wikipedia/ru/wiki-ru-label-encoder.txt
telicity_captions/fa/farsi-caption.csv,telicity.util.data_util.get_telicity_dataset_fa,1,6,True,T,telicity_captions/fa/captions-fa-numpy.txt,telicity_captions/fa/captions-fa-labels.txt,bert-base-multilingual-cased,telicity_captions/fa/captions-fa-label-encoder.txt
telicity_wikipedia/fa/farsi-wikipedia.csv,telicity.util.data_util.get_telicity_dataset_fa,1,2,True,a,telicity_wikipedia/fa/wiki-fa-numpy.txt,telicity_wikipedia/fa/wiki-fa-labels.txt,bert-base-multilingual-cased,telicity_wikipedia/fa/wiki-fa-label-encoder.txt
telicity_captions/ar/arabic_captions.tsv,telicity.util.data_util.get_telicity_dataset_ar,1,10,True,Telic,telicity_captions/ar/captions-ar-numpy.txt,telicity_captions/ar/captions-ar-labels.txt,bert-base-multilingual-cased,telicity_captions/ar/captions-ar-label-encoder.txt
telicity_wikipedia/ar/wikipedia_sentences_annotated_200.tsv,telicity.util.data_util.get_telicity_dataset_ar,1,10,True,Atelic,telicity_wikipedia/ar/wiki-ar-numpy.txt,telicity_wikipedia/ar/wiki-ar-labels.txt,bert-base-multilingual-cased,telicity_wikipedia/ar/wiki-ar-label-encoder.txt
telicity_captions/de/ms-coco-DE-Captions.tsv,telicity.util.data_util.get_telicity_dataset_de,1,3,True,telic,telicity_captions/de/captions-de-numpy.txt,telicity_captions/de/captions-de-labels.txt,bert-base-multilingual-cased,telicity_captions/de/captions-de-label-encoder.txt
telicity_wikipedia/de/ms-coco-DE-Wikipedia.tsv,telicity.util.data_util.get_telicity_dataset_de,0,1,True,atelic,telicity_wikipedia/de/wiki-de-numpy.txt,telicity_wikipedia/de/wiki-de-labels.txt,bert-base-multilingual-cased,telicity_wikipedia/de/wiki-de-label-encoder.txt

wikipedia/de/ms-coco-DE-Wikipedia.tsv,telicity.util.data_util.get_telicity_dataset_de,0,1,True,atelic,wikipedia/de/wiki-de-numpy.txt,wikipedia/de/wiki-de-labels.txt,bert-base-multilingual-cased
captions/de/ms-coco-DE-Captions.tsv,telicity.util.data_util.get_telicity_dataset_de,1,3,True,telic,captions/de/captions-de-numpy.txt,captions/de/captions-de-labels.txt,bert-base-multilingual-cased
wikipedia/ar/wikipedia_sentences_annotated_200.tsv,telicity.util.data_util.get_telicity_dataset_ar,1,10,True,Atelic,wikipedia/ar/wiki-ar-numpy.txt,wikipedia/ar/wiki-ar-labels.txt,bert-base-multilingual-cased
captions/ar/arabic_captions.tsv,telicity.util.data_util.get_telicity_dataset_ar,1,10,True,Telic,captions/ar/captions-ar-numpy.txt,captions/ar/captions-ar-labels.txt,bert-base-multilingual-cased
wikipedia/fa/farsi-wikipedia.csv,telicity.util.data_util.get_telicity_dataset_fa,1,2,True,a,wikipedia/fa/wiki-fa-numpy.txt,wikipedia/fa/wiki-fa-labels.txt,bert-base-multilingual-cased
captions/fa/farsi-caption.csv,telicity.util.data_util.get_telicity_dataset_fa,1,6,True,T,captions/fa/captions-fa-numpy.txt,captions/fa/captions-fa-labels.txt,bert-base-multilingual-cased
wikipedia/ru/rus_telicity-wikipedia.csv,telicity.util.data_util.get_telicity_dataset_ru,0,1,True,A,wikipedia/ru/wiki-ru-numpy.txt,wikipedia/ru/wiki-ru-labels.txt,bert-base-multilingual-cased
captions/ru/rus_telicity-captions.csv,telicity.util.data_util.get_telicity_dataset_ru,1,2,True,T,captions/ru/captions-ru-numpy.txt,captions/ru/captions-ru-labels.txt,bert-base-multilingual-cased
wikipedia/tr/annotated_500_turkish_wiki_sentences.tsv,telicity.util.data_util.get_telicity_dataset_tr,0,3,True,atelic,wikipedia/tr/wiki-tr-numpy.txt,wikipedia/tr/wiki-tr-labels.txt,bert-base-multilingual-cased
captions/tr/annotated_turkish_image_captions.tsv,telicity.util.data_util.get_telicity_dataset_tr,1,4,True,telic,captions/tr/captions-tr-numpy.txt,captions/tr/captions-tr-labels.txt,bert-base-multilingual-cased
wikipedia/zh/chinese_wiki_aspect.csv,telicity.util.data_util.get_telicity_dataset_zh,1,2,True,Imperfective,wikipedia/zh/wiki-zh-numpy.txt,wikipedia/zh/wiki-zh-labels.txt,bert-base-multilingual-cased
captions/zh/chinese_wiki_aspect.csv,telicity.util.data_util.get_telicity_dataset_zh,1,2,True,Perfective,captions/zh/captions-zh-numpy.txt,captions/zh/captions-zh-labels.txt,bert-base-multilingual-cased