{
  "restaurant_reviews": "the user wants to get restaurant reviews",
  "do_you_have_pets": "the user wants to ask do you have pets",
  "smart_home": "the user wants to get a smart home",
  "car_rental": "the user wants to get a car rental",
  "restaurant_reservation": "the user wants to get a restaurant reservation",
  "lost_luggage": "the user wants to get a lost luggage",
  "restaurant_suggestion": "the user wants to get a restaurant suggestion",
  "fun_fact": "the user wants to get a fun fact",
  "rollover_401k": "the user wants to get a rollover 401k",
  "account_blocked": "the user wants to get an account blocked",
  "report_fraud": "the user wants to report a fraud",
  "roll_dice": "the user wants to roll a dice",
  "nutrition_info": "the user wants to get a nutrition info",
  "oil_change_how": "the user wants to know how to change oil",
  "meal_suggestion": "the user wants to get a meal suggestion",
  "flight_status": "the user wants to get a flight status",
  "are_you_a_bot": "the user wants to ask are you a bot",
  "improve_credit_score": "the user wants to get a improve credit score",
  "vaccines": "the user wants to get a vaccines",
  "food_last": "the user wants to get food last",
  "report_lost_card": "the user wants to report a lost card",
  "book_flight": "the user wants to book a flight",
  "tell_joke": "the user wants to book a flight",
  "oil_change_when": "the user wants to know when to change oil",
  "flip_coin": "the user wants to get a flip coin",
  "book_hotel": "the user wants to book a hotel",
  "how_old_are_you": "the user wants to ask how old are you",
  "no": "the user wants to say no",
  "play_music": "the user wants to play a music",
  "damaged_card": "the user wants to get a damaged card",
  "last_maintenance": "the user wants to get a last maintenance",
  "card_declined": "the user wants to get a card declined",
  "next_holiday": "the user wants to get a next holiday",
  "cancel_reservation": "the user wants to cancel a reservation",
  "cook_time": "the user wants to get a cook time",
  "international_visa": "the user wants to get a international visa",
  "find_phone": "the user wants to find a phone",
  "whisper_mode": "the user wants to get a whisper mode",
  "taxes": "the user wants to get a taxes",
  "shopping_list_update": "the user wants to get a shopping list update",
  "tire_pressure": "the user wants to get a tire pressure",
  "mpg": "the user wants to get a mpg",
  "who_do_you_work_for": "the user wants to ask who do you work for",
  "international_fees": "the user wants to get international fees",
  "jump_start": "the user wants to get a jump start",
  "freeze_account": "the user wants to freeze an account",
  "thank_you": "the user wants to tell thank you",
  "shopping_list": "the user wants to get a shopping list",
  "traffic": "the user wants to get a traffic",
  "how_busy": "the user wants to get how busy",
  "update_playlist": "the user wants to update a playlist",
  "what_are_your_hobbies": "the user wants to get what are your hobbies",
  "what_song": "the user wants to get a what song",
  "cancel": "the user wants to say cancel",
  "tire_change": "the user wants to get a tire change",
  "meeting_schedule": "the user wants to get a meeting schedule",
  "meaning_of_life": "the user wants to get a meaning of life",
  "rewards_balance": "the user wants to get a rewards balance",
  "schedule_meeting": "the user wants to schedule a meeting",
  "next_song": "the user wants to get a next song",
  "credit_score": "the user wants to get a credit score",
  "uber": "the user wants to get an uber",
  "credit_limit_change": "the user wants to get a credit limit change",
  "credit_limit": "the user wants to get a credit limit",
  "new_card": "the user wants to get a new card",
  "gas_type": "the user wants to get a gas type",
  "payday": "the user wants to get a payday",
  "interest_rate": "the user wants to get a interest rate",
  "alarm": "the user wants to get an alarm",
  "calendar_update": "the user wants to get a calendar update",
  "distance": "the user wants to get a distance",
  "bill_balance": "the user wants to get a bill balance",
  "insurance_change": "the user wants to get a insurance change",
  "what_is_your_name": "the user wants to get a what is your name",
  "change_speed": "the user wants to change a speed",
  "change_accent": "the user wants to change an accent",
  "insurance": "the user wants to get a insurance",
  "weather": "the user wants to get a weather",
  "recipe": "the user wants to get a recipe",
  "date": "the user wants to get a date",
  "who_made_you": "the user wants to ask who made you",
  "where_are_you_from": "the user wants to ask where are you from",
  "timezone": "the user wants to get a timezone",
  "change_language": "the user wants to change a language",
  "redeem_rewards": "the user wants to redeem rewards",
  "yes": "the user wants to say yes",
  "exchange_rate": "the user wants to get an exchange rate",
  "spending_history": "the user wants to get a spending history",
  "calculator": "the user wants to get a calculator",
  "w2": "the user wants to get a w2",
  "maybe": "the user wants to say maybe",
  "goodbye": "the user wants to say goodbye",
  "calendar": "the user wants to get a calendar",
  "ingredients_list": "the user wants to get a ingredients list",
  "direct_deposit": "the user wants to get a direct deposit",
  "plug_type": "the user wants to get a plug type",
  "change_user_name": "the user wants to change an user name",
  "change_ai_name": "the user wants to change an ai name",
  "gas": "the user wants to get a gas",
  "income": "the user wants to get a income",
  "min_payment": "the user wants to get a min payment",
  "greeting": "the user wants to say greeting",
  "pay_bill": "the user wants to pay a bill",
  "travel_suggestion": "the user wants to get a travel suggestion",
  "balance": "the user wants to get a balance",
  "confirm_reservation": "the user wants to confirm a reservation",
  "order_checks": "the user wants to order checks",
  "user_name": "the user wants to get an user name",
  "expiration_date": "the user wants to get an expiration date",
  "what_can_i_ask_you": "the user wants to what the user can ask about",
  "ingredient_substitution": "the user wants to get a ingredient substitution",
  "travel_notification": "the user wants to get a travel notification",
  "apr": "the user wants to get an apr",
  "accept_reservations": "the user wants to accept reservations",
  "schedule_maintenance": "the user wants to schedule a maintenance",
  "pto_balance": "the user wants to get a pto balance",
  "pin_change": "the user wants to get a pin change",
  "carry_on": "the user wants to the bot to carry on",
  "travel_alert": "the user wants to get a travel alert",
  "calories": "the user wants to get a calories",
  "change_volume": "the user wants to change a volume",
  "text": "the user wants to get a text",
  "bill_due": "the user wants to get bill due",
  "reminder_update": "the user wants to get a reminder update",
  "share_location": "the user wants to share a location",
  "sync_device": "the user wants to sync a device",
  "replacement_card_duration": "the user wants to get a replacement card duration",
  "translate": "the user wants to get a translate",
  "pto_request_status": "the user wants to get a pto request status",
  "spelling": "the user wants to get a spelling",
  "pto_used": "the user wants to get a pto used",
  "make_call": "the user wants to make a call",
  "order_status": "the user wants to order a status",
  "measurement_conversion": "the user wants to get a measurement conversion",
  "reset_settings": "the user wants to reset settings",
  "repeat": "the user wants to get a repeat",
  "todo_list_update": "the user wants to get a todo list update",
  "time": "the user wants to get a time",
  "timer": "the user wants to get a timer",
  "application_status": "the user wants to get an application status",
  "todo_list": "the user wants to get a todo list",
  "current_location": "the user wants to get a current location",
  "pto_request": "the user wants to get a pto request",
  "reminder": "the user wants to get a reminder",
  "definition": "the user wants to get a definition",
  "routing": "the user wants to get a routing",
  "directions": "the user wants to get a directions",
  "order": "the user wants to get an order",
  "transactions": "the user wants to get a transactions",
  "transfer": "the user wants to get a transfer"
}
