{"restaurant_reviews": "tell the user how to get restaurant reviews",
 "do_you_have_pets": "tell the user how to ask do you have pets",
 "smart_home": "tell the user how to get a smart home",
 "car_rental": "tell the user how to get a car rental",
 "restaurant_reservation": "tell the user how to get a restaurant reservation",
 "lost_luggage": "tell the user how to get a lost luggage",
 "restaurant_suggestion": "tell the user how to get a restaurant suggestion",
 "fun_fact": "tell the user how to get a fun fact",
 "rollover_401k": "tell the user how to get a rollover 401k",
 "account_blocked": "tell the user how to get an account blocked",
 "report_fraud": "tell the user how to report an account blocked",
 "roll_dice": "tell the user how to roll an account blocked",
 "nutrition_info": "tell the user how to get a nutrition info",
 "oil_change_how": "tell the user how to know how to change oil",
 "meal_suggestion": "tell the user how to get a meal suggestion",
 "flight_status": "tell the user how to get a flight status",
 "are_you_a_bot": "tell the user how to ask are you a bot",
 "improve_credit_score": "tell the user how to improve a flight status",
 "vaccines": "tell the user how to get vaccines",
 "food_last": "tell the user how to get food last",
 "report_lost_card": "tell the user how to report a food last",
 "book_flight": "tell the user how to book a food last",
 "tell_joke": "tell the user how to book a food last",
 "oil_change_when": "tell the user how to know when to change oil",
 "flip_coin": "tell the user how to get a flip coin",
 "book_hotel": "tell the user how to book a flip coin",
 "how_old_are_you": "tell the user how to ask how old are you",
 "no": "tell the user how to say no",
 "play_music": "tell the user how to play a no",
 "damaged_card": "tell the user how to get a damaged card",
 "last_maintenance": "tell the user how to get a last maintenance",
 "card_declined": "tell the user how to get a card declined",
 "next_holiday": "tell the user how to get a next holiday",
 "cancel_reservation": "tell the user how to cancel a next holiday",
 "cook_time": "tell the user how to get a cook time",
 "international_visa": "tell the user how to get a international visa",
 "find_phone": "tell the user how to find a international visa",
 "whisper_mode": "tell the user how to get a whisper mode",
 "taxes": "tell the user how to get taxes",
 "shopping_list_update": "tell the user how to get a shopping list update",
 "tire_pressure": "tell the user how to get a tire pressure",
 "mpg": "tell the user how to get a mpg",
 "who_do_you_work_for": "tell the user how to ask who do you work for",
 "international_fees": "tell the user how to get international fees",
 "jump_start": "tell the user how to get a jump start",
 "freeze_account": "tell the user how to freeze a jump start",
 "thank_you": "tell the user how to tell thank you",
 "shopping_list": "tell the user how to get a shopping list",
 "traffic": "tell the user how to get a traffic",
 "how_busy": "tell the user how to get how busy",
 "update_playlist": "tell the user how to update a how busy",
 "what_are_your_hobbies": "tell the user how to get what are your hobbies",
 "what_song": "tell the user how to get a what song",
 "cancel": "tell the user how to say cancel",
 "tire_change": "tell the user how to get a tire change",
 "meeting_schedule": "tell the user how to get a meeting schedule",
 "meaning_of_life": "tell the user how to get a meaning of life",
 "rewards_balance": "tell the user how to get a rewards balance",
 "schedule_meeting": "tell the user how to schedule a rewards balance",
 "next_song": "tell the user how to get a next song",
 "credit_score": "tell the user how to get a credit score",
 "uber": "tell the user how to get an uber",
 "credit_limit_change": "tell the user how to get a credit limit change",
 "credit_limit": "tell the user how to get a credit limit",
 "new_card": "tell the user how to get a new card",
 "gas_type": "tell the user how to get a gas type",
 "payday": "tell the user how to get a payday",
 "interest_rate": "tell the user how to get a interest rate",
 "alarm": "tell the user how to get an alarm",
 "calendar_update": "tell the user how to get a calendar update",
 "distance": "tell the user how to get a distance",
 "bill_balance": "tell the user how to get a bill balance",
 "insurance_change": "tell the user how to get a insurance change",
 "what_is_your_name": "tell the user how to get a what is your name",
 "change_speed": "tell the user how to change a what is your name",
 "change_accent": "tell the user how to change a what is your name",
 "insurance": "tell the user how to get a insurance",
 "weather": "tell the user how to get a weather",
 "recipe": "tell the user how to get a recipe",
 "date": "tell the user how to get a date",
 "who_made_you": "tell the user how to ask who made you",
 "where_are_you_from": "tell the user how to ask where are you from",
 "timezone": "tell the user how to get a timezone",
 "change_language": "tell the user how to change a timezone",
 "redeem_rewards": "tell the user how to redeem timezone",
 "yes": "tell the user how to say yes",
 "exchange_rate": "tell the user how to get an exchange rate",
 "spending_history": "tell the user how to get a spending history",
 "calculator": "tell the user how to get a calculator",
 "w2": "tell the user how to get a w2",
 "maybe": "tell the user how to say maybe",
 "goodbye": "tell the user how to say goodbye",
 "calendar": "tell the user how to get a calendar",
 "ingredients_list": "tell the user how to get a ingredients list",
 "direct_deposit": "tell the user how to get a direct deposit",
 "plug_type": "tell the user how to get a plug type",
 "change_user_name": "tell the user how to change a plug type",
 "change_ai_name": "tell the user how to change a plug type",
 "gas": "tell the user how to get a gas",
 "income": "tell the user how to get a income",
 "min_payment": "tell the user how to get a min payment",
 "greeting": "tell the user how to say greeting",
 "pay_bill": "tell the user how to pay a greeting",
 "travel_suggestion": "tell the user how to get a travel suggestion",
 "balance": "tell the user how to get a balance",
 "confirm_reservation": "tell the user how to confirm a balance",
 "order_checks": "tell the user how to order balance",
 "user_name": "tell the user how to get an user name",
 "expiration_date": "tell the user how to get an expiration date",
 "what_can_i_ask_you": "tell the user how to what the user can ask about",
 "ingredient_substitution": "tell the user how to get a ingredient substitution",
 "travel_notification": "tell the user how to get a travel notification",
 "apr": "tell the user how to get an apr",
 "accept_reservations": "tell the user how to accept apr",
 "schedule_maintenance": "tell the user how to schedule an apr",
 "pto_balance": "tell the user how to get a pto balance",
 "pin_change": "tell the user how to get a pin change",
 "carry_on": "tell the user how to the bot to carry on",
 "travel_alert": "tell the user how to get a travel alert",
 "calories": "tell the user how to get calories",
 "change_volume": "tell the user how to change a calories",
 "text": "tell the user how to get a text",
 "bill_due": "tell the user how to get bill due",
 "reminder_update": "tell the user how to get a reminder update",
 "share_location": "tell the user how to share a reminder update",
 "sync_device": "tell the user how to sync a reminder update",
 "replacement_card_duration": "tell the user how to get a replacement card duration",
 "translate": "tell the user how to get a translate",
 "pto_request_status": "tell the user how to get a pto request status",
 "spelling": "tell the user how to get spelling",
 "pto_used": "tell the user how to get a pto used",
 "make_call": "tell the user how to make a pto used",
 "order_status": "tell the user how to order a pto used",
 "measurement_conversion": "tell the user how to get a measurement conversion",
 "reset_settings": "tell the user how to reset measurement conversion",
 "repeat": "tell the user how to get a repeat",
 "todo_list_update": "tell the user how to get a todo list update",
 "time": "tell the user how to get a time",
 "timer": "tell the user how to get a timer",
 "application_status": "tell the user how to get an application status",
 "todo_list": "tell the user how to get a todo list",
 "current_location": "tell the user how to get a current location",
 "pto_request": "tell the user how to get a pto request",
 "reminder": "tell the user how to get a reminder",
 "definition": "tell the user how to get a definition",
 "routing": "tell the user how to get routing",
 "directions": "tell the user how to get directions",
 "order": "tell the user how to get an order",
 "transactions": "tell the user how to get transactions",
 "transfer": "tell the user how to get a transfer"}
