{"restaurant_reviews": "help the user to get restaurant reviews",
 "do_you_have_pets": "help the user to ask do you have pets",
 "smart_home": "help the user to get a smart home",
 "car_rental": "help the user to get a car rental",
 "restaurant_reservation": "help the user to get a restaurant reservation",
 "lost_luggage": "help the user to get a lost luggage",
 "restaurant_suggestion": "help the user to get a restaurant suggestion",
 "fun_fact": "help the user to get a fun fact",
 "rollover_401k": "help the user to get a rollover 401k",
 "account_blocked": "help the user to get an account blocked",
 "report_fraud": "help the user to report an account blocked",
 "roll_dice": "help the user to roll an account blocked",
 "nutrition_info": "help the user to get a nutrition info",
 "oil_change_how": "help the user to know how to change oil",
 "meal_suggestion": "help the user to get a meal suggestion",
 "flight_status": "help the user to get a flight status",
 "are_you_a_bot": "help the user to ask are you a bot",
 "improve_credit_score": "help the user to improve a flight status",
 "vaccines": "help the user to get vaccines",
 "food_last": "help the user to get food last",
 "report_lost_card": "help the user to report a food last",
 "book_flight": "help the user to book a food last",
 "tell_joke": "help the user to book a food last",
 "oil_change_when": "help the user to know when to change oil",
 "flip_coin": "help the user to get a flip coin",
 "book_hotel": "help the user to book a flip coin",
 "how_old_are_you": "help the user to ask how old are you",
 "no": "help the user to say no",
 "play_music": "help the user to play a no",
 "damaged_card": "help the user to get a damaged card",
 "last_maintenance": "help the user to get a last maintenance",
 "card_declined": "help the user to get a card declined",
 "next_holiday": "help the user to get a next holiday",
 "cancel_reservation": "help the user to cancel a next holiday",
 "cook_time": "help the user to get a cook time",
 "international_visa": "help the user to get a international visa",
 "find_phone": "help the user to find a international visa",
 "whisper_mode": "help the user to get a whisper mode",
 "taxes": "help the user to get taxes",
 "shopping_list_update": "help the user to get a shopping list update",
 "tire_pressure": "help the user to get a tire pressure",
 "mpg": "help the user to get a mpg",
 "who_do_you_work_for": "help the user to ask who do you work for",
 "international_fees": "help the user to get international fees",
 "jump_start": "help the user to get a jump start",
 "freeze_account": "help the user to freeze a jump start",
 "thank_you": "help the user to tell thank you",
 "shopping_list": "help the user to get a shopping list",
 "traffic": "help the user to get a traffic",
 "how_busy": "help the user to get how busy",
 "update_playlist": "help the user to update a how busy",
 "what_are_your_hobbies": "help the user to get what are your hobbies",
 "what_song": "help the user to get a what song",
 "cancel": "help the user to say cancel",
 "tire_change": "help the user to get a tire change",
 "meeting_schedule": "help the user to get a meeting schedule",
 "meaning_of_life": "help the user to get a meaning of life",
 "rewards_balance": "help the user to get a rewards balance",
 "schedule_meeting": "help the user to schedule a rewards balance",
 "next_song": "help the user to get a next song",
 "credit_score": "help the user to get a credit score",
 "uber": "help the user to get an uber",
 "credit_limit_change": "help the user to get a credit limit change",
 "credit_limit": "help the user to get a credit limit",
 "new_card": "help the user to get a new card",
 "gas_type": "help the user to get a gas type",
 "payday": "help the user to get a payday",
 "interest_rate": "help the user to get a interest rate",
 "alarm": "help the user to get an alarm",
 "calendar_update": "help the user to get a calendar update",
 "distance": "help the user to get a distance",
 "bill_balance": "help the user to get a bill balance",
 "insurance_change": "help the user to get a insurance change",
 "what_is_your_name": "help the user to get a what is your name",
 "change_speed": "help the user to change a what is your name",
 "change_accent": "help the user to change a what is your name",
 "insurance": "help the user to get a insurance",
 "weather": "help the user to get a weather",
 "recipe": "help the user to get a recipe",
 "date": "help the user to get a date",
 "who_made_you": "help the user to ask who made you",
 "where_are_you_from": "help the user to ask where are you from",
 "timezone": "help the user to get a timezone",
 "change_language": "help the user to change a timezone",
 "redeem_rewards": "help the user to redeem timezone",
 "yes": "help the user to say yes",
 "exchange_rate": "help the user to get an exchange rate",
 "spending_history": "help the user to get a spending history",
 "calculator": "help the user to get a calculator",
 "w2": "help the user to get a w2",
 "maybe": "help the user to say maybe",
 "goodbye": "help the user to say goodbye",
 "calendar": "help the user to get a calendar",
 "ingredients_list": "help the user to get a ingredients list",
 "direct_deposit": "help the user to get a direct deposit",
 "plug_type": "help the user to get a plug type",
 "change_user_name": "help the user to change a plug type",
 "change_ai_name": "help the user to change a plug type",
 "gas": "help the user to get a gas",
 "income": "help the user to get a income",
 "min_payment": "help the user to get a min payment",
 "greeting": "help the user to say greeting",
 "pay_bill": "help the user to pay a greeting",
 "travel_suggestion": "help the user to get a travel suggestion",
 "balance": "help the user to get a balance",
 "confirm_reservation": "help the user to confirm a balance",
 "order_checks": "help the user to order balance",
 "user_name": "help the user to get an user name",
 "expiration_date": "help the user to get an expiration date",
 "what_can_i_ask_you": "help the user to what the user can ask about",
 "ingredient_substitution": "help the user to get a ingredient substitution",
 "travel_notification": "help the user to get a travel notification",
 "apr": "help the user to get an apr",
 "accept_reservations": "help the user to accept apr",
 "schedule_maintenance": "help the user to schedule an apr",
 "pto_balance": "help the user to get a pto balance",
 "pin_change": "help the user to get a pin change",
 "carry_on": "help the user to the bot to carry on",
 "travel_alert": "help the user to get a travel alert",
 "calories": "help the user to get calories",
 "change_volume": "help the user to change a calories",
 "text": "help the user to get a text",
 "bill_due": "help the user to get bill due",
 "reminder_update": "help the user to get a reminder update",
 "share_location": "help the user to share a reminder update",
 "sync_device": "help the user to sync a reminder update",
 "replacement_card_duration": "help the user to get a replacement card duration",
 "translate": "help the user to get a translate",
 "pto_request_status": "help the user to get a pto request status",
 "spelling": "help the user to get spelling",
 "pto_used": "help the user to get a pto used",
 "make_call": "help the user to make a pto used",
 "order_status": "help the user to order a pto used",
 "measurement_conversion": "help the user to get a measurement conversion",
 "reset_settings": "help the user to reset measurement conversion",
 "repeat": "help the user to get a repeat",
 "todo_list_update": "help the user to get a todo list update",
 "time": "help the user to get a time",
 "timer": "help the user to get a timer",
 "application_status": "help the user to get an application status",
 "todo_list": "help the user to get a todo list",
 "current_location": "help the user to get a current location",
 "pto_request": "help the user to get a pto request",
 "reminder": "help the user to get a reminder",
 "definition": "help the user to get a definition",
 "routing": "help the user to get routing",
 "directions": "help the user to get directions",
 "order": "help the user to get an order",
 "transactions": "help the user to get transactions",
 "transfer": "help the user to get a transfer"}
