{"restaurant_reviews": "restaurant reviews", "do_you_have_pets": "do you have pets", "smart_home": "smart home", "car_rental": "car rental", "restaurant_reservation": "restaurant reservation", "lost_luggage": "lost luggage", "restaurant_suggestion": "restaurant suggestion", "fun_fact": "fun fact", "rollover_401k": "rollover 401k", "account_blocked": "account blocked", "report_fraud": "report fraud", "roll_dice": "roll dice", "nutrition_info": "nutrition info", "oil_change_how": "oil change how", "meal_suggestion": "meal suggestion", "flight_status": "flight status", "are_you_a_bot": "are you a bot", "improve_credit_score": "improve credit score", "vaccines": "vaccines", "food_last": "food last", "report_lost_card": "report lost card", "book_flight": "book flight", "tell_joke": "tell joke", "oil_change_when": "oil change when", "flip_coin": "flip coin", "book_hotel": "book hotel", "how_old_are_you": "how old are you", "no": "no", "play_music": "play music", "damaged_card": "damaged card", "last_maintenance": "last maintenance", "card_declined": "card declined", "next_holiday": "next holiday", "cancel_reservation": "cancel reservation", "cook_time": "cook time", "international_visa": "international visa", "find_phone": "find phone", "whisper_mode": "whisper mode", "taxes": "taxes", "shopping_list_update": "shopping list update", "tire_pressure": "tire pressure", "mpg": "mpg", "who_do_you_work_for": "who do you work for", "international_fees": "international fees", "jump_start": "jump start", "freeze_account": "freeze account", "thank_you": "thank you", "shopping_list": "shopping list", "traffic": "traffic", "how_busy": "how busy", "update_playlist": "update playlist", "what_are_your_hobbies": "what are your hobbies", "what_song": "what song", "cancel": "cancel", "tire_change": "tire change", "meeting_schedule": "meeting schedule", "meaning_of_life": "meaning of life", "rewards_balance": "rewards balance", "schedule_meeting": "schedule meeting", "next_song": "next song", "credit_score": "credit score", "uber": "uber", "credit_limit_change": "credit limit change", "credit_limit": "credit limit", "new_card": "new card", "gas_type": "gas type", "payday": "payday", "interest_rate": "interest rate", "alarm": "alarm", "calendar_update": "calendar update", "distance": "distance", "bill_balance": "bill balance", "insurance_change": "insurance change", "what_is_your_name": "what is your name", "change_speed": "change speed", "change_accent": "change accent", "insurance": "insurance", "weather": "weather", "recipe": "recipe", "date": "date", "who_made_you": "who made you", "where_are_you_from": "where are you from", "timezone": "timezone", "change_language": "change language", "redeem_rewards": "redeem rewards", "yes": "yes", "exchange_rate": "exchange rate", "spending_history": "spending history", "calculator": "calculator", "w2": "w2", "maybe": "maybe", "goodbye": "goodbye", "calendar": "calendar", "ingredients_list": "ingredients list", "direct_deposit": "direct deposit", "plug_type": "plug type", "change_user_name": "change user name", "change_ai_name": "change ai name", "gas": "gas", "income": "income", "min_payment": "min payment", "greeting": "greeting", "pay_bill": "pay bill", "travel_suggestion": "travel suggestion", "balance": "balance", "confirm_reservation": "confirm reservation", "order_checks": "order checks", "user_name": "user name", "expiration_date": "expiration date", "what_can_i_ask_you": "what can i ask you", "ingredient_substitution": "ingredient substitution", "travel_notification": "travel notification", "apr": "apr", "accept_reservations": "accept reservations", "schedule_maintenance": "schedule maintenance", "pto_balance": "pto balance", "pin_change": "pin change", "carry_on": "carry on", "travel_alert": "travel alert", "calories": "calories", "change_volume": "change volume", "text": "text", "bill_due": "bill due", "reminder_update": "reminder update", "share_location": "share location", "sync_device": "sync device", "replacement_card_duration": "replacement card duration", "translate": "translate", "pto_request_status": "pto request status", "spelling": "spelling", "pto_used": "pto used", "make_call": "make call", "order_status": "order status", "measurement_conversion": "measurement conversion", "reset_settings": "reset settings", "repeat": "repeat", "todo_list_update": "todo list update", "time": "time", "timer": "timer", "application_status": "application status", "todo_list": "todo list", "current_location": "current location", "pto_request": "pto request", "reminder": "reminder", "definition": "definition", "routing": "routing", "directions": "directions", "order": "order", "transactions": "transactions", "transfer": "transfer"}
