{
  "restaurant_reviews": "does the user want to get restaurant reviews",
  "do_you_have_pets": "does the user want to ask do you have pets",
  "smart_home": "does the user want to get a smart home",
  "car_rental": "does the user want to get a car rental",
  "restaurant_reservation": "does the user want to get a restaurant reservation",
  "lost_luggage": "does the user want to get a lost luggage",
  "restaurant_suggestion": "does the user want to get a restaurant suggestion",
  "fun_fact": "does the user want to get a fun fact",
  "rollover_401k": "does the user want to get a rollover 401k",
  "account_blocked": "does the user want to get an account blocked",
  "report_fraud": "does the user want to report a fraud",
  "roll_dice": "does the user want to roll a dice",
  "nutrition_info": "does the user want to get a nutrition info",
  "oil_change_how": "does the user want to know how to change oil",
  "meal_suggestion": "does the user want to get a meal suggestion",
  "flight_status": "does the user want to get a flight status",
  "are_you_a_bot": "does the user want to ask are you a bot",
  "improve_credit_score": "does the user want to get a improve credit score",
  "vaccines": "does the user want to get a vaccines",
  "food_last": "does the user want to get food last",
  "report_lost_card": "does the user want to report a lost card",
  "book_flight": "does the user want to book a flight",
  "tell_joke": "does the user want to book a flight",
  "oil_change_when": "does the user want to know when to change oil",
  "flip_coin": "does the user want to get a flip coin",
  "book_hotel": "does the user want to book a hotel",
  "how_old_are_you": "does the user want to ask how old are you",
  "no": "does the user want to say no",
  "play_music": "does the user want to play a music",
  "damaged_card": "does the user want to get a damaged card",
  "last_maintenance": "does the user want to get a last maintenance",
  "card_declined": "does the user want to get a card declined",
  "next_holiday": "does the user want to get a next holiday",
  "cancel_reservation": "does the user want to cancel a reservation",
  "cook_time": "does the user want to get a cook time",
  "international_visa": "does the user want to get a international visa",
  "find_phone": "does the user want to find a phone",
  "whisper_mode": "does the user want to get a whisper mode",
  "taxes": "does the user want to get a taxes",
  "shopping_list_update": "does the user want to get a shopping list update",
  "tire_pressure": "does the user want to get a tire pressure",
  "mpg": "does the user want to get a mpg",
  "who_do_you_work_for": "does the user want to ask who do you work for",
  "international_fees": "does the user want to get international fees",
  "jump_start": "does the user want to get a jump start",
  "freeze_account": "does the user want to freeze an account",
  "thank_you": "does the user want to tell thank you",
  "shopping_list": "does the user want to get a shopping list",
  "traffic": "does the user want to get a traffic",
  "how_busy": "does the user want to get how busy",
  "update_playlist": "does the user want to update a playlist",
  "what_are_your_hobbies": "does the user want to get what are your hobbies",
  "what_song": "does the user want to get a what song",
  "cancel": "does the user want to say cancel",
  "tire_change": "does the user want to get a tire change",
  "meeting_schedule": "does the user want to get a meeting schedule",
  "meaning_of_life": "does the user want to get a meaning of life",
  "rewards_balance": "does the user want to get a rewards balance",
  "schedule_meeting": "does the user want to schedule a meeting",
  "next_song": "does the user want to get a next song",
  "credit_score": "does the user want to get a credit score",
  "uber": "does the user want to get an uber",
  "credit_limit_change": "does the user want to get a credit limit change",
  "credit_limit": "does the user want to get a credit limit",
  "new_card": "does the user want to get a new card",
  "gas_type": "does the user want to get a gas type",
  "payday": "does the user want to get a payday",
  "interest_rate": "does the user want to get a interest rate",
  "alarm": "does the user want to get an alarm",
  "calendar_update": "does the user want to get a calendar update",
  "distance": "does the user want to get a distance",
  "bill_balance": "does the user want to get a bill balance",
  "insurance_change": "does the user want to get a insurance change",
  "what_is_your_name": "does the user want to get a what is your name",
  "change_speed": "does the user want to change a speed",
  "change_accent": "does the user want to change an accent",
  "insurance": "does the user want to get a insurance",
  "weather": "does the user want to get a weather",
  "recipe": "does the user want to get a recipe",
  "date": "does the user want to get a date",
  "who_made_you": "does the user want to ask who made you",
  "where_are_you_from": "does the user want to ask where are you from",
  "timezone": "does the user want to get a timezone",
  "change_language": "does the user want to change a language",
  "redeem_rewards": "does the user want to redeem rewards",
  "yes": "does the user want to say yes",
  "exchange_rate": "does the user want to get an exchange rate",
  "spending_history": "does the user want to get a spending history",
  "calculator": "does the user want to get a calculator",
  "w2": "does the user want to get a w2",
  "maybe": "does the user want to say maybe",
  "goodbye": "does the user want to say goodbye",
  "calendar": "does the user want to get a calendar",
  "ingredients_list": "does the user want to get a ingredients list",
  "direct_deposit": "does the user want to get a direct deposit",
  "plug_type": "does the user want to get a plug type",
  "change_user_name": "does the user want to change an user name",
  "change_ai_name": "does the user want to change an ai name",
  "gas": "does the user want to get a gas",
  "income": "does the user want to get a income",
  "min_payment": "does the user want to get a min payment",
  "greeting": "does the user want to say greeting",
  "pay_bill": "does the user want to pay a bill",
  "travel_suggestion": "does the user want to get a travel suggestion",
  "balance": "does the user want to get a balance",
  "confirm_reservation": "does the user want to confirm a reservation",
  "order_checks": "does the user want to order checks",
  "user_name": "does the user want to get an user name",
  "expiration_date": "does the user want to get an expiration date",
  "what_can_i_ask_you": "does the user want to what the user can ask about",
  "ingredient_substitution": "does the user want to get a ingredient substitution",
  "travel_notification": "does the user want to get a travel notification",
  "apr": "does the user want to get an apr",
  "accept_reservations": "does the user want to accept reservations",
  "schedule_maintenance": "does the user want to schedule a maintenance",
  "pto_balance": "does the user want to get a pto balance",
  "pin_change": "does the user want to get a pin change",
  "carry_on": "does the user want to the bot to carry on",
  "travel_alert": "does the user want to get a travel alert",
  "calories": "does the user want to get a calories",
  "change_volume": "does the user want to change a volume",
  "text": "does the user want to get a text",
  "bill_due": "does the user want to get bill due",
  "reminder_update": "does the user want to get a reminder update",
  "share_location": "does the user want to share a location",
  "sync_device": "does the user want to sync a device",
  "replacement_card_duration": "does the user want to get a replacement card duration",
  "translate": "does the user want to get a translate",
  "pto_request_status": "does the user want to get a pto request status",
  "spelling": "does the user want to get a spelling",
  "pto_used": "does the user want to get a pto used",
  "make_call": "does the user want to make a call",
  "order_status": "does the user want to order a status",
  "measurement_conversion": "does the user want to get a measurement conversion",
  "reset_settings": "does the user want to reset settings",
  "repeat": "does the user want to get a repeat",
  "todo_list_update": "does the user want to get a todo list update",
  "time": "does the user want to get a time",
  "timer": "does the user want to get a timer",
  "application_status": "does the user want to get an application status",
  "todo_list": "does the user want to get a todo list",
  "current_location": "does the user want to get a current location",
  "pto_request": "does the user want to get a pto request",
  "reminder": "does the user want to get a reminder",
  "definition": "does the user want to get a definition",
  "routing": "does the user want to get a routing",
  "directions": "does the user want to get a directions",
  "order": "does the user want to get an order",
  "transactions": "does the user want to get a transactions",
  "transfer": "does the user want to get a transfer"
}