{"restaurant_reviews": "how do I get restaurant reviews",
 "do_you_have_pets": "how do I ask do you have pets",
 "smart_home": "how do I get a smart home",
 "car_rental": "how do I get a car rental",
 "restaurant_reservation": "how do I get a restaurant reservation",
 "lost_luggage": "how do I get a lost luggage",
 "restaurant_suggestion": "how do I get a restaurant suggestion",
 "fun_fact": "how do I get a fun fact",
 "rollover_401k": "how do I get a rollover 401k",
 "account_blocked": "how do I get an account blocked",
 "report_fraud": "how do I report an account blocked",
 "roll_dice": "how do I roll an account blocked",
 "nutrition_info": "how do I get a nutrition info",
 "oil_change_how": "how do I know how to change oil",
 "meal_suggestion": "how do I get a meal suggestion",
 "flight_status": "how do I get a flight status",
 "are_you_a_bot": "how do I ask are you a bot",
 "improve_credit_score": "how do I improve a flight status",
 "vaccines": "how do I get vaccines",
 "food_last": "how do I get food last",
 "report_lost_card": "how do I report a food last",
 "book_flight": "how do I book a food last",
 "tell_joke": "how do I book a food last",
 "oil_change_when": "how do I know when to change oil",
 "flip_coin": "how do I get a flip coin",
 "book_hotel": "how do I book a flip coin",
 "how_old_are_you": "how do I ask how old are you",
 "no": "how do I say no",
 "play_music": "how do I play a no",
 "damaged_card": "how do I get a damaged card",
 "last_maintenance": "how do I get a last maintenance",
 "card_declined": "how do I get a card declined",
 "next_holiday": "how do I get a next holiday",
 "cancel_reservation": "how do I cancel a next holiday",
 "cook_time": "how do I get a cook time",
 "international_visa": "how do I get a international visa",
 "find_phone": "how do I find a international visa",
 "whisper_mode": "how do I get a whisper mode",
 "taxes": "how do I get taxes",
 "shopping_list_update": "how do I get a shopping list update",
 "tire_pressure": "how do I get a tire pressure",
 "mpg": "how do I get a mpg",
 "who_do_you_work_for": "how do I ask who do you work for",
 "international_fees": "how do I get international fees",
 "jump_start": "how do I get a jump start",
 "freeze_account": "how do I freeze a jump start",
 "thank_you": "how do I tell thank you",
 "shopping_list": "how do I get a shopping list",
 "traffic": "how do I get a traffic",
 "how_busy": "how do I get how busy",
 "update_playlist": "how do I update a how busy",
 "what_are_your_hobbies": "how do I get what are your hobbies",
 "what_song": "how do I get a what song",
 "cancel": "how do I say cancel",
 "tire_change": "how do I get a tire change",
 "meeting_schedule": "how do I get a meeting schedule",
 "meaning_of_life": "how do I get a meaning of life",
 "rewards_balance": "how do I get a rewards balance",
 "schedule_meeting": "how do I schedule a rewards balance",
 "next_song": "how do I get a next song",
 "credit_score": "how do I get a credit score",
 "uber": "how do I get an uber",
 "credit_limit_change": "how do I get a credit limit change",
 "credit_limit": "how do I get a credit limit",
 "new_card": "how do I get a new card",
 "gas_type": "how do I get a gas type",
 "payday": "how do I get a payday",
 "interest_rate": "how do I get a interest rate",
 "alarm": "how do I get an alarm",
 "calendar_update": "how do I get a calendar update",
 "distance": "how do I get a distance",
 "bill_balance": "how do I get a bill balance",
 "insurance_change": "how do I get a insurance change",
 "what_is_your_name": "how do I get a what is your name",
 "change_speed": "how do I change a what is your name",
 "change_accent": "how do I change a what is your name",
 "insurance": "how do I get a insurance",
 "weather": "how do I get a weather",
 "recipe": "how do I get a recipe",
 "date": "how do I get a date",
 "who_made_you": "how do I ask who made you",
 "where_are_you_from": "how do I ask where are you from",
 "timezone": "how do I get a timezone",
 "change_language": "how do I change a timezone",
 "redeem_rewards": "how do I redeem timezone",
 "yes": "how do I say yes",
 "exchange_rate": "how do I get an exchange rate",
 "spending_history": "how do I get a spending history",
 "calculator": "how do I get a calculator",
 "w2": "how do I get a w2",
 "maybe": "how do I say maybe",
 "goodbye": "how do I say goodbye",
 "calendar": "how do I get a calendar",
 "ingredients_list": "how do I get a ingredients list",
 "direct_deposit": "how do I get a direct deposit",
 "plug_type": "how do I get a plug type",
 "change_user_name": "how do I change a plug type",
 "change_ai_name": "how do I change a plug type",
 "gas": "how do I get a gas",
 "income": "how do I get a income",
 "min_payment": "how do I get a min payment",
 "greeting": "how do I say greeting",
 "pay_bill": "how do I pay a greeting",
 "travel_suggestion": "how do I get a travel suggestion",
 "balance": "how do I get a balance",
 "confirm_reservation": "how do I confirm a balance",
 "order_checks": "how do I order balance",
 "user_name": "how do I get an user name",
 "expiration_date": "how do I get an expiration date",
 "what_can_i_ask_you": "how do I what the user can ask about",
 "ingredient_substitution": "how do I get a ingredient substitution",
 "travel_notification": "how do I get a travel notification",
 "apr": "how do I get an apr",
 "accept_reservations": "how do I accept apr",
 "schedule_maintenance": "how do I schedule an apr",
 "pto_balance": "how do I get a pto balance",
 "pin_change": "how do I get a pin change",
 "carry_on": "how do I the bot to carry on",
 "travel_alert": "how do I get a travel alert",
 "calories": "how do I get calories",
 "change_volume": "how do I change a calories",
 "text": "how do I get a text",
 "bill_due": "how do I get bill due",
 "reminder_update": "how do I get a reminder update",
 "share_location": "how do I share a reminder update",
 "sync_device": "how do I sync a reminder update",
 "replacement_card_duration": "how do I get a replacement card duration",
 "translate": "how do I get a translate",
 "pto_request_status": "how do I get a pto request status",
 "spelling": "how do I get spelling",
 "pto_used": "how do I get a pto used",
 "make_call": "how do I make a pto used",
 "order_status": "how do I order a pto used",
 "measurement_conversion": "how do I get a measurement conversion",
 "reset_settings": "how do I reset measurement conversion",
 "repeat": "how do I get a repeat",
 "todo_list_update": "how do I get a todo list update",
 "time": "how do I get a time",
 "timer": "how do I get a timer",
 "application_status": "how do I get an application status",
 "todo_list": "how do I get a todo list",
 "current_location": "how do I get a current location",
 "pto_request": "how do I get a pto request",
 "reminder": "how do I get a reminder",
 "definition": "how do I get a definition",
 "routing": "how do I get routing",
 "directions": "how do I get directions",
 "order": "how do I get an order",
 "transactions": "how do I get transactions",
 "transfer": "how do I get a transfer"}
