Sentence	Class	Subclass	Verb	Comment	Source	Tense
Sie liegt an dem Fuße des Kupe .	state	durative	liegt		wikipedia
Nun wird versucht , die steinzeitliche Gerbetechnik nachzuahmen ( Experimentelle Archäologie ) und herauszufinden , mit welchen Techniken und Werkzeugen die Häute bearbeitet wurden .	atelic	durative	wird versucht	futurate	wikipedia
Mit der thermischen Verwertung wird das Volumen des Abfalls um 90 Prozent reduziert .	atelic	durative	wird reduziert	futurate	wikipedia
Er hatte offenbar eine Vorliebe für prachtvolle Bekleidung , keines der dargestellten Königsgewänder wird wiederholt .	state	durative	hatte		wikipedia
Die Provinz Lamphun liegt in der Nordregion von Thailand .	state	durative	liegt		wikipedia
Mir - Perseus war der siebte französische Raumflug in Zusammenarbeit mit der Sowjetunion bzw . Russland .	state	durative	war		wikipedia
"Verfolgt in den Zeiten der Mfecane , ersuchte ihr Anführer Mokuoane 1825 den "" morena "" der Basotho , Moshoeshoe I. , um Schutz ."	telic	durative	verfolgt		wikipedia
Hierbei wird jeder Bereich des Unternehmens einbezogen .	atelic	durative	wird einbezogen	futurate	wikipedia
Diese Sternbedeckung wird von der Türkei , Griechenland und Sizilien aus zu beobachten sein .	atelic	durative	wird zu beobachten sein	futurate	wikipedia
An dem 30 . Dezember haben sich die Gemeinden Ponson - Debat und Pouts zu der Gemeinde Ponson - Debat - Pouts zusammengeschlossen .	telic	punctual	haben zusammengeschlossen		wikipedia
Der Direktaufsteiger wird in einem Rotationsmodus jährlich von einer anderen Regionalliga gestellt .	atelic	punctual	wird gestellt		wikipedia
Das Außenministerium Portugals ist das staatliche Organ für die portugiesische Außenpolitik und u. a . für die Diplomatie Portugals zuständig .	state	durative	ist		wikipedia
Das kann beispielsweise durch einen Brief des Ministers an den Senat geschehen .	atelic	punctual	kann geschehen		wikipedia
Bereits ab 1899 war er als Schauspieler und Regisseur an Theatern in Göteborg tätig .	telic	durative	war tätig		wikipedia
1949 emigrierte er nach Chicago ( USA ) .	telic	punctual	emigrierte		wikipedia
915 fiel der Zürichgau als Gau des Herzogtums Schwaben zusammen mit dem Thurgau per Heirat an die Burchardinger .	telic	punctual	fiel zusammen		wikipedia
"Auch in den hier von der Zeil abzweigenden Straßen "" Fahrgasse "" , "" Schäfergasse "" und "" Große Friedberger Straße "" verkehrten zeitweise Straßenbahnen ."	telic	durative	verkehrten		wikipedia
Aber auch hier wurde das Album trotz guter Kritiken nicht sonderlich vermarktet , weshalb es weitgehend erfolglos blieb .	telic	durative	wurde vermarktet		wikipedia
Einen wesentlichen Beitrag hierzu leisteten die Aufrufe zu der Besonnenheit durch Domprediger Giselher Quast und Dompredigerin Waltraut Zachhuber .	telic	durative	leisteten		wikipedia
Abtahi ist Mitglied der iranischen Partei Verband der kämpfenden Geistlichkeit und versteht sich als Bürgerrechtler .	state	durative	ist		wikipedia
Mai Imoh Ezekiel Imoh Ezekiel ( * 24 . Oktober 1993 in Lagos ) ist ein nigerianischer Fußballspieler .	state	durative	ist		wikipedia
Werkzeuge und Waffen wurden aus Feuerstein gefertigt .	telic	durative	wurden gefertigt		wikipedia
Sie erscheint seit Anfang 2002 jeweils zu dem 20 . eines Monats .	state	durative	erscheint	habitual state	wikipedia
Sie führte ursprünglich mitten durch die Stadt .	state	durative	führte		wikipedia
Bei den Olympischen Winterspielen 1952 gewann er als Mitglied der kanadischen Nationalmannschaft die Goldmedaille .	telic	punctual	gewann		wikipedia
Der Terminus „ Hütehund “ erschien ihm nur für den kleinen Typ III angemessen .	telic	punctual	erschien		wikipedia
Es spielt dann der beste Gruppenerste gegen den schlechtesten Gruppenzweiten ( 1–8 ) .	atelic	durative	spielt		wikipedia
Die jeweils andere Charakterisierung ist dann eine Folgerung .	state	durative	ist		wikipedia
Zu den neueren Entwicklungen gehört der Rydberg - Maser .	state	durative	gehört		wikipedia
Der Südsee dient der Wasserstandsregulierung und dem Hochwasserschutz und ist ein beliebtes Naherholungsgebiet für Spaziergänger , Segler und Angler .	state	durative	dient		wikipedia
Köppler studierte von 1945 bis 1948 Rechtswissenschaften an den Universitäten in Erlangen und Mainz .	telic	durative	studierte		wikipedia
Derzeit ist jedoch noch keine einheitliche Linie bei der Arzneimittelbevorratung in Europa zu erkennen .	state	durative	ist		wikipedia
Um 1650 starb seine Frau Kornelia .	telic	punctual	starb		wikipedia
In diesem Abschnitt bildet die SS 231 die vierspurig ausgebaute Tangenziale von Alba .	state	durative	bildet		wikipedia
Gebaut wurde er auf Basis eines Satellitenbus der russischen Firma WNIIEM ( ursprünglich : Allunionsweites Wissenschafts - und Forschungsinstitut für Elektromechanik ) .	telic	durative	Gebaut wurde	VP by itself would be wurde gebaut	wikipedia
"2016 folgten die Alben "" Live from Mars "" und das jüngste Projekt "" Napoli Trip "" ."	telic	punctual	folgten		wikipedia
Als Wilhelm Nietner starb , fand er auf dem Bornstedter Friedhof seine letzte Ruhe .	telic	punctual	starb		wikipedia
Das werde den Tatsachen nicht gerecht .	state	durative	werde gerecht		wikipedia
Eugen Dickmann übernahm 1835 die Verwaltung des Vermögens seiner Mutter Johanna Nepomucea Edle von Dickmann , die sehr erfolgreich war .	telic	punctual	übernahm		wikipedia
Die sechs gleichgeformten Blütenhüllblätter sind zu einer langen , schlanken , fleischigen , zylindrischen Röhre verwachsen .	telic	punctual	sind verwachsen	could be durative, but also stative	wikipedia
SEALs holen beide aus dem verfeindeten Land .	atelic	durative	holen		wikipedia
Die bedeutendste Änderung betrifft den letzten Satz , zu dem der Komponist einen längeren Schluss verfasste .	state	durative	betrifft		wikipedia
Ortsteile sind Pluwig , Wilzenburg , Willmerich , Geizenburg und Pluwigerhammer mit dem ehemaligen Bahnhof Pluwig .	state	durative	sind		wikipedia
In Gällivare erreichte er in dem Einzel - Weltcuprennen über 15 km auf Anhieb wieder eine Top-10 - Platzierung .	telic	punctual	erreichte		wikipedia
Weiterhin soll die Behörde die Gesetzgebung für zivile australische Weltraumaktivitäten administrieren .	atelic	durative	soll administrieren		wikipedia
Die Gemeinde Filderstadt kritisiert die Sperrung .	atelic	durative	kritisiert		wikipedia
Dieser Achsantrieb ist ein Tadem - Antrieb , dadurch werden die Reibungskräfte optimal ausgenützt .	state	durative	ist		wikipedia
Vic bietet an , das zu klären .	atelic	durative	bietet an		wikipedia
Die Kahlquellen befinden sich an dem Waldrand oberhalb des zu der Gemeinde Kleinkahl gehörenden Ortes Bamberger Mühle ( Kahlmühle ) .	state	durative	befinden sich		wikipedia
Die in den letzten Jahrzehnten gewachsenen gesunden Bäume konnten erhalten und in das Parkkonzept übernommen werden .	telic	durative	konnten		wikipedia
Daneben unterrichtete Higgins auch Jazz an der University of California .	telic	durative	unterrichtete		wikipedia
 Carpinus omeiensis  blüht von Mai bis Juni , die Früchte reifen von Juli bis August .	state	durative	blüht		wikipedia
"Unter dem Label MCA veröffentlichten sie 2002 das zweite Album "" Blazing Arrow "" ."	telic	punctual	veröffentlichten		wikipedia
Eines der Hauptprobleme bei der Umsetzung von Schutzmaßnahmen ist das negative Image der Tiere .	state	durative	ist		wikipedia
Daher wurde der Kreis nur durch die Bundesstraße 31 und mehrere Kreisstraßen erschlossen .	telic	durative	wurde erschlossen		wikipedia
Der Bahnhof Wiedenest war ein Bahnhof an der Bahnstrecke Siegburg – Olpe .	state	durative	war		wikipedia
Der promovierte Betriebswirtschaftler betreibt seit 1990 in Frankfurt an dem Main eine Unternehmensberatung .	atelic	durative	betreibt		wikipedia
Ab 1841 bezeichnete man als Redif Soldaten , die nach ihrer regulären Dienstzeit weitere sieben Jahre in der Reserve standen .	telic	durative	bezeichnete		wikipedia
Dies hatte jedoch keine Auswirkungen an die Teilnahme Zyperns an der Telefonabstimmung .	state	durative	hatte		wikipedia
Werner Fohrer Werner Fohrer ( * 1947 in Esslingen ) ist ein deutscher neorealistischer Maler .	state	durative	ist		wikipedia
In dem Februar 1867 kam er in den Reichstag ( Norddeutscher Bund ) und das Zollparlament an .	telic	punctual	kam		wikipedia
Bei den Leichtathletik - Halleneuropameisterschaften gewann sie in der 4-mal-400 - Meter - Staffel 1971 Bronze und über 800 m 1972 Bronze .	telic	punctual	gewann		wikipedia
Diese räumliche Teilung ist durch die blaue Wellenleiste wiedergegeben , die den Schild räumlich unterteilt .	state	durative	ist		wikipedia
Damit wird eine Flexibilität erreicht , die es erlaubt , eine individuell auf die jeweilige Ausstellung zugeschnittene Architektur zu entwickeln .	atelic	durative	wird erreicht		wikipedia
Dies hatte Umweltbeeinflussungen und Wasserknappheit in der Gegend von Seoul zu der Folge	state	durative	hatte		wikipedia
Seit 1876 versuchte das Land , sich durch Aufstände aus dem Herrschaftsbereich der Osmanen zu lösen .	atelic	durative	versuchte		wikipedia
Er erzielte mit Roman Molwistow einen siebenten und zwei neunte Plätze und damit in dem Gesamtweltcup Rang zwölf .	telic	punctual	erzielte		wikipedia
Croix , wurde eine große Zahl an Sklaven ( auch in Athen ) in der Landwirtschaft eingesetzt , die schließlich der wichtigste Wirtschaftszweig war .	telic	durative	wurde eingesetzt		wikipedia
Barkevelde wurde erstmals in dem Jahre 952 urkundlich erwähnt .	telic	punctual	wurde erwähnt		wikipedia
Die Nachbargemeinden in der Ebene sind ( von West nach Ost ) Koropi , Peania und Spata - Artemida .	state	durative	sind		wikipedia
Die Vergabe der Bauarbeiten des Abstellbahnhofs ist für das 1 . Quartal 2020 vorgesehen ( Stand : Mai 2018 ) .	atelic	durative	ist vorgesehen		wikipedia
Hansen machte 1980 in Tallinn Abitur und studierte anschließend in dem Fernstudium an der Universität Tartu estnische Philologie .	telic	durative	machte		wikipedia
"Amphoe Nong Kung Si Amphoe Nong Kung Si ( Thai : ) ist ein Landkreis "" ( Amphoe – Verwaltungs - Distrikt ) "" der Provinz Kalasin ."	state	durative	ist		wikipedia
An dem 1. Juli 1950 wurde die bis dahin eigenständige Gemeinde Grimschleben eingegliedert .	telic	punctual	wurde eingegliedert		wikipedia
Der Entwurf für die Lehrgerüstkonstruktion stammte von dem Schweizer Zimmermeister Richard Coray .	telic	punctual	stammte	could be durative	wikipedia
2009 musste das Ruinenensemble wegen Einsturzgefahr für die Öffentlichkeit gesperrt werden .	telic	durative	musste gesperrt werden		wikipedia
Es ist eines der erfolgreichsten Schutzgebiete für Nashörner in Kenia .	state	durative	ist		wikipedia
"Die operative Steuerung und Kommunikation zwischen den beteiligten Stellen läuft über eine ( physische oder elektronische ) "" Pendelkarte "" ."	state	durative	läuft		wikipedia
Der Angriff blieb der letzte ernsthafte Versuch der Konföderierten , die Belagerung von Petersburg zu beenden .	telic	punctual	blieb	telic state maybe	wikipedia
Die Auflösung wird ( ohne Beleg ) auf 1396 datiert .	telic	punctual	wird datiert		wikipedia
Seinen Namen Hélian nahm er bei seinem ersten Engagement in dem Orchester von Roland Dorsay an .	telic	punctual	nahm an		wikipedia
Nachdem er Mickeys neues Versteck ausfindig gemacht hat , trifft er ihn dort mit seiner Tochter an .	telic	durative	ausfindig gemacht hat		wikipedia
Er förderte Freizeitaktivitäten und Kabarett in dem Lager .	telic	durative	förderte		wikipedia
"Sein Werk "" Einführung in die Baustatik "" war langjähriges Standardwerk für die Ausbildung an den Hochschulen ."	state	durative	war		wikipedia
Erhalten sind noch die Strebepfeiler an der Ostseite zwischen zwei Fenstern und axial an den Ecken .	state	durative	erhalten sind		wikipedia
Die Delegierten des in Berlin tagenden V. Parteitages ( 1. – 3 . November 1920 ) bestätigten die bisherige Zentrale .	telic	punctual	bestätigten		wikipedia
"Wichmannshausen galt wegen seines enormen Wissens als das "" lebendige Archiv "" des Oberbergamtes ."	state	durative	galt		wikipedia
Seit dem Jahr 2000 ist er Redakteur der Kleinen Zeitung und lebt mit seiner Familie in der Nähe von Graz .	state	durative	ist		wikipedia
In Berlin war er fünf Jahre lang Hauslehrer bei dem Oberlandesältesten Jacob Moses .	state	durative	war		wikipedia
1864 zog er nach Ellenville und ging Bauholzgeschäften nach .	telic	durative	zog		wikipedia
Sie war eine lose Vereinigung , die 1784 mit Genehmigung des Kaisers Joseph II .	state	durative	war		wikipedia
Er liegt im nördlichen Bereich der Fundelkopf - Gruppe .	state	durative	liegt		wikipedia
In dem Jahr 1968 folgte die Empfehlung der Fachkommission , es solle die erste Bauetppe baldmöglichst begonnen werden.	telic	punctual	folgte		wikipedia
"Mit "" Corridors of Power "" erlebte Moore seinen kommerziellen Durchbruch ."	telic	punctual	erlebte		wikipedia
1863 erhielt er einen neuen Ruf der Hannoveraner Tierarzneischule .	telic	punctual	erhielt		wikipedia
"Williams war mehrmals in der amerikanischen Talkshow "" The Talk "" als Co - Moderatorin zu sehen ."	state	durative	war zu sehen		wikipedia
" Sholinghur  oder "" Sholingur "" ist die anglisierte Schreibweise des tamilischen Namens "" Solingar "" ( auch "" Sholingar "" oder "" Cholingar "" ) ."	state	durative	ist		wikipedia
Er trat jedoch wegen der Erkrankung seiner Ehefrau aus der Mannschaft aus und wurde durch Scully - Power ersetzt .	telic	punctual	trat aus		wikipedia
Nach Heinrich Barth stammt das Minarett aus dem Jahr 1844 .	state	durative	stammt		wikipedia
Nachdem auch diese schnell ausverkauft waren , wurden noch drei weitere Zusatzkonzerte an dem 28. , 29. und 31 . Januar eingelegt .	state	durative	ausverkauft waren		wikipedia
Seine Bühnenphilospophie beschreibt Peter Wagner mit „ Theater an dem Ort “ .	atelic	durative	beschreibt		wikipedia
Sie dienen der Wasserregulierung von insgesamt ca . 195 km ² Binnenland .	state	durative	dienen		wikipedia
2000 blieb sie als Siegerin des Prag - Marathons das erste Mal unter 2:30 Stunden bei einem Marathonlauf .	telic	punctual	blieb	could be a state	wikipedia
Sein Hauptinteresse galt dem Studium der antiken Religionen , insbesondere der orientalischen Kulte in dem Römischen Reich .	telic	durative	galt		wikipedia
Mit Otto Freytag ( 1888–1980 ) lebte sie ab ca . 1934 zusammen .	state	durative	lebte		wikipedia
Von dem Missale ist kein einziges Exemplar vollständig erhalten , es sind aber fünfzehn unvollständige Exemplare bekannt .	state	durative	ist		wikipedia
Zwischen 1811 und 1813 vertrat er den Bundesstaat Pennsylvania in dem US - Repräsentantenhaus .	telic	durative	vertrat		wikipedia
Die DDR - Staatsführung versuchte von der Tradition der Arbeitersportbewegung zu partizipieren .	telic	durative	versuchte		wikipedia
Sawtschenko selbst gibt an , dass sie von den Separatisten gegen ihren Willen an die russischen Behörden übergeben wurde .	atelic	durative	gibt an		wikipedia
Gleichzeitig kamen zwei Gemeinden aus dem großherzoglich hessischen Landgericht Vilbel ( Rödelheim und Niederursel ) zu dem Gerichtsbezirk Homburg dazu .	telic	punctual	kamen dazu		wikipedia
Es kam zu keinem Rettungseinsatz in diesem Zeitraum .	state	durative	kam		wikipedia
Die Wiechquaeskeck hatten zuvor eine 80- köpfige Strafexpedition der Niederländer vernichtet , und diese sahen jetzt eine Gelegenheit zu der Revanche .	telic	durative	hatten vernichtet		wikipedia
Es seien Passagen aus Vircondelets Biografie über Séraphine ohne seine Erlaubnis in das Drehbuch aufgenommen worden .	telic	punctual	seien aufgenommen worden		wikipedia
"Jung bemühte sich , als die Mainzer Universität als "" Lycée superieur "" wiederbelebt werden sollte , eine Berufung Fichtes dorthin durchzusetzen , scheiterte jedoch ."	telic	durative	bemühte		wikipedia
Die Kirche wurde 1823 erbaut .	telic	durative	wurde erbaut		wikipedia
"Als solcher wird die Kette thematisiert in den Filmkomödien "" Wiener Dog Nationals "" von 2013 und "" Wiener Dog Internationals "" von 2014 ."	state	durative	wird thematisiert		wikipedia
Die Semifinali und das Finale werden ebenfalls jeweils Best- of - Five gespielt .	atelic	durative	werden gespielt	could be stative	wikipedia
Das bedeutet , dass wir nicht wissen , ob unsere formale Lösung auch wirklich Lösung unseres Neumannproblems ist .	state	durative	bedeutet		wikipedia
Da Dynamo Dresden 1968 aus der Oberliga abgestiegen war , verzögerte sich Dörners Einstand als Erstligaspieler um ein Jahr .	telic	punctual	abgestiegen war	could be durative	wikipedia
Sie setzte teils moderne Triebwagen des Typs Talent , teils ältere Triebwagenmodelle ein .	telic	durative	setzte ein		wikipedia
Bei Regenwetter bleiben die Blüten geschlossen und gelten daher auch als Wetterpropheten .	state	durative	bleiben		wikipedia
Der Flughafen hat eine rund 2440 Meter lange Start - und Landebahn ( 05/23 ) .	state	durative	hat		wikipedia
Der Flugplatz Tannheim EDMT ist ein deutscher Flugplatz .	state	durative	ist		wikipedia
Daher wurde Tyler bereits in dem September 1841 formell aus der Partei ausgeschlossen .	telic	punctual	wurde ausgeschlossen		wikipedia
Als Synchronsprecherin arbeitete Werner etwa vier Jahre .	telic	durative	arbeitete		wikipedia
Ab 1760 folgte der Bau eines Klosters unmittelbar an die Kirche anschließend , sämtliche Baukosten trug Papst Clemens XIII .	telic	durative	folgte		wikipedia
 Siemens KWU  bot Fürth 1985 eine kostenlose Versuchsanlage zu der Müllverschwelung an .	telic	durative	bot an		wikipedia
Der Flughafen Suvarnabhumi ist von Bangkok aus mit dem Airport Rail Link erreichbar .	state	durative	ist		wikipedia
Die gewonnenen Daten werden auch mit dem Überwachungssystem Sentry ausgewertet .	atelic	durative	werden ausgewertet		wikipedia
Von 1929 bis 1931 war er Mitglied der SAJ und seit 1931 Mitglied des KJVD .	state	durative	war		wikipedia
Laut Stiftung Warentest sollen Zink - Verbindungen der Bildung von Zahnstein vorbeugen .	atelic	durative	sollen vorbeugen		wikipedia
Die bekannteste und älteste Förderaktivität der Wilhelm und Else Heraeus - Stiftung ist die Organisation von wissenschaftlichen Seminaren ( WE - Heraeus - Seminare ) .	state	durative	ist		wikipedia
Sie kommt nur in Korsika vor .	state	durative	kommt vor		wikipedia
In Syrien befanden sich 2011 9 Flüchtlingslager ( davon 3 unoffiziell * ) mit 526.744 registrierten Flüchtlingen .	state	durative	befanden sich		wikipedia
„ Über die Grenzen gehen “ ist ein Anliegen , das sich auch in der Arbeitsweise des Literaturhauses Mattersburg findet .	atelic	durative	gehen		wikipedia
In dem August 1169 unterstützte er Heinrich II .	telic	durative	unterstützte		wikipedia
Der Führungsarm wird weit nach vorne gebracht .	atelic	durative	wird gebracht		wikipedia
In die Basaltsäulen werden oft Gesichter interpretiert , vor allem bei sehr dichtem Nebel .	atelic	durative	werden interpretiert		wikipedia
"1967 verpachtete die Verlegerfamilie Ehrenklau die Zeitung an das Druck - und Pressehaus Brühl in Gießen , die Muttergesellschaft des "" Gießener Anzeiger "" ."	telic	durative	verpachtete		wikipedia
"Größere Handzimbeln "" ( chabara ) "" kommen dort bei buddhistischen Zeremonien zu dem Einsatz ."	atelic	durative	kommen		wikipedia
Huot war Mitglied der Demokratischen Partei .	state	durative	war		wikipedia
In dem Mittelpunkt steht der Rechtsanwalt Owen Marshall aus der kalifornischen Stadt Santa Barbara .	state	durative	steht		wikipedia
Dieser Verstoß gegen das Handelsgesetzbuch wurde aber von dem zuständigen Amtsgericht Halle nicht geahndet .	telic	punctual	wurde geahndet		wikipedia
Das Klima in Krems bildet ein Übergangsklima mit ozeanischen Einflüssen aus dem Westen sowie kontinentalen Einflüssen aus dem Osten .	state	durative	bildet		wikipedia
Nachdem sie 1709/10 renoviert worden war , wurde sie 1745 durch das heute bestehende Gebäude ersetzt .	telic	durative	renoviert worden war		wikipedia
Die Treppenstufen zu dem Chor wurden verbreitert , so dass sich jetzt Chöre besser aufstellen und platzieren können .	telic	durative	wurden verbreitert		wikipedia
"Überdies engagiert sie sich weiterhin in dem Beirat des "" Bündnis für Demokratie und Toleranz "" ."	atelic	durative	engagiert sich		wikipedia
Die nun entstehenden Bauten waren Teil der römischen Reichsarchitektur , die anderen Zielen diente und weiterentwickelte Formen der Gestaltung benutzte .	state	durative	waren		wikipedia
Diese Energie kann man direkt messen , wenn man Ladungen in dem Vakuum , innerhalb eines Metalls oder zwischen zwei Metallpolen bewegt .	state	durative	kann		wikipedia
Bohrer haben nur an ihrer Spitze Schneiden .	state	durative	haben		wikipedia
Die Oschwald Brüder beschlossen , ein eigenes Kamerasystem zu entwickeln , das auf dem Prinzip der optischen Bank beruht .	telic	punctual	beschlossen		wikipedia
Er wird in der römisch - katholischen und der griechisch - orthodoxen Kirche als Heiliger verehrt .	state	durative	wird verehrt		wikipedia
" Equus  selber ging höchstwahrscheinlich aus "" Dinohippus "" hervor , wobei noch Unterscheidungsschwierigkeiten zwischen dieser Gattung und den frühesten modernen Pferden bestehen ."	telic	durative	ging hervor	might be punctual	wikipedia
1862 erreichte eine schwere Pockenepidemie die Klahoose .	telic	durative	erreichte		wikipedia
Anvelt hat aus dem Englischen und Deutschen übersetzt , später auch aus dem Russischen und Lateinischen .	telic	durative	hat übersetzt		wikipedia
1965 wurde Antrag auf staatliche Anerkennung der Beschäftigungstherapeuten auf Bundesebene gestellt .	telic	durative	wurde gestellt		wikipedia
Er startet in der Gewichtsklasse bis 58 Kilogramm .	atelic	durative	startet	also a habitual state	wikipedia
Damit versorgt die Bahn die Hütten an dem Schneeberg .	atelic	durative	versorgt	also a habitual state	wikipedia
Durch ein EEG ( Messung der Gehirnströme ) werden Veränderungen sichtbar gemacht und die Untersuchung zeigt auch ob Krampfanfälle vorliegen .	atelic	durative	werden sichtbar gemacht	also a habitual state	wikipedia
Die Arbeit des HEROLDs - Ausschusses richtet sich nach dem Statut der DWR .	atelic	durative	richtet sich	could also be stative	wikipedia
Neben dem Werk von Franz Gertsch zeigt das Museum auch regelmässig Wechselausstellungen , die ein breites Spektrum zeitgenössischer Kunst vorstellen .	state	durative	zeigt		wikipedia
Die ganze Gemeinde bietet viele Hotels , Pensionen und Campingplätze .	state	durative	bietet		wikipedia
Der schottische Ligapokal , begann an dem 31 . Juli 1999 und endete mit dem Finale an dem 19 .	telic	punctual	begann		wikipedia
Die Leere großer Leinwände und kleinerer Papierformate wurde in flüssig - handschriftlichem Gestus mit Linien überzogen .	telic	durative	wurde überzogen		wikipedia
" Wünsch DIR was  wurde in dem Sommer 1993 von dem Album "" Kauf MICH "" als Single ausgekoppelt ."	telic	punctual	wurde ausgekoppelt		wikipedia
Dazu zählen Kaffeekapseln , Verpackungen für Tee , Pharmaerzeugnisse , Haustierfutter , Molkereiprodukte und andere Lebensmittel .	state	durative	zählen		wikipedia
Geschrieben wurde das Werk zwischen Januar und Juni 1916 .	telic	durative	geschrieben wurde		wikipedia
Auf der Bahn belegte er Platz sechs in dem Zweier - Mannschaftsfahren ( mit Robert Kessler ) und Platz sieben in der Einerverfolgung .	telic	punctual	durative		wikipedia
Das restaurierte Gebäude ist zu einem Museum umfunktioniert worden .	state	durative	ist		wikipedia
In dem Jahre 1785 wurde zusammen mit dem Kaplanat auch eine Dorfschule errichtet .	telic	durative	wurde errichtet		wikipedia
Bauch und Steiß sind verwaschen hellblau .	state	durative	sind		wikipedia
Für die Einführung des mehrfach verschobenen neuen Preissystems sollte Kurs 90 durch ein neues Vertriebssystem ersetzt werden .	atelic	durative	sollte ersetzt werden		wikipedia
Die KD wird von 43 freiberuflichen Verkaufsagenturen entlang der Fahrtstrecke unterstützt .	state	durative	wird unterstützt		wikipedia
"Bis 1999 führten "" Sasha Waltz & Guests "" alle ihre produzierten Stücke in den Sophiensälen auf ."	telic	durative	führten auf		wikipedia
Die Bar war die wichtigste Einkommensquelle an dem Areal .	state	durative	war		wikipedia
"Ein Angreifer bricht die "" Einwegeigenschaft "" eines Verschlüsselungsverfahrens , wenn er zu einem beliebigen Chiffrat den zugehörigen Klartext bestimmen kann ."	atelic	durative	bricht		wikipedia
Fritzsche war von 2011 bis 2016 Geschäftsführerin der Linksfraktion in dem Bezirk Harburg .	state	durative	war		wikipedia
Die Japan Super Series 2009 waren das achte Turnier der BWF Super Series 2009 in dem Badminton .	state	durative	waren		wikipedia
Friedrich und die junge Frau finden schnell Gefallen aneinander und bald verbindet sie ein inniges Verhältnis .	atelic	durative	finden gefallen		wikipedia
Das Klima ist tropisch - monsunal .	state	durative	ist		wikipedia
Es gibt Berichte über einzelgängerische Tiere , über stabile Paarbindungen und über das Zusammenleben in Gruppen .	state	durative	gibt		wikipedia
Dabei mussten die Alliierten sich der vorhandenen Rundfunk - Infrastruktur bedienen , wobei sich die Besatzungszonen und alte deutsche Strukturen überlagerten .	telic	durative	mussten sich bedienen		wikipedia
An dem 1. April 1971 wurde die bis dahin selbständige Gemeinde Rosenau eingegliedert .	telic	punctual	wurde eingegliedert		wikipedia
Der Buschmannhase wird als eigenständige Art und monotypische Gattung den Hasen ( Leporidae ) zugeordnet .	state	durative	wird zugeordnet		wikipedia
Die chaotischen Zustände zu Beginn der Revolution schmälerten den Verkaufserfolg des Buches .	telic	durative	schmälerten		wikipedia
2003 kam er in Dubai durch eine Wildcard zu seinem ersten Auftritt auf der ATP World Tour .	telic	punctual	kam		wikipedia
Grundlage ist die Denkmalliste des Landkreises Saalfeld - Rudolstadt .	state	durative	ist		wikipedia
Unter anderem werden Bachelor of Arts Honours - Studiengänge in Theologie , Theologie und Seelsorge sowie Theologie und Musik angeboten .	state	durative	werden angeboten		wikipedia
Das Reihengrab wird von dem Friedhofsträger nebeneinander in zeitlicher Reihenfolge „ der Reihe nach “ vergeben .	atelic	durative	wird vergeben		wikipedia
Robinow war hauptsächlich als Funktionär bekannt .	state	durative	war bekannt		wikipedia
Sie hat »wie eine Irre die Foto - Modellbücher geklebt « , die alle an andere Theater verschickt wurden .	telic	durative	hat geklebt		wikipedia
Demonstranten schossen mit Steinschleudern , warfen Steine und zündeten Mülltonnen an , damit der entstehende Rauch den des Tränengases verdrängt .	telic	durative	schossen		wikipedia
Die Gemeinde ist nur über Landstraßen an die umliegenden Orte angeschlossen .	state	durative	ist		wikipedia
Bathe gilt als Pionier auf dem Gebiet der Finite - Elemente - Methode .	state	durative	gilt		wikipedia
Wellington House ist ein historisches Gebäude in Jamestown auf der Insel St. Helena .	state	durative	ist		wikipedia
Sırrı Acar und Bobe Dorosiew hatten jeweils 7 Fehlpunkte und gingen leer aus .	state	durative	hatten		wikipedia
Dafür wurden 58 Millionen Euro in dem Dezember 2015 freigegeben .	telic	punctual	wurden freigegeben		wikipedia
Das Unternehmen hat Vertriebs - und Marketingbüros in Jericho , New York .	state	durative	hat		wikipedia
Er trägt einen roten Mantel , seine Gliedmaßen sind durch das Licht modelliert .	state	durative	trägt		wikipedia
Markgraf Georg Wilhelm ließ in Neustädtlein über den Grundmauern eines mittelalterlichen Adelssitzes ein Jagdschlösschen errichten .	telic	durative	ließ errichten		wikipedia
Aber schon während des Baues wurde diese um einen Meter auf 3,75 Meter dachmittig erhöht .	telic	durative	wurde erhöht		wikipedia
1928 gehörte er zu dem Olympiakader der Niederländer .	telic	durative	gehörte		wikipedia
Die Bewohner der Küsten erkannten ihrerseits schnell , an welchen Gütern die Besucher Interesse hatten .	telic	punctual	erkannten		wikipedia
Nach der Vertragsauflösung wechselte Jhonnes nach Lettland zu dem FK Liepājas Metalurgs .	telic	punctual	wechselte		wikipedia
