IMAGE_ID	CAPTION	URL	Class	Subclass	Verb	Comment	Source	Tense
COCO_train2014_000000061844.jpg	eine Person , die Baseball spielt	http://farm9.staticflickr.com/8112/8619856255_c79fd77a69_z.jpg	atelic	durative	spielt		caption
COCO_train2014_000000061849.jpg	zwei gegnerische baseball spieler treffen sich auf einem baseball diamant .	http://farm6.staticflickr.com/5299/5504231402_4f7edf7b14_z.jpg	atelic	punctual	treffen	could be durative	caption
COCO_train2014_000000061850.jpg	beiden Teamkollegen von gegnerischen Mannschaften spielen Baseball .	http://farm6.staticflickr.com/5474/9675363659_f4c924c1ca_z.jpg	atelic	durative	spielen		caption
COCO_train2014_000000061852.jpg	Oberliga Basketball Spiel mit Spieler von Pittsburgh Pirates gehen durch die Heimat	http://farm9.staticflickr.com/8356/8312292446_1b8aa62c49_z.jpg	atelic	durative	gehen	not quite grammatical	caption
COCO_train2014_000000061854.jpg	Ein Baseball spieler rennt nach Hause während der Fenger  weg geht	http://farm6.staticflickr.com/5029/5762079843_dc79be5e11_z.jpg	atelic	durative	rennt	jfc, should be spelled Fänger not Fenger....	caption
COCO_train2014_000000061865.jpg	Eine Katze  ruht ihre Pfote auf einer Computermaus aus .	http://farm1.staticflickr.com/49/108115485_e2f337c853_z.jpg	atelic	durative	ruht aus		caption
COCO_train2014_000000061867.jpg	eine Katze mit ihren Pfoten auf einer Computer-Maus	http://farm5.staticflickr.com/4126/4832934881_2316a99d10_z.jpg	error	error	none	"no verb - caption doesnt contain a verb (the obvious choice of a form of ""be"" is omitted); sentence is stative"	caption
COCO_train2014_000000061877.jpg	ein Tier hat seine Pfoten oben auf einem elektronischen Gerät .	http://farm4.staticflickr.com/3196/2689841800_a02a1c548e_z.jpg	state	durative	hat		caption
COCO_train2014_000000061881.jpg	ein Mann berührt die Computer Maus mit seiner Tatze	http://farm1.staticflickr.com/93/228100836_8e22362b83_z.jpg	atelic	punctual	berührt	could be durative	caption
COCO_train2014_000000061892.jpg	Eine Katze spielt mit seinen Pfoten an einer Computer-Maus auf einem Schreibtisch .	http://farm4.staticflickr.com/3765/9965422883_5d071fbdf9_z.jpg	atelic	durative	spielt		caption
COCO_train2014_000000061895.jpg	Ein Vogelschwarm fliegt über ein große See	http://farm1.staticflickr.com/146/371896331_64aac3f377_z.jpg	atelic	durative	fliegt		caption
COCO_train2014_000000061904.jpg	Eine sehr große Gruppe von Vögeln , die zusammen herumfliegen .	http://farm1.staticflickr.com/227/508520293_88c51af4f5_z.jpg	atelic	durative	herumfliegen	"compound verb, root ""fliegen"""	caption
COCO_train2014_000000061911.jpg	Vogelschwarm Das Starten von Wasser in der Nähe von langen Pier am offenen Meer .	http://farm1.staticflickr.com/101/260844137_fdba23c69e_z.jpg	error	error	none	does not make sense	caption
COCO_train2014_000000061918.jpg	Es fliegen viele Vögel zusammen in einem Schwarm über das Wasser .	http://farm5.staticflickr.com/4035/4714634456_91090070d2_z.jpg	atelic	durative	fliegen		caption
COCO_train2014_000000061919.jpg	ein Haufen Vögel , nahe dem Wasser herumfliegend	http://farm5.staticflickr.com/4119/4942426799_cb86c916f9_z.jpg	atelic	durative	herumfliegend	"compound verb, root ""fliegen"""	caption
COCO_train2014_000000061936.jpg	ein Soldat hält etwas für einen jungen Bären	http://farm4.staticflickr.com/3310/5839459084_3663873f19_z.jpg	atelic	durative	hält		caption
COCO_train2014_000000061945.jpg	ein Mann hält einem Bären Essen entgegen .	http://farm1.staticflickr.com/73/177102530_8bb53d0e68_z.jpg	atelic	durative	hält		caption
COCO_train2014_000000061946.jpg	Schwarz-Weiß-Foto eines Offiziers bietet ein Element zum hinsetzen	http://farm5.staticflickr.com/4028/4529524150_46d68c7bd5_z.jpg	error	error	none	does not make sense	caption
COCO_train2014_000000061949.jpg	ein Bär auf seinem hinteren Ende sitzt in einem gestellten Foto .	http://farm7.staticflickr.com/6133/5983047952_17b2e346ea_z.jpg	atelic	durative	sitzt		caption
COCO_train2014_000000061951.jpg	ein Männer streckt seinen Arm nahe einem sitzenden Bären aus .	http://farm8.staticflickr.com/7153/6802984869_29f0598f49_z.jpg	atelic	punctual	streckt		caption
COCO_train2014_000000061966.jpg	ein Tisch mit einer Schüssel Suppe und einer Flasche Wasser	http://farm8.staticflickr.com/7158/6837184261_838fbfa576_z.jpg	error	error	none	"no verb in the sentence - the right form for ""be"" is omitted; sentence is stative"	caption
COCO_train2014_000000061982.jpg	eine Tabelle , die eine Schüssel des Lebensmittels und der Flasche Wassers hat	http://farm4.staticflickr.com/3072/2551218906_f4cb8d3793_z.jpg	state	durative	hat		caption
COCO_train2014_000000061992.jpg	Eine Nahaufnahme von einer Schüssel von Lebensmitteln mit Brokkoli .	http://farm9.staticflickr.com/8111/8584724496_bc3c0d2385_z.jpg	error	error	none	no verb; sentence is stative	caption
COCO_train2014_000000062017.jpg	Eine Schüssel Gemüsebrühe , mit Fritten und einer Flasche Wasser daneben .	http://farm5.staticflickr.com/4121/4883629949_dc81e20b50_z.jpg	error	error	none	no verb; sentence is stative	caption
COCO_train2014_000000062029.jpg	eine Schüssel Suppe sitzend nahe bei einer Platte von Fischrogen .	http://farm4.staticflickr.com/3246/2618379655_2664413d01_z.jpg	atelic	durative	sitzend		caption
COCO_train2014_000000062030.jpg	der schwarzgekleidete mann fährt auf einem snowboard in dem eisigen gebiet .	http://farm4.staticflickr.com/3242/2756257243_5c7de14abf_z.jpg	atelic	durative	fährt		caption
COCO_train2014_000000062031.jpg	Ein Mann fährt auf dem Snowboard den Hügel runter .	http://farm6.staticflickr.com/5214/5456747681_da9dd8d8be_z.jpg	atelic	durative	fährt		caption
COCO_train2014_000000062038.jpg	Ein junger Mann Snowboarden einen Hügel hinunter in Zick-Zack .	http://farm3.staticflickr.com/2634/3836063734_3e1623b48d_z.jpg	atelic	durative	snowboarden		caption
COCO_train2014_000000062046.jpg	Ein Snowboarder lächelt und gleitet den Hügel herunter .	http://farm9.staticflickr.com/8523/8617910772_78501854cc_z.jpg	atelic	durative	lächelt		caption
COCO_train2014_000000062048.jpg	Ein junger Mann beugt sich beim snowboarden den Berg hinunter	http://farm4.staticflickr.com/3481/3811644335_f764bb3144_z.jpg	atelic	punctual	beugt		caption
COCO_train2014_000000062053.jpg	Eine Gruppe von Zebras Mühle herum in kurzen Gras .	http://farm1.staticflickr.com/31/42424196_3c1d239663_z.jpg	error	error	none	no verb; sentence is stative	caption
COCO_train2014_000000062057.jpg	eine Gruppe von Zebra zu Fuß auf einem grasartigen Gebiet	http://farm9.staticflickr.com/8258/8633304255_df5bcc61a9_z.jpg	error	error	none	no verb; sentence is stative	caption
COCO_train2014_000000062067.jpg	Eine Gruppe von Zebras , bewegt sich in einem dicht grünen Feld .	http://farm4.staticflickr.com/3704/9606147508_2d6189e579_z.jpg	atelic	durative	bewegt		caption
COCO_train2014_000000062075.jpg	Vielfache Zebras , einschließlich eines Babys ein , durch das Gras spazieren gehend .	http://farm5.staticflickr.com/4100/4828152186_a72cff0a0c_z.jpg	atelic	durative	spazieren gehend		caption
COCO_train2014_000000062127.jpg	vier Zebras grasen auf einem Grasfeld	http://farm9.staticflickr.com/8532/8458984227_051d3d96cf_z.jpg	atelic	durative	grasen		caption
COCO_train2014_000000062128.jpg	Drei Frau spielen mit Wii-Fernbedienungen in einem Konferenzraum .	http://farm4.staticflickr.com/3244/2307191143_cf08307bef_z.jpg	atelic	durative	spielen		caption
COCO_train2014_000000062129.jpg	Drei Leute stehen in einem großen Raum und spielen Nintendo Wii .	http://farm9.staticflickr.com/8192/8088619243_de32374584_z.jpg	atelic	durative	stehen		caption
COCO_train2014_000000062131.jpg	Drei Frauen spielen ein Videospiel vor Zuschauern .	http://farm5.staticflickr.com/4122/4822240128_c5a05abdf8_z.jpg	atelic	durative	spielen		caption
COCO_train2014_000000062132.jpg	Ein Trio von Frauen spielen die Nintendo Wii in einem Ausstellungsraum .	http://farm6.staticflickr.com/5030/5696343872_38e3bc48fa_z.jpg	atelic	durative	spielen		caption
COCO_train2014_000000062160.jpg	Zwei Frauen , die gelehrt werden , um wii auf einer Party zu spielen .	http://farm6.staticflickr.com/5499/9886395945_3008cfc64a_z.jpg	atelic	durative	gelehrt werden	passive and slightly ungrammatical	caption
COCO_train2014_000000062173.jpg	Eine Person liegt auf einem Bett mit den Füssen nach oben .	http://farm3.staticflickr.com/2596/4199506230_dae0c4af23_z.jpg	atelic	durative	liegt		caption
COCO_train2014_000000062175.jpg	ein Paar Fußrest auf einem gut gemachten Bett .	http://farm1.staticflickr.com/157/407391872_e379e7a5ba_z.jpg	telic	durative	gut gemachten		caption
COCO_train2014_000000062193.jpg	Ein Bett mit zwei Kissen und Beine einer Frau mit Schuhen auf dem Bett .	http://farm1.staticflickr.com/101/284232801_604f53d25e_z.jpg	error	error	none	no verb; sentence is stative	caption
COCO_train2014_000000062195.jpg	Eine Person liegt auf einem Bett neber roten Kissen .	http://farm9.staticflickr.com/8234/8355679622_5da7195539_z.jpg	atelic	durative	liegt		caption
COCO_train2014_000000062203.jpg	Das ist ein Bild von einem Fuß einer Person , die mit einem Kissen auf dem Bett liegt .	http://farm4.staticflickr.com/3195/3088313531_431cc05658_z.jpg	state	durative	ist		caption
COCO_train2014_000000062204.jpg	Eine Glatze Geschäftsmann lächelt halbherzig in die Kamera .	http://farm6.staticflickr.com/5349/10043493414_c5e9293602_z.jpg	atelic	durative	lächelt		caption
COCO_train2014_000000062209.jpg	Der Mann trägt einen Anzug und steht in einem Büro .	http://farm4.staticflickr.com/3123/2918292489_03268c0641_z.jpg	state	durative	trägt einen Anzug	"could be atelic, though a state makes more sense in this context (""wears a suit"") imho"	caption
COCO_train2014_000000062216.jpg	ein Mann im Anzug steht in einem Büro	http://farm9.staticflickr.com/8407/8704577636_ec50b229fe_z.jpg	atelic	durative	steht		caption
COCO_train2014_000000062219.jpg	mann im anzug macht foto im büro	http://farm3.staticflickr.com/2171/2081098341_5040019c7b_z.jpg	atelic	durative	macht		caption
COCO_train2014_000000062225.jpg	Ein Geschäftsmann posiert für ein Foto im Geschäftsbüro .	http://farm6.staticflickr.com/5221/5594142907_530393db38_z.jpg	atelic	durative	posiert		caption
COCO_train2014_000000062226.jpg	Ein Mann eine Welle zu reiten auf einem Surfbrett in den Ozean .	http://farm6.staticflickr.com/5259/5452582274_47f9a48195_z.jpg	atelic	durative	reiten	_very_ ungrammatical	caption
COCO_train2014_000000062231.jpg	eine Person im Taucheranzug surft mit dem Surfboard auf einer Welle	http://farm1.staticflickr.com/232/449206277_e57022cfd5_z.jpg	atelic	durative	surft		caption
COCO_train2014_000000062233.jpg	Diese Welle sieht nicht besonders anspruchsvoll aus für einen Surfer .	http://farm4.staticflickr.com/3226/3145996640_29f0c067e9_z.jpg	state	durative	sieht		caption
COCO_train2014_000000062237.jpg	ein Surfer surft unten einige Wellen .	http://farm5.staticflickr.com/4046/4331621463_3156751994_z.jpg	atelic	durative	surft		caption
COCO_train2014_000000062245.jpg	eine Person auf einem Skate-Board Reitet eine kleine Welle im Ozean .	http://farm6.staticflickr.com/5253/5522685643_8dc91dc628_z.jpg	atelic	durative	reitet		caption
COCO_train2014_000000062246.jpg	Ein rotes Motorrad parkt in einer Ladezone .	http://farm9.staticflickr.com/8238/8529027133_f57e45f889_z.jpg	state	durative	parkt	difficult - could also be atelic	caption
COCO_train2014_000000062257.jpg	ein sehr schön aussehendes Motorrad steht neben einem Auto auf einem Parkplatz	http://farm4.staticflickr.com/3269/2614868834_32c15ec931_z.jpg	state	durative	steht		caption
COCO_train2014_000000062261.jpg	ein rotes Motorrad geparkt neben einem Auto	http://farm1.staticflickr.com/171/418725212_baa7da3501_z.jpg	state	durative	geparkt		caption
COCO_train2014_000000062263.jpg	Ein Motorrad ist in einer Parklücke geparkt .	http://farm9.staticflickr.com/8323/8094877139_d2eb4640e5_z.jpg	state	durative	ist geparkt		caption
COCO_train2014_000000062272.jpg	Ein rotes Motorrad wird vor einem Auto geparkt .	http://farm8.staticflickr.com/7067/6901140792_e91f12583f_z.jpg	atelic	durative	wird geparkt		caption
COCO_train2014_000000062276.jpg	Kleines Wohnzimmer mit einem grossen Gemälde an der Wand .	http://farm1.staticflickr.com/87/255694757_788fbeb60f_z.jpg	error	error	none	no verb; stative	caption
COCO_train2014_000000062279.jpg	ein Wohnzimmer mit einem farbenfrohen orientalischen Teppich .	http://farm8.staticflickr.com/7099/7183134655_5cc311fa4a_z.jpg	error	error	none	no verb; stative	caption
COCO_train2014_000000062292.jpg	Ein Wohnzimmer hat Sofas , Stühle und einen Fernsehtisch .	http://farm5.staticflickr.com/4112/4983234328_749624041e_z.jpg	state	durative	hat		caption
COCO_train2014_000000062293.jpg	Ein Wohnbereich mit bemerkenswerten , Stuhl , Hocker und Fernseher .	http://farm9.staticflickr.com/8243/8457886921_5200e8e0f7_z.jpg	error	error	none	no verb; stative	caption
COCO_train2014_000000062295.jpg	Ein Wohnzimmer mit Couch , Sessel , TV und einem orientalischen Teppich .	http://farm6.staticflickr.com/5127/5327079443_55c91f8469_z.jpg	error	error	none	no verb; stative	caption
COCO_train2014_000000062301.jpg	ein Mann mit einer blauen Krawatte schaut nachdenklich in den Wald .	http://farm6.staticflickr.com/5159/5895697245_29b5516339_z.jpg	atelic	durative	schaut		caption
COCO_train2014_000000062307.jpg	Der junge Junge sitzt in dem grünen Bereich und trägt eine blaue Krawatte .	http://farm6.staticflickr.com/5166/5228380827_30ce61f4e4_z.jpg	atelic	durative	sitzt		caption
COCO_train2014_000000062313.jpg	ein Mann posiert für ein Bild , seine Faust unter seinem Kinn ruhend .	http://farm8.staticflickr.com/7437/9562666183_d0639b8d92_z.jpg	atelic	durative	posiert		caption
COCO_train2014_000000062324.jpg	ein Mann mit einer blauen Fliege posiert vor einer Kamera .	http://farm9.staticflickr.com/8053/8105773371_056c968cd5_z.jpg	atelic	durative	posiert		caption
COCO_train2014_000000062329.jpg	ein junger Mann , trägt ein schwarzes Hemd und blauer Krawatte vor einem Wald .	http://farm6.staticflickr.com/5526/9859821125_28ff387cce_z.jpg	state	durative	trägt ein schwarzes Hemd		caption
COCO_train2014_000000062336.jpg	Im Zoo ist eine sehr Große Giraffe	http://farm5.staticflickr.com/4112/4983800414_24ef38ecf8_z.jpg	state	durative	ist		caption
COCO_train2014_000000062337.jpg	Eine Giraffe steht im Gras neben Ziegelsteinen .	http://farm4.staticflickr.com/3492/4081493646_2b757da137_z.jpg	state	durative	steht		caption
COCO_train2014_000000062344.jpg	Eine kleine Giraffe	http://farm3.staticflickr.com/2801/4541303923_2e76490cf0_z.jpg	error	error	none	no verb; stative	caption
COCO_train2014_000000062348.jpg	Eine Giraffe steht draußen bei einer Wand .	http://farm6.staticflickr.com/5469/8778564358_82af860ca5_z.jpg	state	durative	steht		caption
COCO_train2014_000000062350.jpg	eine Giraffe steht im Gras neben einer Steinwand .	http://farm9.staticflickr.com/8530/8467050618_54a349b15b_z.jpg	state	durative	steht		caption
COCO_train2014_000000062351.jpg	eine Toilette mit Urinal neben einem WC .	http://farm8.staticflickr.com/7283/9283345845_70f5e0bba6_z.jpg	error	error	none	no verb; stative	caption
COCO_train2014_000000062357.jpg	Ein Badezimmer hat gemusterte Wände , ein Urinal und eine Toilette .	http://farm8.staticflickr.com/7281/9473744347_acaabc0902_z.jpg	state	durative	hat		caption
COCO_train2014_000000062376.jpg	das kleine Bad hat eine Toilette und ein Urinal .	http://farm1.staticflickr.com/22/27995066_0f04960da9_z.jpg	state	durative	hat		caption
COCO_train2014_000000062386.jpg	Innenfoto der Herrentoilette eines Restaurants .	http://farm1.staticflickr.com/90/230690491_3ae8381023_z.jpg	error	error	none	no verb; stative	caption
COCO_train2014_000000062387.jpg	ein kleiner öffentlicher Warteraum mit weißer Toilette und Urinal .	http://farm4.staticflickr.com/3248/2520356690_36609b3795_z.jpg	error	error	none	no verb; stative	caption
COCO_train2014_000000062389.jpg	ein Pfosten , der ein Bündel Schilder trägt .	http://farm1.staticflickr.com/83/281521817_6b52b32ee1_z.jpg	error	error	none	no verb; stative	caption
COCO_train2014_000000062390.jpg	Während der Nachtzeit steht ein Auto in einer asiatischen Stadt an einer roten Ampel .	http://farm9.staticflickr.com/8494/8287300384_de2f861d11_z.jpg	state	durative	steht		caption
COCO_train2014_000000062392.jpg	Außenschilderund vier und der Kennzeichnung auf Stadt während der Nacht	http://farm4.staticflickr.com/3320/3628546708_64928dcf12_z.jpg	error	error	none	no verb; stative	caption
COCO_train2014_000000062395.jpg	Ein Taxi hält in Asien bei rotem Licht an .	http://farm3.staticflickr.com/2711/4496574746_f6ea7636e8_z.jpg	atelic	durative	hält an		caption
COCO_train2014_000000062397.jpg	Autos fahren hinunter eine Stadtstraße in der Nacht .	http://farm7.staticflickr.com/6105/6271888450_29f955196d_z.jpg	atelic	durative	fahren		caption
COCO_train2014_000000062412.jpg	Ein Stofftier sitzt auf einem Teller neben einem Sandwich .	http://farm5.staticflickr.com/4147/4988501375_1c704903df_z.jpg	state	durative	sitzt		caption
COCO_train2014_000000062420.jpg	Ein halbes Sandwich auf einem Teller , neben dem sich ein kleines Kuscheltier befindet .	http://farm7.staticflickr.com/6078/6147846228_0ece2be181_z.jpg	state	durative	befindet		caption
COCO_train2014_000000062426.jpg	ein Teddybär , der nahe bei einem Sandwich sitzt , halbieren auf einer Platte .	http://farm3.staticflickr.com/2592/4057996751_473d2de7ae_z.jpg	state	durative	sitzt		caption
COCO_train2014_000000062427.jpg	ein teller , der ein halbes erdnussbutter und gelee brötchen und ein kleines mit lamm gestopftes tier hat .	http://farm9.staticflickr.com/8482/8213942754_ce4953990b_z.jpg	state	durative	hat		caption
COCO_train2014_000000062440.jpg	winziges ausgestopftes Tierspielzeug und ein halb Erdnussbutter- , halb Gelee-Sandwich auf einem Teller .	http://farm3.staticflickr.com/2802/4557740884_6b17d2f87f_z.jpg	error	error	none	no verb; stative	caption
COCO_train2014_000000062442.jpg	Ein Vogel hat sich auf einen Bananenbaum mit vielen Blättern niedergelassen .	http://farm6.staticflickr.com/5004/5343473632_c152b7a4fe_z.jpg	telic	punctual	hat sich niedergelassen		caption
COCO_train2014_000000062446.jpg	Ein sehr üppig grünaussehender Baum mit Bananen darauf .	http://farm7.staticflickr.com/6119/6249291059_a0f5045f07_z.jpg	error	error	none	no verb; stative	caption
COCO_train2014_000000062455.jpg	Bananen wachsen an einem Baum in dem Dschungel .	http://farm4.staticflickr.com/3092/2554824438_f45ab8987c_z.jpg	atelic	durative	wachsen		caption
COCO_train2014_000000062464.jpg	unreife Bananen auf einem Baum in einem Wald .	http://farm7.staticflickr.com/6063/6086195145_ec93a82fb5_z.jpg	error	error	none	no verb; stative	caption
COCO_train2014_000000062468.jpg	Ein großes grünes Blatt hängt vom Baum .	http://farm8.staticflickr.com/7105/7312007262_34771b7041_z.jpg	state	durative	hängt		caption
COCO_train2014_000000062472.jpg	Einige Vespas fahren eine Gasse entlang .	http://farm8.staticflickr.com/7003/6421501105_9288137212_z.jpg	atelic	durative	fahren		caption
COCO_train2014_000000062477.jpg	Eine Gruppe von Menschen fährt durch eine schmale Strasse auf Rollern .	http://farm2.staticflickr.com/1337/688984106_5d5638670d_z.jpg	atelic	durative	fährt		caption
COCO_train2014_000000062478.jpg	Leute stehen und fahren eine Gasse mit Mopeds entlang	http://farm8.staticflickr.com/7028/6677357571_dff0203643_z.jpg	state	durative	stehen		caption
COCO_train2014_000000062480.jpg	Männer die einen belebten städtischen Einkaufsbezirk entlangfahren .	http://farm1.staticflickr.com/202/488210307_56f56f12eb_z.jpg	atelic	durative	entlangfahren	compound verb; root is fahren	caption
COCO_train2014_000000062481.jpg	eine Reihe Radfahrer bahnen sich ihren Weg durch die enge Straße , durch Gebäude und Fußgänger hindurch .	http://farm3.staticflickr.com/2504/3820466396_dd259fc3af_z.jpg	atelic	durative	bahnen		caption
COCO_train2014_000000062531.jpg	Statue einer Frau Reinigung eines Spielzeug WC .	http://farm9.staticflickr.com/8524/8594508328_07288d9e5e_z.jpg	error	error	none	seems like 2 captions got merged	caption
COCO_train2014_000000062541.jpg	eine Puppe von einer Magd Reinigung ein Holzspielzeug WC .	http://farm5.staticflickr.com/4111/5083030157_b4c6187432_z.jpg	error	error	none	same as above	caption
COCO_train2014_000000062543.jpg	eine braune Toilette und eine Figur in schwarzem Kleid .	http://farm5.staticflickr.com/4090/4982109521_a75b8fa82e_z.jpg	error	error	none	no verb; stative	caption
COCO_train2014_000000062547.jpg	eine Statue einer Frau , Putting etwas in einer Toilette .	http://farm8.staticflickr.com/7160/6717741647_c322f7cf8d_z.jpg	error	error	none	no verb and not grammatical	caption
COCO_train2014_000000062552.jpg	Kleine weibliche Figur steht über ein Spielzeug Toilette .	http://farm5.staticflickr.com/4150/4960216297_90cd40eb1b_z.jpg	state	durative	steht		caption
COCO_train2014_000000062557.jpg	ein Mann mit einem Hut wird mit dem Fahrrad .	http://farm9.staticflickr.com/8409/8708848944_18a812987a_z.jpg	error	error	none	no verb; stative	caption
COCO_train2014_000000062558.jpg	Ein Mann mit dem Fahrrad auf der Straße .	http://farm9.staticflickr.com/8372/8523065748_74458ca149_z.jpg	error	error	none	no verb; stative	caption
COCO_train2014_000000062562.jpg	der Radfahrer trägt einen Strohhut .	http://farm2.staticflickr.com/1092/932257913_8debf27a32_z.jpg	state	durative	trägt		caption
COCO_train2014_000000062574.jpg	Ein Schwarz-Weiß- Foto von einem Mann auf einem Fahrrad .	http://farm4.staticflickr.com/3294/5867458364_8a4ed62d8f_z.jpg	error	error	none	no verb; stative	caption
COCO_train2014_000000062581.jpg	Ein Mann in einem Anzug mit Hut fährt auf einem Fahrrad .	http://farm9.staticflickr.com/8067/8249492907_e08734d0fd_z.jpg	atelic	durative	fährt		caption
COCO_train2014_000000062589.jpg	ein Stadtbus , eine Straße umgeben von hohen Gebäuden entlangfahrend .	http://farm6.staticflickr.com/5255/5411294335_6f012cf5d5_z.jpg	state	durative	umgeben	passive	caption
COCO_train2014_000000062591.jpg	Das ist der Bus der dich zur Hochschule bringt .	http://farm6.staticflickr.com/5445/9448270286_149ea6e84f_z.jpg	state	durative	ist	slightly odd (though perfectly grammatical) sentence for a caption; descriptive	caption
COCO_train2014_000000062604.jpg	ein Bus unterwegs auf dem Weg zum College-Punkt .	http://farm5.staticflickr.com/4014/4385518763_8e99eb56af_z.jpg	atelic	durative	unterwegs		caption
COCO_train2014_000000062608.jpg	ein Stadtbus fährt auf einer vielbefahrenen Straße auf seiner Spur .	http://farm7.staticflickr.com/6198/6080385416_1b168648d5_z.jpg	atelic	durative	fährt		caption
COCO_train2014_000000062613.jpg	Ein Stadtbus an einer leeren Strasse .	http://farm5.staticflickr.com/4084/5173386867_85baef9416_z.jpg	error	error	none	no verb; stative	caption
COCO_train2014_000000062617.jpg	eine giraffe biegt ihren nacken und scheind sich auf etwas zu freuen .	http://farm3.staticflickr.com/2706/4334793726_3a9ca3c7f2_z.jpg	atelic	durative	biegt		caption
COCO_train2014_000000062619.jpg	eine Giraffe , die auf einer Rasenfläche betroffen schaut .	http://farm4.staticflickr.com/3194/3029513642_cb50e829ff_z.jpg	atelic	durative	schaut		caption
COCO_train2014_000000062622.jpg	Die große Giraffe steht vor einem Baum .	http://farm4.staticflickr.com/3076/2554267613_9fa7eed309_z.jpg	state	durative	steht		caption
COCO_train2014_000000062648.jpg	Eine Giraffe schaut über seiner linken , während in einer grasbewachsenen Bereich .	http://farm6.staticflickr.com/5524/9978780803_d339341e48_z.jpg	atelic	durative	schaut		caption
COCO_train2014_000000062652.jpg	eine giraffe steht im Jungel und siehst sich um .	http://farm1.staticflickr.com/29/101982040_d5ebc51e7b_z.jpg	state	durative	steht		caption
COCO_train2014_000000062662.jpg	sechs Frauen machen anzügliche Gesichtsausdrücke und halten dabei Tennisschläger	http://farm7.staticflickr.com/6140/5952418683_d1fe60670c_z.jpg	atelic	durative	machen		caption
COCO_train2014_000000062664.jpg	Sechs kleine Mädchen posieren in einem Feld mit Tennisschlägern .	http://farm8.staticflickr.com/7153/6393944823_e9e8abfb07_z.jpg	atelic	durative	posieren		caption
COCO_train2014_000000062689.jpg	Das ist eine Gruppe von Mädchen , einige mit Tennisschlägern .	http://farm4.staticflickr.com/3232/2949504076_9d6311ddcb_z.jpg	state	durative	ist	descriptive	caption
COCO_train2014_000000062690.jpg	Eine Gruppe von jungen Frauen Schleifen nebeneinander holding Tennisschläger .	http://farm1.staticflickr.com/36/99851719_782ea10c3d_z.jpg	error	error	none	not German	caption
COCO_train2014_000000062691.jpg	Sechs Frauen stehen im Gras mit Tennisschlägern .	http://farm1.staticflickr.com/225/485196564_495a05a896_z.jpg	state	durative	stehen		caption
COCO_train2014_000000062707.jpg	ein mann spielt tennis auf dem tennisplatz	http://farm8.staticflickr.com/7171/6818833101_527afc2d29_z.jpg	atelic	durative	spielt		caption
COCO_train2014_000000062710.jpg	ein Mann holt zum Schlag auf einen Tennisball aus	http://farm4.staticflickr.com/3064/5826742818_8a3eb338d1_z.jpg	atelic	durative	holt aus		caption
COCO_train2014_000000062715.jpg	Schwarz-weiß-Foto eines Mannes , der Tennis spielt .	http://farm3.staticflickr.com/2356/5732013768_7ec034e2fb_z.jpg	atelic	durative	spielt		caption
COCO_train2014_000000062716.jpg	Ein Bild von einem Mann der auf einem Tennisplatz einen Ball schlägt .	http://farm4.staticflickr.com/3548/3453742742_06f9aa8160_z.jpg	atelic	punctual	schlägt		caption
COCO_train2014_000000062740.jpg	ein Mann auf einem Tennisplatz im Begriff , auf einem Tennisball streichen	http://farm9.staticflickr.com/8297/7903474052_a67fc5cbec_z.jpg	error	error	none	too ungrammatical	caption
COCO_train2014_000000062743.jpg	jemand mit Skiern nur mit einem Sprung weiterweg	http://farm3.staticflickr.com/2414/2203079102_7373439a74_z.jpg	error	error	none	too ungrammatical	caption
COCO_train2014_000000062745.jpg	Menschen beobachten einen Skifahrer , einen sehr hohen Sprungschanze .	http://farm7.staticflickr.com/6197/6056114524_abe8a82474_z.jpg	atelic	durative	beobachten		caption
COCO_train2014_000000062756.jpg	ein Skifahrer fliegt in die Luft	http://farm9.staticflickr.com/8368/8599637493_230be355d3_z.jpg	atelic	durative	fliegt		caption
COCO_train2014_000000062759.jpg	Ein Skifahrer steigt durch die Luft , als eine Menschenmenge an schaut .	http://farm8.staticflickr.com/7263/7478421714_f8ce0678a3_z.jpg	atelic	durative	steigt		caption
COCO_train2014_000000062761.jpg	Der man springt mit Ski den Berg runter .	http://farm4.staticflickr.com/3320/4626312944_76d7020024_z.jpg	atelic	durative	springt		caption
COCO_train2014_000000062763.jpg	eine Nahaufnahme von einer Reihe von Weingläser auf einem Tisch	http://farm7.staticflickr.com/6089/6066998375_a529abe272_z.jpg	error	error	none	no verb; stative	caption
COCO_train2014_000000062766.jpg	Gläser voll Wein stehen bereit für eine Weinprobe .	http://farm7.staticflickr.com/6019/6245003349_0c80173566_z.jpg	state	durative	stehen		caption
COCO_train2014_000000062770.jpg	Ein Tisch mit 5 Wein Gläsern und eine Mahlzeit darauf .	http://farm8.staticflickr.com/7145/6832568709_675335f15c_z.jpg	error	error	none	no verb; stative	caption
COCO_train2014_000000062772.jpg	mehrere Weingläser haben nur ein wenig Wein in jedem von ihnen .	http://farm1.staticflickr.com/152/433501684_1de188e8c9_z.jpg	state	durative	haben		caption
COCO_train2014_000000062778.jpg	ein hölzerner Tisch mit verschiedenen Weingläsern .	http://farm4.staticflickr.com/3555/3491026066_8a70ab4ae1_z.jpg	error	error	none	no verb; stative	caption
COCO_train2014_000000062814.jpg	ein weißes Badezimmer hat eine Wanne , eine Wanne und eine Toilette .	http://farm4.staticflickr.com/3236/3129275550_5f26835673_z.jpg	state	durative	hat		caption
COCO_train2014_000000062815.jpg	Ein sehr kompaktes Bad mit Waschbecken , Dusche und WC .	http://farm9.staticflickr.com/8092/8479425582_2cfb17e558_z.jpg	error	error	none	no verb; stative	caption
COCO_train2014_000000062821.jpg	ein weißes Küchentheke neben einem weißen WC und Badewanne .	http://farm4.staticflickr.com/3440/3374786976_569a4827f2_z.jpg	error	error	none	no verb; stative	caption
COCO_train2014_000000062833.jpg	ein sehr kleines Badezimmer hat Toiletten und alles passt zusamen	http://farm4.staticflickr.com/3728/9073111230_53a0553809_z.jpg	state	durative	hat		caption
COCO_train2014_000000062844.jpg	bad mit waschbecken wc und badewanne	http://farm3.staticflickr.com/2045/2209988359_c554000b5d_z.jpg	error	error	none	no verb; stative	caption
COCO_train2014_000000062850.jpg	ein Mann und ein Kind auf einem Strand .	http://farm3.staticflickr.com/2071/2266392370_7882e2bfd8_z.jpg	error	error	none	no verb; stative	caption
COCO_train2014_000000062852.jpg	Ein Mann und ein Junge sind am Stand kiten .	http://farm5.staticflickr.com/4032/4345334704_f6db80cba1_z.jpg	state	durative	sind		caption
COCO_train2014_000000062864.jpg	Ein kleiner Junge steht neber einem Mann mit einem Drachen spielend .	http://farm3.staticflickr.com/2093/1919684530_73b1b3ba02_z.jpg	state	durative	steht		caption
COCO_train2014_000000062872.jpg	Vater und Sohn lassen einen Drachn am Strand steigen	http://farm4.staticflickr.com/3035/3010408661_13ba6a2cc7_z.jpg	atelic	durative	lassen einen Drachen steigen		caption
COCO_train2014_000000062880.jpg	ein Mann und ein Junge lassen am Strand einen Drachen fliegen .	http://farm9.staticflickr.com/8109/8607284715_688d12bd72_z.jpg	atelic	durative	lassen einen Drachen fliegen		caption
COCO_train2014_000000062893.jpg	Ein Durcheinander gebrachter Tisch , mit elektrischen Tischen und Papier .	http://farm1.staticflickr.com/173/466032179_6e8cb5abfa_z.jpg	error	error	none	no verb; stative	caption
COCO_train2014_000000062896.jpg	ein kleiner Laptop sitzt auf einem Schreibtisch .	http://farm2.staticflickr.com/1165/4723365843_70ed334862_z.jpg	state	durative	sitzt	"sitzt semantically very odd, likely non-native speaker, correct would be ""steht"""	caption
COCO_train2014_000000062923.jpg	in einem eingezäunten bereich ist der kopf einer giraffe	http://farm4.staticflickr.com/3366/4573841549_8f478e546a_z.jpg	state	durative	ist		caption
COCO_train2014_000000062927.jpg	laptop und maus liegen auf dem schreibtisch	http://farm6.staticflickr.com/5062/5620209209_23b44b43bd_z.jpg	state	durative	liegen		caption
COCO_train2014_000000062929.jpg	ein geöffneter Laptop auf einem Schreibtisch , nebst Papieren , Büchern und elektronischen Geräten .	http://farm9.staticflickr.com/8518/8348913368_933cc7e79b_z.jpg	error	error	none	no verb; stative	caption
COCO_train2014_000000062941.jpg	Eine Gruppe von vier roten Bussen vor großen Gebäuden geparkt	http://farm6.staticflickr.com/5467/8907025422_163666acf8_z.jpg	error	error	none	no verb; stative	caption
COCO_train2014_000000062942.jpg	Doppeldeckerbusse sind in einer Linie vor der stattlichen Hochhäusern geparkt .	http://farm9.staticflickr.com/8471/8131247664_66d3433cd9_z.jpg	state	durative	sind		caption
COCO_train2014_000000062943.jpg	Busse auf der linken Spur und Autos an einer Ampel gestoppt	http://farm9.staticflickr.com/8148/6987385840_9976162d71_z.jpg	telic	durative	gestoppt	"slightly ungrammatical, ""sind [...] gestoppt"" would have been better"	caption
COCO_train2014_000000062957.jpg	Eine Ansicht einer Stadtstraße mit mehreren Doppeldeckerbusse parkten entlang der Seite , wie Autos fahren durch .	http://farm5.staticflickr.com/4007/4268951666_ab0f6a8128_z.jpg	error	error	error	too ungrammatical, def not a native speaker	caption
COCO_train2014_000000062958.jpg	Einige zweistöckige rote Busse auf einer Stadtstraße .	http://farm8.staticflickr.com/7179/6941821365_c050a78f30_z.jpg	error	error	none	no verb; stative	caption
COCO_train2014_000000062964.jpg	Die Menschen tragen Anzüge und Wasser-Ski in den großen Swimmingpool zuspringen .	http://farm8.staticflickr.com/7312/10138363484_ab1a6d0613_z.jpg	atelic	durative	tragen		caption
COCO_train2014_000000062969.jpg	Die Skifahrer Flip in die Wasser Stunts .	http://farm6.staticflickr.com/5209/5237407125_4f99399d77_z.jpg	error	error	error	too ungrammatical	caption
COCO_train2014_000000062995.jpg	Wasserskier machen Tricks und springen in einen Pool .	http://farm1.staticflickr.com/56/183144994_1e009b7fc6_z.jpg	atelic	durative	machen		caption
COCO_train2014_000000063014.jpg	Drei Männer auf Skien fliegen über blauem Wasser .	http://farm4.staticflickr.com/3545/3404073219_d0df4f971b_z.jpg	atelic	durative	fliegen		caption
COCO_train2014_000000063017.jpg	Wasserschisportler machen Tricks in der Luft über dem Wasser .	http://farm1.staticflickr.com/25/46273319_3209ae489e_z.jpg	atelic	durative	machen		caption
COCO_train2014_000000063022.jpg	eine Pizza auf einem Tisch mit einer Schüssel mit Trauben und Getränke .	http://farm4.staticflickr.com/3045/2592938874_923681c851_z.jpg	error	error	none	no verb; stative	caption
COCO_train2014_000000063035.jpg	Eine große Pizza mit Belägen auf dem Tisch , in einem dunklen Raum .	http://farm4.staticflickr.com/3163/2708776622_c898e5e4da_z.jpg	error	error	none	no verb; stative	caption
COCO_train2014_000000063036.jpg	Ein Glas Bier steht neben einer Pizza .	http://farm6.staticflickr.com/5076/5861063954_c63d43a875_z.jpg	state	durative	steht		caption
COCO_train2014_000000063043.jpg	Eine Pizza auf einem Tisch neber einem Teller Oliven .	http://farm6.staticflickr.com/5104/5672488471_bdf4cc7c40_z.jpg	error	error	none	no verb; stative	caption
COCO_train2014_000000063049.jpg	Eine Nahaufnahme von einem Stück Pizza das auf dem Tisch liegt .	http://farm9.staticflickr.com/8523/8598976844_e0d940954c_z.jpg	state	durative	liegt		caption
COCO_train2014_000000063050.jpg	Leute fahren an einem verschneiten Tag mit Ski durch die Stadt .	http://farm1.staticflickr.com/7/9425508_08b93cd83e_z.jpg	atelic	durative	fahren		caption
COCO_train2014_000000063075.jpg	Eine Gruppe von Menschen zu Fuß und Langlaufen in den Schnee in der Mitte der Stadt .	http://farm1.staticflickr.com/135/402839010_99b944f7f7_z.jpg	error	error	none	no verb; stative; ungrammatical	caption
COCO_train2014_000000063077.jpg	fünf Menschen spielen in den schneebedeckten Straßen der Stadt , zwei sind Skifahren .	http://farm6.staticflickr.com/5124/5316433334_0cf1515993_z.jpg	atelic	durative	spielen		caption
COCO_train2014_000000063079.jpg	Menschen , mit und ohne Schiehern , balablabla	http://farm6.staticflickr.com/5230/5818204992_b34d3dec7e_z.jpg	error	error	none	no verb; stative; ridiculously useless	caption
COCO_train2014_000000063081.jpg	Skifahrer Reisen durch Schnee in der Mitte der Stadt am schneebedeckten Tag .	http://farm6.staticflickr.com/5329/9339663608_5943fb3679_z.jpg	atelic	durative	reisen		caption
COCO_train2014_000000063084.jpg	zwei Männer in einem Wohnzimmer , Videospiele spielend .	http://farm6.staticflickr.com/5532/9306336541_f9e2ccacfd_z.jpg	atelic	durative	spielend		caption
COCO_train2014_000000063109.jpg	Zwei Leute spielen ein Videospiel auf der Nintendo Wii .	http://farm4.staticflickr.com/3128/3117488183_6f9784300d_z.jpg	atelic	durative	spielen		caption
COCO_train2014_000000063115.jpg	zwei Männer spielen Wii im Wohnzimmer .	http://farm1.staticflickr.com/90/232655546_34c71b0bf6_z.jpg	atelic	durative	spielen		caption
COCO_train2014_000000063119.jpg	Zwei Männer in einem Raum , die mit irgendetwas beschäftigt sind .	http://farm9.staticflickr.com/8024/7373330758_e82b84c8fe_z.jpg	atelic	durative	beschäftigt sind		caption
COCO_train2014_000000063121.jpg	ein Mann , neben einem Mann mit erhobenem Arm in einem Raum stehend .	http://farm4.staticflickr.com/3373/3536809413_710d404f67_z.jpg	state	durative	stehend		caption
COCO_train2014_000000063123.jpg	ein Farmer steht neben seinen Kühen an der Scheune .	http://farm6.staticflickr.com/5039/5896634446_9059a60b1a_z.jpg	state	durative	steht		caption
COCO_train2014_000000063140.jpg	ein Mann , der nahe bei eine Gruppe Kühe steht	http://farm4.staticflickr.com/3350/3623244149_5989b2538d_z.jpg	state	durative	steht		caption
COCO_train2014_000000063143.jpg	Ein Mann steht vor einigen Kühe	http://farm1.staticflickr.com/5/6893062_25f452d076_z.jpg	state	durative	steht		caption
COCO_train2014_000000063147.jpg	Ein Mann , der vor einer Herde von weidenden Kühen .	http://farm3.staticflickr.com/2299/2437825936_75aba88703_z.jpg	error	error	none	no verb; stative	caption
COCO_train2014_000000063163.jpg	Mann in lila Top und Jeans , vor vier Kühe in Futter Stift .	http://farm5.staticflickr.com/4091/5215479804_bc36972cf4_z.jpg	error	error	none	no verb; stative	caption
COCO_train2014_000000063166.jpg	Ein kleiner Vogel auf einem Stuhl stehend .	http://farm3.staticflickr.com/2514/3854550805_a6d867b348_z.jpg	state	durative	stehend		caption
COCO_train2014_000000063171.jpg	n kleiner Vogel sitzt auf der Spitze eines Korbstuhl .	http://farm6.staticflickr.com/5218/5402495722_2c00c972af_z.jpg	state	durative	sitzt		caption
COCO_train2014_000000063182.jpg	Ein brauner und weisser Vogel , ein Tisch und ein Sessel	http://farm5.staticflickr.com/4140/4792615447_07ca4b5b3e_z.jpg	error	error	none	no verb; stative	caption
COCO_train2014_000000063185.jpg	ein kleiner Vogel auf einem braunen Weidenstuhl thront .	http://farm6.staticflickr.com/5299/5460922664_4ef447e8f6_z.jpg	state	durative	thront		caption
COCO_train2014_000000063206.jpg	ein Bild von einem Vogel auf der Rückseite eines Stuhls außerhalb thront .	http://farm5.staticflickr.com/4058/4472041147_d2288e3c46_z.jpg	state	durative	thront		caption
COCO_train2014_000000063209.jpg	bär hält britische fahne im anhänger	http://farm1.staticflickr.com/38/75944162_f91c5b6a18_z.jpg	atelic	durative	hält	might be stative	caption
COCO_train2014_000000063214.jpg	Ein Teddy Bär mit einem Schild vor ihm .	http://farm4.staticflickr.com/3228/3114464996_ef036d3e4a_z.jpg	error	error	none	no verb; stative	caption
COCO_train2014_000000063217.jpg	Teddybären in einem Wagen zu senden einige Wünsche .	http://farm3.staticflickr.com/2894/9714425178_715b7e6cd5_z.jpg	error	error	error	too ungrammatical	caption
COCO_train2014_000000063230.jpg	Zwei Bären liegen gegen einen Baum mit einer Aufschrift	http://farm4.staticflickr.com/3663/3358475111_d3db6ae464_z.jpg	state	durative	liegen		caption
COCO_train2014_000000063235.jpg	ein paar süße Stofftiere und ein Zeichen auf einem Wagen .	http://farm8.staticflickr.com/7312/9292875478_496140b457_z.jpg	error	error	none	no verb; stative	caption
COCO_train2014_000000063238.jpg	Eine Nahaufnahme von einem Zug auf einem Bahngleis .	http://farm4.staticflickr.com/3291/2977679332_9dd2a7d7ab_z.jpg	error	error	none	no verb; stative; descriptive	caption
COCO_train2014_000000063247.jpg	Ein Zug fährt über die Spuren einer Stadt	http://farm8.staticflickr.com/7082/6896198474_5818870106_z.jpg	atelic	durative	fährt		caption
COCO_train2014_000000063248.jpg	Ein sehr langer Zug hält auf dem Gleis	http://farm8.staticflickr.com/7357/9307960866_b728d2d2f8_z.jpg	atelic	durative	hält		caption
COCO_train2014_000000063251.jpg	ein langer weißer zug , der die strecke hinunter fährt , unter elektrischen drähten .	http://farm6.staticflickr.com/5534/9177234352_fe969a1313_z.jpg	atelic	durative	fährt		caption
COCO_train2014_000000063252.jpg	ein Zug auf der Bahnstrecke unterwegs .	http://farm9.staticflickr.com/8364/8333675575_c8c21ab68a_z.jpg	error	error	none	no verb; stative	caption
COCO_train2014_000000064627.jpg	zwei Menschen am Ende einer  Parkzone .	http://farm6.staticflickr.com/5315/5859645636_c013a9b3b9_z.jpg	error	error	none	no verb; stative	caption
COCO_train2014_000000064634.jpg	Junge Männer stehen in einem sozialen Gebiet in der Stadt .	http://farm2.staticflickr.com/1067/1393462684_cfc29728ed_z.jpg	state	durative	stehen		caption
COCO_train2014_000000064635.jpg	"ein Mann mit einem Hut , neben einem ""No Smoking""-Schild stehend"	http://farm5.staticflickr.com/4097/4749375322_0822ac2e34_z.jpg	state	durative	stehend		caption
COCO_train2014_000000064659.jpg	zwei asiatische Männer stehen in der Nähe eines Rauchzeichens .	http://farm1.staticflickr.com/122/275050723_b12d9d2619_z.jpg	state	durative	stehen		caption
COCO_train2014_000000064681.jpg	zwei Leute stehen in der Nähe eines Schildes draußen auf einem Platz	http://farm9.staticflickr.com/8217/8394870936_68edff5cf9_z.jpg	state	durative	stehen		caption
COCO_train2014_000000064684.jpg	Ein Laptop-Computer steht auf einem Computer-Schreibtisch neben einer Tastatur .	http://farm5.staticflickr.com/4045/4520577060_4ca84cccde_z.jpg	state	durative	steht		caption
COCO_train2014_000000064694.jpg	Ein Laptop voller verschiedener Sticker , wird festgehalten .	http://farm4.staticflickr.com/3710/9632273692_6e310fa758_z.jpg	error	error	none	no verb; stative	caption
COCO_train2014_000000064697.jpg	ein Mac-Laptop mit einer Reihe von verschiedenen Aufklebern an der Spitze .	http://farm4.staticflickr.com/3315/4608709693_e984331785_z.jpg	error	error	none	no verb; stative	caption
COCO_train2014_000000064704.jpg	Ein Bild eines Arbeitsbereiches und Computers .	http://farm2.staticflickr.com/1326/5156558794_8c75c8a353_z.jpg	error	error	none	no verb; stative	caption
COCO_train2014_000000064705.jpg	Gymnasiast nahm seinen Laptop in die Schule .	http://farm5.staticflickr.com/4067/4484005163_283627a11d_z.jpg	telic	durative	nahm		caption
COCO_train2014_000000064708.jpg	ein Auto fährt auf einer sehr engen Strasse in den Bergen	http://farm9.staticflickr.com/8041/8025513275_7a41463f32_z.jpg	atelic	durative	fährt		caption
COCO_train2014_000000064722.jpg	ein Auto unterwegs neben einem steilen Berghang .	http://farm6.staticflickr.com/5076/7097624419_fcf836ba1a_z.jpg	error	error	none	"no verb; stative; unterwegs would require ""ist"""	caption
COCO_train2014_000000064730.jpg	Foto aus dem Fahrzeug auf Gebirgs schmalen Gebirgspass der Suche sehr gefährlich mit hohen steilen Abfall abgebaut .	http://farm4.staticflickr.com/3006/2914327456_9b615ba45e_z.jpg	error	error	error	too ungrammatical	caption
COCO_train2014_000000064731.jpg	eine Autorückansicht auf einem Feldweg .	http://farm6.staticflickr.com/5189/5557814231_5d275fbdaa_z.jpg	error	error	none	no verb; stative	caption
COCO_train2014_000000064733.jpg	Ein Auto fährt direkt neben einer steilen Klippe , die hoch hinauf ragt .	http://farm4.staticflickr.com/3726/9626385133_199061c778_z.jpg	atelic	durative	fährt		caption
COCO_train2014_000000064738.jpg	Zwei Leuten reiten einen Elefant mit einem Regenschirm .	http://farm6.staticflickr.com/5476/9590030571_692d96cb51_z.jpg	atelic	durative	reiten		caption
COCO_train2014_000000064744.jpg	zwei menschen sitzen mit einem sonnenschirm auf dem elefant	http://farm3.staticflickr.com/2811/9806349084_93b3a3e3f2_z.jpg	state	durative	sitzen		caption
COCO_train2014_000000064749.jpg	Zwei Leute , die auf dem Rücken eines Elefanten sitzen .	http://farm3.staticflickr.com/2291/2445153220_bafa00bf0f_z.jpg	state	durative	sitzen		caption
COCO_train2014_000000064750.jpg	die zwei Leute reiten einen Elefanten mit Regenschirm .	http://farm8.staticflickr.com/7201/6835274304_a674dbefd3_z.jpg	atelic	durative	reiten		caption
COCO_train2014_000000064751.jpg	es gibt Leute , die sitzen auf einem Elefanten unter Dach .	http://farm9.staticflickr.com/8391/8641385880_a64d71a79d_z.jpg	state	durative	sitzen		caption
COCO_train2014_000000064765.jpg	eine Person Entladen Trauben von Bananen in großen Körben .	http://farm4.staticflickr.com/3478/3300764031_37d432c286_z.jpg	atelic	durative	entladen	quite ungrammatical	caption
COCO_train2014_000000064772.jpg	Zwei Leute sind neben eine Große Auswahl Bananen	http://farm1.staticflickr.com/157/383048403_2841deeb40_z.jpg	state	durative	sind		caption
COCO_train2014_000000064794.jpg	mehrere Körbe , gefüllt mit haufenweise unreifen Bananen .	http://farm1.staticflickr.com/213/496483956_a9c62f8076_z.jpg	state	durative	gefüllt		caption
COCO_train2014_000000064795.jpg	ein Mann packte ein Bündel von Bananen aus einem großen Display von Containern	http://farm6.staticflickr.com/5141/5599521901_1b0ef90563_z.jpg	telic	durative	packte		caption
COCO_train2014_000000064797.jpg	Körbe und ein Gestell mit Bananen auf einem Outdoor-Markt	http://farm8.staticflickr.com/7356/9769233326_ed3f416723_z.jpg	error	error	none	no verb; stative	caption
COCO_train2014_000000064798.jpg	Ein Monstertruck fliegt im Rahmen einer Show durch die Luft .	http://farm8.staticflickr.com/7091/7374925368_030b086361_z.jpg	atelic	durative	fliegt		caption
COCO_train2014_000000064799.jpg	einen roten LKW über einen zerquetscht Auto fahren	http://farm4.staticflickr.com/3251/2989652253_e9c2ddc20b_z.jpg	atelic	durative	fahren	very ungrammatical	caption
COCO_train2014_000000064800.jpg	ein rot-silberner Lastwagen etwas Gras und einige Leute	http://farm4.staticflickr.com/3029/2761927669_2c3a1f63c2_z.jpg	error	error	none	no verb; stative	caption
COCO_train2014_000000064802.jpg	eine rote Monster-Truck fliegen über zerkleinerte Autos .	http://farm9.staticflickr.com/8300/7768705966_c8e76e68ff_z.jpg	atelic	durative	fliegen	very ungrammatical	caption
COCO_train2014_000000064804.jpg	Ein großer Monster Truck , der über ein Auto springt .	http://farm3.staticflickr.com/2854/9599797265_69d82b9093_z.jpg	atelic	durative	springt		caption
COCO_train2014_000000064809.jpg	zwei Desktop-Monitoren , die oben auf einem Schreibtisch .	http://farm4.staticflickr.com/3533/3189628690_02d8dd8987_z.jpg	error	error	none	no verb; stative	caption
COCO_train2014_000000064816.jpg	zwei Bildschirme und Tastaturen , die nebeneinander auf einem Schreibtisch stehen .	http://farm9.staticflickr.com/8110/8594728238_b6b3512cae_z.jpg	state	durative	stehen		caption
COCO_train2014_000000064818.jpg	zwei computer , die laufen gelassen wurden , standen auf einem großen tisch .	http://farm2.staticflickr.com/1224/1353546521_71eed34088_z.jpg	telic	durative	laufen gelassen wurden	passive, so might also be stative	caption
COCO_train2014_000000064823.jpg	zwei verschiedene Schirme der Computeranzeige , wie sie auf einem Schreibtisch sitzen .	http://farm2.staticflickr.com/1098/5150987543_cdb9400c51_z.jpg	state	durative	sitzen		caption
COCO_train2014_000000064827.jpg	Ein hölzerner Schreibtisch mit zwei Monitoren zwei Tastaturen und Lautsprecher .	http://farm8.staticflickr.com/7109/7097890157_74c20c4f76_z.jpg	error	error	none	no verb; stative	caption
COCO_train2014_000000064828.jpg	Da gibt es ein es , falls Autos , welche geschält sind , in der Park-Lore . (???? WTF?)	http://farm8.staticflickr.com/7303/9169143144_89c565e9ca_z.jpg	state	durative	gibt	this caption does not make sense	caption
COCO_train2014_000000064834.jpg	ein Hof mit ein paar Zeilen von mehreren Motorroller .	http://farm1.staticflickr.com/23/26273015_34dd58514f_z.jpg	error	error	none	no verb; stative	caption
COCO_train2014_000000064836.jpg	viele Motorräder geparkt auf einer arbeitsstelle	http://farm1.staticflickr.com/189/508262313_bc5a7bd447_z.jpg	telic	durative	geparkt	could also be stative	caption
COCO_train2014_000000064866.jpg	Ein paar geparkte Motorräder stehen vor einem Gebäude .	http://farm4.staticflickr.com/3525/5737577937_e10d095b5a_z.jpg	state	durative	stehen		caption
COCO_train2014_000000064870.jpg	Viele Motorräder und Roller sind vor einem Gebäude geparkt .	http://farm3.staticflickr.com/2378/2337400747_169c5590c2_z.jpg	telic	durative	sind geparkt		caption
COCO_train2014_000000064890.jpg	Eine Nahaufnahme von einem Korb von Früchten .	http://farm9.staticflickr.com/8551/8865468401_27f044855c_z.jpg	error	error	none	no verb; stative	caption
COCO_train2014_000000064893.jpg	Eine große Obstschale , die Granatapfel , Kiwis , Zitronen , Limetten und Melone enthält .	http://farm4.staticflickr.com/3182/2910735849_7a7bc0612a_z.jpg	state	durative	enthält		caption
COCO_train2014_000000064896.jpg	ein Drahtkorb voller verschiedener , farbenfroher frischer Früchte	http://farm1.staticflickr.com/22/33074679_e528fb3378_z.jpg	error	error	none	no verb; stative	caption
COCO_train2014_000000064897.jpg	eine Schale voller Früchte wird in einem Drahtkorb ausgestellt .	http://farm9.staticflickr.com/8249/8635413357_7c9b5021a4_z.jpg	atelic	durative	wird ausgestellt		caption
COCO_train2014_000000064899.jpg	Ein Korb mit Obst sitzen auf einem Tisch .	http://farm4.staticflickr.com/3598/3463779748_6594b6272b_z.jpg	atelic	durative	sitzen	a bit ungrammatical	caption
COCO_train2014_000000064906.jpg	Ein Spielzeugflugzeug fliegt über eine Graslandschaft .	http://farm9.staticflickr.com/8458/8048402688_35fa7caf5e_z.jpg	atelic	durative	fliegt		caption
COCO_train2014_000000064908.jpg	ein Flugzeug gleitet durch die Luft , in der Nähe auf den Boden .	http://farm7.staticflickr.com/6199/6096995027_671a831fea_z.jpg	atelic	durative	gleitet		caption
COCO_train2014_000000064933.jpg	Ein kleines Spielzeug-Flugzeug wird die Flug in einem Feld .	http://farm5.staticflickr.com/4061/4499795163_a86d140b12_z.jpg	error	error	error	does not make sense	caption
COCO_train2014_000000064941.jpg	foto vom pilot im jet	http://farm4.staticflickr.com/3601/3358156325_7ddaf62a74_z.jpg	error	error	none	no verb; stative	caption
COCO_train2014_000000064948.jpg	ein kleines Flugzeug fliegt nicht sehr hoch über dem Boden .	http://farm7.staticflickr.com/6082/6057479937_b578cdd137_z.jpg	atelic	durative	fliegt		caption
COCO_train2014_000000064953.jpg	Ein Tennisspieler starrt auf den Ball mit zurückgezogenem Schläger .	http://farm9.staticflickr.com/8228/8472885713_cece1860e1_z.jpg	atelic	durative	starrt		caption
COCO_train2014_000000064954.jpg	Ein Mann mit einem Tennisschläger schlägt einen Ball in der Nähe eines Maschendrahtzauns .	http://farm6.staticflickr.com/5147/5676904223_47939bedd1_z.jpg	atelic	durative	schlägt		caption
COCO_train2014_000000064962.jpg	ein junger Mann , der Tennis spielt versucht , eine Vorhand zu schlagen .	http://farm9.staticflickr.com/8374/8360083832_1999a806e3_z.jpg	atelic	durative	spielt		caption
COCO_train2014_000000065011.jpg	ein Tennisspieler ist in der mittleren Schwung etwa zu streiken .	http://farm4.staticflickr.com/3309/4581290870_16335d07c8_z.jpg	error	error	error	does not make sense	caption
COCO_train2014_000000065012.jpg	ein Tennisspieler bereitet sich auf den Tennisball zu treffen	http://farm3.staticflickr.com/2768/4499448212_ff2facb521_z.jpg	error	error	error	"would be ""vorbereiten"" though ""bereitet"" is missing its auxiliary, therfore, doesnt really make any sense"	caption
COCO_train2014_000000065016.jpg	eine Katze , die auf der Wiese in der Nähe eines Vogels steht	http://farm3.staticflickr.com/2358/5699676759_d46944e5d9_z.jpg	state	durative	steht		caption
COCO_train2014_000000065025.jpg	Katze schaut sich neugierig einen gefallenen Spatz im Gras	http://farm4.staticflickr.com/3081/3120260458_3e7397a0a2_z.jpg	atelic	durative	schaut		caption
COCO_train2014_000000065028.jpg	Eine schwarze und weiße Katze , ein weiße und graue Vogel	http://farm4.staticflickr.com/3302/3445474110_c03e4f39e6_z.jpg	error	error	none	no verb; stative	caption
COCO_train2014_000000065029.jpg	ein Vogel konfrontiert eine Katze auf einem grasbewachsenen Platz	http://farm9.staticflickr.com/8102/8506030896_1125955399_z.jpg	atelic	durative	konfrontiert		caption
COCO_train2014_000000065030.jpg	Ein schwarzer Kater steht über einem Vogel .	http://farm4.staticflickr.com/3824/9259454300_c0aee04b20_z.jpg	state	durative	steht		caption
COCO_train2014_000000065043.jpg	vier junge Leute , die Spiele auf einem Spielsystem spielen .	http://farm7.staticflickr.com/6099/5905443160_0e8d01db49_z.jpg	atelic	durative	spielen		caption
COCO_train2014_000000065047.jpg	Einige Personen spielen mit Controlern ein Spiel .	http://farm6.staticflickr.com/5049/5286559848_21b528841a_z.jpg	atelic	durative	spielen		caption
COCO_train2014_000000065063.jpg	Vier Leute Spielen Wii im Wohnzimmer .	http://farm4.staticflickr.com/3689/10016694146_232296d3bb_z.jpg	atelic	durative	spielen		caption
COCO_train2014_000000065072.jpg	Eine Gruppe von Menschen steht zusammen in einem Wohnraum .	http://farm8.staticflickr.com/7421/8974270435_4fcabbbc47_z.jpg	state	durative	steht		caption
COCO_train2014_000000065080.jpg	vier Personen mit Spiel Bremsen in deren Hand	http://farm9.staticflickr.com/8421/7735163054_a15d90868e_z.jpg	error	error	none	no verb; stative	caption
COCO_train2014_000000065085.jpg	katze sitzt auf dem schreibtisch vor im bildschirm	http://farm1.staticflickr.com/28/56684761_8b8eed5b30_z.jpg	state	durative	sitzt		caption
COCO_train2014_000000065087.jpg	Da ist eine Katze auf einem Schreibtisch mit Computer	http://farm4.staticflickr.com/3031/3024068572_27c33959a6_z.jpg	error	error	none	no verb; stative	caption
COCO_train2014_000000065095.jpg	Nahaufnahme von einer Katze vor einem Computer-Monitor	http://farm6.staticflickr.com/5135/5428445196_c4b05acb56_z.jpg	error	error	none	no verb; stative	caption
COCO_train2014_000000065098.jpg	Ein neugieriger Kater guckt auf einen Papierhaufen mit einem Laptop im Hintergrund .	http://farm2.staticflickr.com/1409/5115641870_04210c511a_z.jpg	atelic	durative	guckt		caption
COCO_train2014_000000065135.jpg	Eine Katze sitzt auf dem Tisch , auf Papieren vor einem Computer .	http://farm9.staticflickr.com/8438/7903610516_905b91e403_z.jpg	state	durative	sitzt		caption
COCO_train2014_000000065136.jpg	Ein Mann und eine Frau fahren Ski	http://farm3.staticflickr.com/2387/4514844043_f5154d5fb0_z.jpg	atelic	durative	fahren Ski		caption
COCO_train2014_000000065139.jpg	ein Paar macht ein Foto , während sie Ski fahren .	http://farm1.staticflickr.com/215/488237678_dc267d4b79_z.jpg	atelic	durative	macht		caption
COCO_train2014_000000065144.jpg	Ein Mann und eine Frau auf Skiern stehen zusammen auf dem Schnee .	http://farm4.staticflickr.com/3741/9900513634_d20ed8e937_z.jpg	state	durative	stehen		caption
COCO_train2014_000000065153.jpg	Die Mann und Frau posiert für ein Foto beim Skifahren .	http://farm3.staticflickr.com/2661/3735749356_bd6832e715_z.jpg	atelic	durative	posiert		caption
COCO_train2014_000000065156.jpg	Eine Frau umarmt einen Mann , der auf einem Schnee bedeckten Boden steht .	http://farm3.staticflickr.com/2702/4325698354_bd88defbaf_z.jpg	atelic	durative	umarmt		caption
COCO_train2014_000000065161.jpg	Skifahrer im Schnee ,  neben einem Wegweiser	http://farm1.staticflickr.com/83/214808348_409d5c75a9_z.jpg	error	error	none	no verb; stative	caption
COCO_train2014_000000065162.jpg	eine Person im Skianzug , unter einen Schild , das Anweisungen gibt , posierend	http://farm6.staticflickr.com/5032/7159889380_7984123bde_z.jpg	atelic	durative	posierend		caption
COCO_train2014_000000065163.jpg	ein Zeichen , dass ein Steinadler auf sie hat .	http://farm4.staticflickr.com/3330/3603816643_96826aa021_z.jpg	error	error	error	too ungrammatical	caption
COCO_train2014_000000065166.jpg	jemand in einem orangefarbenen Jacke auf Himmel an einem verschneiten Tag .	http://farm2.staticflickr.com/1023/1449840708_a1ddd1b118_z.jpg	error	error	none	no verb; stative	caption
COCO_train2014_000000065177.jpg	Skifahrer auf einem schneebedeckten Hügel unterhalb Richtung Beschilderung	http://farm8.staticflickr.com/7349/8951936520_fdfe4cb3c0_z.jpg	error	error	none	no verb; stative	caption
COCO_train2014_000000065179.jpg	Nahaufnahme zweier schwarzer Koffer und einer mit Rädern .	http://farm4.staticflickr.com/3521/3279469730_8ab315bd1b_z.jpg	error	error	none	no verb; stative	caption
COCO_train2014_000000065183.jpg	eine Nahaufnahme zweier Gepäcktaschen mit einem abgebrochenen Rad	http://farm9.staticflickr.com/8286/7715882038_02c998643c_z.jpg	error	error	none	no verb; stative	caption
COCO_train2014_000000065189.jpg	Zwei schwarze Reisekoffer nebeneinander auf einem Podest .	http://farm1.staticflickr.com/54/147860832_425896d17c_z.jpg	error	error	none	no verb; stative	caption
COCO_train2014_000000065191.jpg	zwei Gepäcktaschen liegen nebeneinander .	http://farm1.staticflickr.com/13/94011636_20cc5c04ec_z.jpg	state	durative	liegen		caption
COCO_train2014_000000065195.jpg	Zwei schwarze Koffer mit Rollen nebeneinander .	http://farm6.staticflickr.com/5104/5557723201_9a830cf77b_z.jpg	error	error	none	no verb; stative	caption
COCO_train2014_000000065197.jpg	ein Stofftier im Besitz einer Nintendo Wii-Controller mit einem Schild mit der Aufschrift 'Jedermann für Tennis	http://farm6.staticflickr.com/5309/5823306586_bfcf41df47_z.jpg	error	error	none	no verb; stative	caption
COCO_train2014_000000065198.jpg	ein Stofftier sitzt neben einem Wii-Fernbedienung und einem Wii-Controller .	http://farm3.staticflickr.com/2879/9633857685_ca2d07bcf7_z.jpg	state	durative	sitzt		caption
COCO_train2014_000000065201.jpg	eine angefüllte Ratte , die ein wii Staubkorn , das hält fragt , ob jedermann für Tennis ist	http://farm3.staticflickr.com/2634/4074382741_5581592d34_z.jpg	error	error	error	too ungrammatical	caption
COCO_train2014_000000065206.jpg	eine ausgestopfte Maus mit einem Spielkonsolen-Controller und einem Zeichen .	http://farm4.staticflickr.com/3621/3490510876_ff20a78e28_z.jpg	error	error	none	no verb; stative	caption
COCO_train2014_000000065207.jpg	Ein Stofftier mit einer Spielsteuerung auf der Suche nach einem Spielpartner .	http://farm8.staticflickr.com/7156/6655422897_0c50b58b76_z.jpg	atelic	durative	auf der Suche	"odd edge case, the verb is actually an NP ""auf der Suche"" which is missing the right form of ""be"" to make it a VP"	caption
COCO_train2014_000000065209.jpg	Ein paar Zebras stehen in einem staubigen Feld .	http://farm9.staticflickr.com/8393/8687874010_19ec18a292_z.jpg	state	durative	stehen		caption
COCO_train2014_000000065211.jpg	Drei Zebras werden von den Beinen eines Elefanten eingerahmt .	http://farm2.staticflickr.com/1198/730229804_8b4bfb3756_z.jpg	telic	durative	werden eingerahmt		caption
COCO_train2014_000000065213.jpg	einige Tiere hängen an einem heißen sonnigen Tag rum	http://farm7.staticflickr.com/6040/5901981879_cd711cd1e5_z.jpg	atelic	durative	hängen herum		caption
COCO_train2014_000000065218.jpg	Eine gruppe von Zebras steht nebeneinander .	http://farm4.staticflickr.com/3712/9464324056_4a2accf248_z.jpg	state	durative	steht		caption
COCO_train2014_000000065220.jpg	Drei Zebras vermischen sich nahe einem sehr großen Elefanten .	http://farm7.staticflickr.com/6141/5929733448_6149ed2879_z.jpg	atelic	durative	vermischen		caption
COCO_train2014_000000065245.jpg	ein Baby zur Festlegung neben einem Buch .	http://farm8.staticflickr.com/7095/7236116800_4391ca3de9_z.jpg	error	error	none	no verb; stative	caption
COCO_train2014_000000065247.jpg	ein Baby liegt am Bett mit einem Buch .	http://farm7.staticflickr.com/6066/6024012277_25ebe2d746_z.jpg	state	durative	liegt		caption
COCO_train2014_000000065252.jpg	ein kleines Baby liegt im Bett und leckt an einem Buch	http://farm5.staticflickr.com/4091/5060229476_9a4b9d2909_z.jpg	state	durative	liegt		caption
COCO_train2014_000000065261.jpg	der junge Baby Verlegung auf dem Bauch neben dem Buch auf dem Bett .	http://farm3.staticflickr.com/2884/9479094023_2c5e84009c_z.jpg	error	error	none	no verb; stative	caption
COCO_train2014_000000065262.jpg	Ein Baby Verlegung auf ein Buch , es zu lecken .	http://farm8.staticflickr.com/7144/6697893401_e9af2bcbd4_z.jpg	error	error	error	too ungrammatical	caption
COCO_train2014_000000065280.jpg	einen großen hübschen weißen Schwan Schwimmt in einem Fluss .	http://farm9.staticflickr.com/8018/7568307842_c88484f86b_z.jpg	atelic	durative	schwimmt	quite ungrammatical	caption
COCO_train2014_000000065289.jpg	eine Ente schwimmt auf dem Wasser , während die Menschen im Hintergrund laufen	http://farm1.staticflickr.com/106/261903863_110de2dd69_z.jpg	atelic	durative	schwimmt		caption
COCO_train2014_000000065292.jpg	einem schwamm in der Mitte des Wassers , wie Auto über die Brücke passieren .	http://farm4.staticflickr.com/3521/3716753754_1a2a782c25_z.jpg	atelic	durative	passieren	quite ungrammatical	caption
COCO_train2014_000000065301.jpg	eine einsame Gans schwimmt im Wasser bei einer Brücke	http://farm1.staticflickr.com/213/451999706_76091afb0d_z.jpg	atelic	durative	schwimmt		caption
COCO_train2014_000000065307.jpg	ein einsamer Schwan schwimmt auf einem Fluss in der Nähe einer Brücke	http://farm1.staticflickr.com/194/454219662_43da7b94b7_z.jpg	atelic	durative	schwimmt		caption
COCO_train2014_000000065325.jpg	eine Tabelle hat Platten auf ihr mit Wassermelone und Brokkoli auf ihr .	http://farm6.staticflickr.com/5105/5611042487_8dda44ec45_z.jpg	state	durative	hat	infelicitious; not written by a native speaker	caption
COCO_train2014_000000065329.jpg	Teller , gefüllt mit sortierten Früchten und Gemüse und einigem Fleisch .	http://farm4.staticflickr.com/3701/9315960150_eaa1a7b777_z.jpg	state	durative	gefüllt	passive	caption
COCO_train2014_000000065334.jpg	eine Vielzahl von Lebensmitteln in Teller und Schalen .	http://farm3.staticflickr.com/2873/9604205486_2b63fdd82a_z.jpg	error	error	none	no verb; stative	caption
COCO_train2014_000000065336.jpg	ein Tisch mit Tellern und Geschirr mit einer Vielfalt an Essen und einer Babyflasche .	http://farm1.staticflickr.com/138/317311448_62e692df79_z.jpg	error	error	none	no verb; stative	caption
COCO_train2014_000000065343.jpg	Ein Tisch gedeckt mit Gemüsesalate und frischem Obst in Scheiben .	http://farm3.staticflickr.com/2089/2392401411_034f433ce4_z.jpg	state	durative	gedeckt	passive	caption
COCO_train2014_000000065345.jpg	zwei Betten sind in einem schwach beleuchteten Schlafzimmer .	http://farm6.staticflickr.com/5085/5319477770_b0d5730b1e_z.jpg	state	durative	sind		caption
COCO_train2014_000000065353.jpg	Ein Bett sitzend gegen eine graue Wand neben einem Fenster .	http://farm1.staticflickr.com/95/240356278_38fad34121_z.jpg	state	durative	sitzend	quite illegible	caption
COCO_train2014_000000065356.jpg	Die beiden Betten sind nebeneinander in dem Raum .	http://farm5.staticflickr.com/4046/4275997551_d400fdea59_z.jpg	state	durative	sind		caption
COCO_train2014_000000065360.jpg	Ein kleines Bett in einem raum mit Spitzenvorhang am Fenster .	http://farm6.staticflickr.com/5452/9631908018_cc90b42b56_z.jpg	error	error	none	no verb; stative	caption
COCO_train2014_000000065371.jpg	ein Zusatzbett wird in einem kleinen Schlafzimmer set .	http://farm3.staticflickr.com/2592/3988211254_9d7abb9d72_z.jpg	error	error	error	the VP is not German unfortunately	caption
COCO_train2014_000000065380.jpg	Leute laufen durch einen Bahnhof .	http://farm1.staticflickr.com/170/457983510_b62fbb4c2a_z.jpg	atelic	durative	laufen		caption
COCO_train2014_000000065400.jpg	Eine Gruppe von Fußgängern zu Fuß Vergangenheit eine U-Bahn in einer U-Bahnstation .	http://farm6.staticflickr.com/5112/6932577476_9f25042b73_z.jpg	error	error	none	no verb; stative	caption
COCO_train2014_000000065404.jpg	Eine Gruppe von Menschen die einen Gehweg neben einer U-Bahn entlang läuft .	http://farm8.staticflickr.com/7158/6798295817_30afdffdfb_z.jpg	atelic	durative	läuft		caption
COCO_train2014_000000065407.jpg	Menschen , immer bereit , einen Zug zu erreichen gehen oder nach Hause kommen von der Arbeit	http://farm4.staticflickr.com/3247/2972101964_f9e6e6aaee_z.jpg	atelic	durative	gehen		caption
COCO_train2014_000000065420.jpg	Mehrere Leute gehen in einen U-Bahnsteig .	http://farm1.staticflickr.com/178/434293258_fa16700624_z.jpg	atelic	durative	gehen		caption
COCO_train2014_000000065425.jpg	Ein Mann fährt durch die Luft auf einem Snowboard .	http://farm8.staticflickr.com/7167/6419389485_a003212d2b_z.jpg	atelic	durative	fährt	infelicitious, one doesnt drive through the air on a snowboard...	caption
COCO_train2014_000000065426.jpg	Eine Person in roten Skihosen tanzt im Schnee auf einem Snowboard .	http://farm4.staticflickr.com/3221/2712350241_5b4cc31394_z.jpg	atelic	durative	tanzt		caption
COCO_train2014_000000065440.jpg	ein snowboardfahrer landet auf der piste und ist im begriff nach vorn zu fallen .	http://farm8.staticflickr.com/7264/7700513902_869c5f4abd_z.jpg	atelic	punctual	landet		caption
COCO_train2014_000000065447.jpg	eine Person , die ein Snowboard an seinem Ende .	http://farm6.staticflickr.com/5184/5624114269_5df9517fc0_z.jpg	error	error	none	no verb; stative	caption
COCO_train2014_000000065448.jpg	ein Mensch , der eine Bremsung auf einem Snowboard .	http://farm4.staticflickr.com/3077/3129167240_a51ff051af_z.jpg	error	error	none	no verb; stative	caption
COCO_train2014_000000065456.jpg	ein vogel , der auf einem baumast um andere äste herum sitzt .	http://farm4.staticflickr.com/3092/2920088143_65d1673747_z.jpg	state	durative	sitzt		caption
COCO_train2014_000000065457.jpg	ein grauer Vogel auf einem Ast , sich umschauend	http://farm1.staticflickr.com/56/156242302_a5ce16ecd1_z.jpg	atelic	durative	sich umschauend		caption
COCO_train2014_000000065463.jpg	kleiner vogel sitzt auf einem grünen zweig	http://farm4.staticflickr.com/3129/2817171750_d4686732c8_z.jpg	state	durative	sitzt		caption
COCO_train2014_000000065484.jpg	ein kleiner Vogel sitzt auf einem Zweig einer grünen Pflanze .	http://farm9.staticflickr.com/8297/7866690368_f01358eb73_z.jpg	state	durative	sitzt		caption
COCO_train2014_000000065488.jpg	ein kleiner Vogel auf einem dünnen Zweig .	http://farm8.staticflickr.com/7067/6819971328_b9f7e80d29_z.jpg	error	error	none	no verb; stative	caption
COCO_train2014_000000065500.jpg	der Hinterhof Ausrüstung wird von tiefen Schnee bedeckt .	http://farm9.staticflickr.com/8427/7715074416_50dbc8022e_z.jpg	state	durative	wird bedeckt		caption
COCO_train2014_000000065504.jpg	Einem blauen Stuhl sitzen in einem Garten voller Schnee mit Schnee bedeckt .	http://farm8.staticflickr.com/7446/9612830539_00c643ca98_z.jpg	error	error	error	too ungrammatical/infelictious	caption
COCO_train2014_000000065509.jpg	Schnee bedeckt einen blauen Stuhl in der Nähe von einem Zaun und einer Schaukel .	http://farm1.staticflickr.com/33/40270411_6b5d9102c0_z.jpg	state	durative	bedeckt		caption
COCO_train2014_000000065515.jpg	einem blauen Stuhl einen braunen Zaun weise Schnee und kleine Bäume	http://farm4.staticflickr.com/3260/3347937810_9891cbe9bd_z.jpg	error	error	error	too ungrammatical/infelicitous	caption
COCO_train2014_000000065516.jpg	a backyard with a chair covered in snow .	http://farm8.staticflickr.com/7018/6706015811_210c069ae5_z.jpg	error	error	error	not German	caption
COCO_train2014_000000065518.jpg	Ein Stück Kuchen und Kaffeetasse sitzt auf einem Tablett .	http://farm5.staticflickr.com/4021/4528273031_7281b2c089_z.jpg	state	durative	sitzt	"infelicitous, no native speaker would call this ""sitzt"""	caption
COCO_train2014_000000065523.jpg	teller mit essen und becher neben einer plastikwanne	http://farm3.staticflickr.com/2820/8802903440_c99fb0c142_z.jpg	error	error	none	no verb; stative	caption
COCO_train2014_000000065554.jpg	ein Stück Kuchen und eine Tase Kaffee oberhalb eines blauen Tabletts .	http://farm8.staticflickr.com/7215/7126616075_3242af8791_z.jpg	error	error	none	no verb; stative	caption
COCO_train2014_000000065557.jpg	ein Stück Kuchen und eine Tasse Kaffee auf einem Teller	http://farm3.staticflickr.com/2891/9145001174_d0fb11bf82_z.jpg	error	error	none	no verb; stative	caption
COCO_train2014_000000065562.jpg	blaues Tablett mit einer Papierserviette und einem Kaffeebecher darauf	http://farm3.staticflickr.com/2282/2091571596_991db9f7aa_z.jpg	error	error	none	no verb; stative	caption
COCO_train2014_000000065564.jpg	eine Gruppe von Soldaten schneiden eines riesigen Kuchen bei einer Zeremonie ab .	http://farm9.staticflickr.com/8034/8049230697_865736b2a2_z.jpg	atelic	durative	schneiden ab		caption
COCO_train2014_000000065566.jpg	eine kleine Gruppe von Loten Schneiden in eine große schön eingerichtete Kuchen	http://farm3.staticflickr.com/2810/9687141334_561da716f3_z.jpg	atelic	durative	schneiden		caption
COCO_train2014_000000065582.jpg	Vier Personen in DiensttrachtSchneiden einen Kuchen gekleidet .	http://farm1.staticflickr.com/29/39111048_7c7a2b5d4d_z.jpg	atelic	durative	schneiden	quite ungrammatical	caption
COCO_train2014_000000065584.jpg	Gruppe uniformierte Einzelpersonen , die unten erreichen und durch einen Kuchen schneiden .	http://farm8.staticflickr.com/7344/9008588863_632b9c0cfd_z.jpg	atelic	durative	schneiden	quite ungrammatical	caption
COCO_train2014_000000065586.jpg	Various senior military officials cutting a celebratory cake .	http://farm6.staticflickr.com/5185/5680141420_426e774330_z.jpg	error	error	error	not German	caption
COCO_train2014_000000065587.jpg	Ein Zug neben einer Ladeplattform .	http://farm4.staticflickr.com/3571/3347270284_5737401cbf_z.jpg	error	error	none	no verb; stative	caption
COCO_train2014_000000065588.jpg	ein Ingenieur mit einem schnittigen , blauen , japanischen Zug .	http://farm3.staticflickr.com/2256/2452969266_7b49bdd079_z.jpg	error	error	none	no verb; stative	caption
COCO_train2014_000000065594.jpg	ein Zug auf den Gleisen abgestellt	http://farm8.staticflickr.com/7091/7082396979_9df0137e22_z.jpg	state	durative	abgestellt		caption
COCO_train2014_000000065601.jpg	Einen verbeulten blauen Hochgeschwindigkeitszug mit einem Mann , der auf der Außenseite .	http://farm2.staticflickr.com/1320/571506963_39b7c34d99_z.jpg	error	error	none	no verb; stative	caption
COCO_train2014_000000065610.jpg	eine schnittig aussehende , blaue Lokomotive in einem Bahnhof .	http://farm8.staticflickr.com/7198/6820762818_03af1f69d8_z.jpg	error	error	none	no verb; stative	caption
COCO_train2014_000000065612.jpg	zwei Männer sitzt auf einem braunen Sofa und rieschen am Wein .	http://farm1.staticflickr.com/62/198447530_b903bdaa2a_z.jpg	state	durative	sitzt	"wrong verb form, should be plurarl, so ""sitzen"""	caption
COCO_train2014_000000065616.jpg	Ein Mann sitzt auf einer Couch  neben einem anderen Mann .	http://farm3.staticflickr.com/2811/9548703710_fce112ab14_z.jpg	state	durative	sitzt		caption
COCO_train2014_000000065630.jpg	Zwei Männer trinken mit geschlossenen Augen Wein	http://farm4.staticflickr.com/3117/3130513739_9cd8900eea_z.jpg	atelic	durative	trinken		caption
COCO_train2014_000000065632.jpg	Zwei Männer riechen Wein , während auf einer Couch sitzend .	http://farm9.staticflickr.com/8297/8013913160_d048b59dfd_z.jpg	atelic	durative	riechen		caption
COCO_train2014_000000065643.jpg	zwei Männer halten Weingläser , während auf einer Couch sitzend	http://farm6.staticflickr.com/5302/5890587667_19d315c85b_z.jpg	atelic	durative	halten		caption
COCO_train2014_000000065668.jpg	ein braunes und ein weisses Pferd stehn mitten im Gras .	http://farm2.staticflickr.com/1047/1429205763_67576b58d1_z.jpg	state	durative	stehn	sic!	caption
COCO_train2014_000000065685.jpg	Das ist ein Foto von einem grasenden Pferd auf einer offenen Wiese .	http://farm4.staticflickr.com/3590/3575578475_1c37ebcffd_z.jpg	error	error	none	no verb; stative	caption
COCO_train2014_000000065705.jpg	Pferd , das auf einem großen eingezäunten Feld steht und grast .	http://farm9.staticflickr.com/8469/8368633668_e7cd5f46dd_z.jpg	state	durative	steht		caption
COCO_train2014_000000065712.jpg	ein Pferd weidet auf einem umzäunten Grasfeld .	http://farm6.staticflickr.com/5157/5846398219_796522d038_z.jpg	atelic	durative	weidet		caption
COCO_train2014_000000065716.jpg	Ein braun-weisses Pferd grast auf einer Wiese .	http://farm1.staticflickr.com/48/135306281_06746ebf30_z.jpg	atelic	durative	grast		caption
COCO_train2014_000000065732.jpg	Eine Person bereite Brokkoli auf einem Ofen in der Küche vor .	http://farm5.staticflickr.com/4066/4422826267_120f18f9c4_z.jpg	atelic	durative	bereite vor		caption
COCO_train2014_000000065737.jpg	Zwei Hände schneiden Brokkoli auf einem Schneidebrett .	http://farm8.staticflickr.com/7110/7532240090_2d3cc9de97_z.jpg	atelic	durative	schneiden		caption
COCO_train2014_000000065753.jpg	mensch schneidet broccoli auf dem brett	http://farm5.staticflickr.com/4140/5411998860_a283b68ca9_z.jpg	atelic	durative	schneidet		caption
COCO_train2014_000000065755.jpg	Eine Person schneidet Broccoli auf einem Schneidbrett .	http://farm7.staticflickr.com/6174/6166099349_3eecff7121_z.jpg	atelic	durative	schneidet		caption
COCO_train2014_000000065769.jpg	Eine Person schneidet Brokkoli auf einem Brett .	http://farm9.staticflickr.com/8261/8650027620_80d7fdd976_z.jpg	atelic	durative	schneidet		caption
COCO_train2014_000000065776.jpg	ein Tisch mit Platten von Frühstück Essen und Getränke auf sie .	http://farm2.staticflickr.com/1304/1162141772_d10a6e0a9d_z.jpg	error	error	error	too ungrammatical	caption
COCO_train2014_000000065781.jpg	Ein paar Teller und Schüsseln mit Frühstücksessen .	http://farm3.staticflickr.com/2563/4135564551_3beca65d46_z.jpg	error	error	none	no verb; stative	caption
COCO_train2014_000000065793.jpg	ein Tisch mit Tellern und Essensschüsseln gedeckt	http://farm4.staticflickr.com/3172/2817333667_4a9cde33eb_z.jpg	state	durative	gedeckt	passive	caption
COCO_train2014_000000065816.jpg	Teller und Schalen vom Frühstück ,stehen auf einem Tisch .	http://farm5.staticflickr.com/4149/5165279680_c5cf059e64_z.jpg	state	durative	stehen		caption
COCO_train2014_000000065829.jpg	eine Tabelle , die einige Platten von Lebensmitteln auf sie hat .	http://farm5.staticflickr.com/4148/5199981053_27d7c25ed0_z.jpg	error	error	error	too ungrammatical	caption
COCO_train2014_000000065831.jpg	ein Glockenturm befindet sich auf einem Stadt -Ecke in der Nacht .	http://farm8.staticflickr.com/7108/7476999634_8ab70bc3a4_z.jpg	state	durative	befindet sich		caption
COCO_train2014_000000065835.jpg	Ein nebeliger Glockenturm steht in der Nacht auf einer Strasse .	http://farm8.staticflickr.com/7330/9485389635_3d37b09838_z.jpg	state	durative	steht		caption
COCO_train2014_000000065836.jpg	Eine Uhr an einer Stadtstraßen Ecke bei Nacht .	http://farm4.staticflickr.com/3711/9452156277_3bbe79f732_z.jpg	error	error	none	no verb; stative	caption
COCO_train2014_000000065837.jpg	ein großer uhrenturm aus dem oben raucht quillt .	http://farm9.staticflickr.com/8498/8361218669_01afa3b3b8_z.jpg	atelic	durative	quillt		caption
COCO_train2014_000000065841.jpg	Eine Uhr beleuchtet und aufgestellt im Stadtplatz	http://farm4.staticflickr.com/3242/2811095221_b85b0fee5a_z.jpg	state	durative	beleuchtet		caption
COCO_train2014_000000065842.jpg	ein Flugzeug fliegt mit Sonnenstrahlen am Himmel .	http://farm8.staticflickr.com/7284/8741044402_25c88d152a_z.jpg	atelic	durative	fliegt		caption
COCO_train2014_000000065855.jpg	ein Flugzeug ist gerade gestartet und fliegt durch den Sonnenschein .	http://farm5.staticflickr.com/4119/4812918900_aca6c96e31_z.jpg	telic	punctual	ist gestartet		caption
COCO_train2014_000000065859.jpg	ein Flugzeug fährt vor der Sonne vorbei .	http://farm5.staticflickr.com/4025/4645584095_2cb17685c6_z.jpg	atelic	durative	fährt	infelicitous	caption
COCO_train2014_000000065861.jpg	ein Flugzeug fliegen in der Luft neben ihr sieht man Sonnenflecken .	http://farm5.staticflickr.com/4071/4712885757_d4b05e5e46_z.jpg	atelic	durative	fliegen	ungrammatical/infelicitious	caption
COCO_train2014_000000065865.jpg	Ein kleiner Jet , fotografiert von unten fliegt nach der Sonne .	http://farm4.staticflickr.com/3516/3186322698_ffe258a9f0_z.jpg	error	error	none	no verb; stative	caption
COCO_train2014_000000065869.jpg	Ein Vogel streckt seinen Kopf durch Blätter auf der Wasseroberfläche .	http://farm9.staticflickr.com/8190/8419905584_c9edd42041_z.jpg	atelic	durative	streckt		caption
COCO_train2014_000000065880.jpg	Ein Vogel steckt seinen Kopf ins Wasser unter Schichten von Pflanzen .	http://farm6.staticflickr.com/5302/5659932542_441421689f_z.jpg	atelic	durative	steckt		caption
COCO_train2014_000000065884.jpg	Eine Ente mit dem Schnabel im Wasser .	http://farm6.staticflickr.com/5256/5480785019_d8acd03cae_z.jpg	error	error	none	no verb; stative	caption
COCO_train2014_000000065891.jpg	Ein Vogel mit einem langen Hals , sitzt auf einem Berg aus Dreck .	http://farm3.staticflickr.com/2013/2350907258_e119260caf_z.jpg	state	durative	sitzt		caption
COCO_train2014_000000065894.jpg	ein Vogel auf der Suche nach dem Wasser für einen Snack .	http://farm9.staticflickr.com/8506/8518184679_21f4f8030d_z.jpg	atelic	durative	auf der Suche	same as the other auf der Suche above	caption
COCO_train2014_000000065896.jpg	ein Bürotisch mit einen Monitor und eine Tastatur im Raum .	http://farm9.staticflickr.com/8166/7176386113_74f7fe65ab_z.jpg	error	error	none	no verb; stative	caption
COCO_train2014_000000065898.jpg	eine schwarze Computer und die Tastatur auf einem Schreibtisch aus Holz .	http://farm3.staticflickr.com/2735/4174994053_2bbfb9b6f7_z.jpg	error	error	none	no verb; stative	caption
COCO_train2014_000000065900.jpg	ein schwarzer Computermonitor auf einem hölzernen Tisch .	http://farm7.staticflickr.com/6073/6070248753_e4a2dc63fc_z.jpg	error	error	none	no verb; stative	caption
COCO_train2014_000000065901.jpg	wenig Büroplatz mit Arbeit überladen	http://farm6.staticflickr.com/5064/5580811827_5b6210faa3_z.jpg	error	error	none	no verb; stative	caption
COCO_train2014_000000065905.jpg	Ein Holztisch mit ein Computer oben auf ihm sitzen .	http://farm5.staticflickr.com/4046/4576641889_5620fdda9b_z.jpg	state	durative	sitzen	quite ungrammatical/infelicitous	caption
COCO_train2014_000000065916.jpg	ein Schlafzimmer mit einem Bett in der Nähe von Fenstern .	http://farm1.staticflickr.com/21/89502941_4ecae284a3_z.jpg	error	error	none	no verb; stative	caption
COCO_train2014_000000065924.jpg	zwei Kissen auf einem Bett nahe eines Fensters .	http://farm5.staticflickr.com/4075/4909642861_afe6e3d826_z.jpg	error	error	none	no verb; stative	caption
COCO_train2014_000000065938.jpg	Ein Bett mit zwei Kissen unter einem Fenster .	http://farm1.staticflickr.com/100/311348859_1fbbd9a15a_z.jpg	error	error	none	no verb; stative	caption
COCO_train2014_000000065943.jpg	ein Bett mit Bettwäsche und Kissen steht in der Nähe eines Fensters durch das die Sonne herein scheint .	http://farm5.staticflickr.com/4102/4919889746_9ef54748b7_z.jpg	state	durative	steht		caption
COCO_train2014_000000065953.jpg	Zwei große Kissen liegen auf dem Bett als Sonnenlicht in den Raum sickert .	http://farm8.staticflickr.com/7396/9494848614_fe58055f14_z.jpg	state	durative	liegen		caption
COCO_train2014_000000065955.jpg	eine Reihe von Autos wartet auf Fußgänger , die in den Prozess der Kreuzung der Straße , während die Ampel grün , auf einer belebten Straße in der Stadt sind .	http://farm3.staticflickr.com/2450/4092164400_449d998f78_z.jpg	state	durative	wartet	could also be atelic	caption
COCO_train2014_000000065957.jpg	Fußgänger überqueren die Strasse , als die Ampel auf Grün schaltet .	http://farm4.staticflickr.com/3257/2633528708_7f95af579d_z.jpg	atelic	durative	überqueren		caption
COCO_train2014_000000065961.jpg	Autos und Fußgänger bewegen sich an einer viel befahrenen Stadtstraße .	http://farm6.staticflickr.com/5178/5567324672_4c70801745_z.jpg	atelic	durative	bewegen		caption
COCO_train2014_000000065962.jpg	Fußgänger überqueren einen Zebrastreifen vor Verkehr bei grüner Ampel .	http://farm9.staticflickr.com/8362/8388649968_bc48d4d69d_z.jpg	atelic	durative	überqueren		caption
COCO_train2014_000000065965.jpg	Eine sehr geschäftige Straßenszene in Atlanta mit Linien von Autos und mehrere Ampeln dargestellt .	http://farm5.staticflickr.com/4058/4356290235_b972a48bdc_z.jpg	error	error	none	no verb; stative	caption
COCO_train2014_000000171179.jpg	ein Zimmer mit Schränke aus Holz und Fliesenböden umgebaut .	http://farm3.staticflickr.com/2787/4239937966_65dee70c0c_z.jpg	error	error	none	no verb; stative	caption
COCO_train2014_000000171180.jpg	der kleine Badezimmerboden ist z .Z . im Bau .	http://farm3.staticflickr.com/2838/9485145405_9246b8e10f_z.jpg	state	durative	ist		caption
COCO_train2014_000000171185.jpg	Dieses Bad hat  Holz toilette und Schränke	http://farm4.staticflickr.com/3005/2761004716_29b04048c8_z.jpg	state	durative	hat		caption
COCO_train2014_000000171194.jpg	ein winziges Zimmer mit Schränken , Waschbecken und Fernseher .	http://farm6.staticflickr.com/5016/5479535147_e4bc5024e4_z.jpg	error	error	none	no verb; stative	caption
COCO_train2014_000000171208.jpg	ein kleiner Raum , der gerade renoviert wird .	http://farm7.staticflickr.com/6035/7003116565_45da617a68_z.jpg	atelic	durative	renoviert wird		caption
COCO_train2014_000000171210.jpg	eine Pizza liegt auf einem Tisch	http://farm5.staticflickr.com/4023/4485409832_290af629d0_z.jpg	state	durative	liegt		caption
COCO_train2014_000000171221.jpg	eine große Pepperoni-Pizza und ein Bier sind hier zu sehen .	http://farm7.staticflickr.com/6015/5983174572_a8e0fc6525_z.jpg	state	durative	sind zu sehen		caption
COCO_train2014_000000171231.jpg	Eine Große Pizza sitzt auf dem Tisch	http://farm2.staticflickr.com/1374/3269994111_4b975a1b25_z.jpg	state	durative	sitzt	sitzt a bit odd though	caption
COCO_train2014_000000171235.jpg	Eine Pepperonipizza in einer Pfanne neben einem Bier .	http://farm2.staticflickr.com/1212/941658721_f303b361f5_z.jpg	error	error	none	no verb; stative	caption
COCO_train2014_000000171239.jpg	eine Pepperoni-Pizza und eine Flasche Bier	http://farm9.staticflickr.com/8012/7299205166_5207b886d4_z.jpg	error	error	none	no verb; stative	caption
COCO_train2014_000000171262.jpg	ein kleines Mädchen , das auf einer Bank neben einem anderen kleinen Mädchen sitzt	http://farm6.staticflickr.com/5291/5586675408_771fb66f70_z.jpg	atelic	durative	sitzt	could be stative, but more an activity in the context	caption
COCO_train2014_000000171269.jpg	Ein Mädchen fällt von der Bank hinunter auf ein anderes Mädchen .	http://farm1.staticflickr.com/4/4424735_7053ec0927_z.jpg	atelic	punctual	fällt herunter		caption
COCO_train2014_000000171270.jpg	Zwei Kinder spielen draußen auf der Bank .	http://farm4.staticflickr.com/3793/10067342296_d258b19150_z.jpg	atelic	durative	spielen		caption
COCO_train2014_000000171272.jpg	Zwei Mädchen in Kleidern spielen auf und um eine weiße Bank .	http://farm8.staticflickr.com/7308/9335537305_cc2164d729_z.jpg	atelic	durative	spielen		caption
COCO_train2014_000000171281.jpg	ein Kind Springen auf einem Haufen , während ein anderes Kind ist auf dem Boden .	http://farm6.staticflickr.com/5467/7062977455_5c34769613_z.jpg	atelic	durative	springen	very ungrammatical	caption
COCO_train2014_000000171284.jpg	ein Fahrrad , geparkt auf der Seite einer Straße , mit einem Kofferraum hinten drauf .	http://farm9.staticflickr.com/8007/7448874842_e4e9f50cc6_z.jpg	telic	durative	geparkt	might be stative	caption
COCO_train2014_000000171287.jpg	Ein Fahrrad mit einer Box dran ,  dessen Hinterrad geparkt ist .	http://farm4.staticflickr.com/3115/2595068138_f6669384a3_z.jpg	state	durative	ist		caption
COCO_train2014_000000171289.jpg	das Fahrrad hat einen Kühler für liefert zu den Menschen .	http://farm6.staticflickr.com/5227/5675141390_b52f15fabb_z.jpg	state	durative	hat		caption
COCO_train2014_000000171290.jpg	Fahrrad mit einem Briefkasten hinten drauf geparkt an einer Strassenecke .	http://farm4.staticflickr.com/3761/10078873086_6cff1a36c8_z.jpg	telic	durative	geparkt	could be stative	caption
COCO_train2014_000000171297.jpg	Da ist ein Fahrrad neben einem Auto geparkt .	http://farm6.staticflickr.com/5064/5700150744_30595b0c3c_z.jpg	state	durative	ist		caption
COCO_train2014_000000171309.jpg	Ein Mann fährt snowboard , um weiße Verkehrskegel .	http://farm4.staticflickr.com/3080/3164643687_f49bee62cc_z.jpg	atelic	durative	fährt		caption
COCO_train2014_000000171315.jpg	Ein Mann mit einem Helm steigt lange ein .	http://farm6.staticflickr.com/5463/7378153610_86a6dc49b1_z.jpg	atelic	durative	steigt ein		caption
COCO_train2014_000000171316.jpg	Skateboarder Fahrgefühl ist das Brett , um die Zapfen .	http://farm3.staticflickr.com/2824/9689292609_b0bf279553_z.jpg	error	error	error	sounds super weird	caption
COCO_train2014_000000171321.jpg	Der Mann fährt Skateboard um die Kegel	http://farm8.staticflickr.com/7107/7428613056_cb9fd32d6b_z.jpg	atelic	durative	fährt		caption
COCO_train2014_000000171328.jpg	ein Mann , der auf einem Skateboard steht .	http://farm9.staticflickr.com/8225/8547276977_14c366e553_z.jpg	state	durative	steht		caption
COCO_train2014_000000171330.jpg	Ein Safeway-Lieferwagen fährt vor einem anderen Wagen .	http://farm1.staticflickr.com/25/65255014_574c54a0da_z.jpg	atelic	durative	fährt		caption
COCO_train2014_000000171339.jpg	eine weiße Sattelanhänger mit schwarzer Schrift auf der Seite	http://farm4.staticflickr.com/3175/2723317396_8e833495c9_z.jpg	error	error	none	no verb; stative	caption
COCO_train2014_000000171353.jpg	Ein Traktor Trailer mit Schutz mit Schrift an der Seite	http://farm8.staticflickr.com/7032/6656636931_9d064e9dc2_z.jpg	error	error	none	no verb; stative	caption
COCO_train2014_000000171363.jpg	ein safeway LKW von jemand in einem Auto gesichtet	http://farm8.staticflickr.com/7159/6703613413_095e537cdb_z.jpg	telic	punctual	gesichtet		caption
COCO_train2014_000000171374.jpg	a safeway Lkw , der Waren für die Geschäfte führt .	http://farm9.staticflickr.com/8011/7522287156_f563fdc08f_z.jpg	state	durative	führt	also habitual	caption
COCO_train2014_000000171376.jpg	Vintage- Foto von einer Frau mit einem Tennisschläger .	http://farm2.staticflickr.com/1055/879924713_fd505c7608_z.jpg	error	error	none	no verb; stative	caption
COCO_train2014_000000171378.jpg	Frau mit Tennisschläger steht auf Rasenplatz .	http://farm1.staticflickr.com/150/408567945_d0bf4c5a84_z.jpg	state	durative	steht		caption
COCO_train2014_000000171380.jpg	ein Tennisspieler posiert für ein Bild in einem Schwarz-Weiß-Bild .	http://farm4.staticflickr.com/3227/2536466085_1ef907805f_z.jpg	atelic	durative	posiert		caption
COCO_train2014_000000171381.jpg	Frau , die in einem Feld mit einem Tennisschläger .	http://farm4.staticflickr.com/3027/2624010023_f4fd445b95_z.jpg	error	error	none	no verb; stative	caption
COCO_train2014_000000171384.jpg	Eine Frau in einem weißen Kleid und Hut hält ein Tennisschläger .	http://farm3.staticflickr.com/2471/3852045159_27d5d78546_z.jpg	error	error	none	no verb; stative	caption
COCO_train2014_000000171408.jpg	Ein Waschbecken und eine Badewanne in einem kleinen Raum .	http://farm4.staticflickr.com/3067/3043281414_0dae720132_z.jpg	error	error	none	no verb; stative	caption
COCO_train2014_000000171419.jpg	ein kunstvolles Badezimmer ist mit gelben und vielfarbigen Kacheln verziert .	http://farm9.staticflickr.com/8209/8238351107_cb4028ac4b_z.jpg	state	durative	ist verziert		caption
COCO_train2014_000000171422.jpg	Das Badezimmer ist in einem aufwendigen Stil eingerichtet .	http://farm2.staticflickr.com/1112/525519753_2c105b0473_z.jpg	state	durative	ist eingerichtet		caption
COCO_train2014_000000171429.jpg	Eine alte mediterrane gelb Mosaik gefliestes Bad mit verzierten Hängeleuchte	http://farm9.staticflickr.com/8141/7540751170_12fe540648_z.jpg	error	error	error	too ungrammatical	caption
COCO_train2014_000000171430.jpg	ein Badezimmer dekoriert mit viel Fantasy	http://farm9.staticflickr.com/8249/8611189285_cde1c4050b_z.jpg	state	durative	dekoriert		caption
COCO_train2014_000000171435.jpg	Eine Gruppe von drei Giraffen geht über ein Feld .	http://farm1.staticflickr.com/214/513085041_b78b3914ed_z.jpg	atelic	durative	geht		caption
COCO_train2014_000000171444.jpg	Drei Giraffen gehen zusammen durch ein Feld mit Bäumen hinter ihnen .	http://farm4.staticflickr.com/3396/3219384698_daacef4011_z.jpg	atelic	durative	gehen		caption
COCO_train2014_000000171449.jpg	Drei Giraffen sind zu Fuß in einer Rasenfläche .	http://farm8.staticflickr.com/7237/7266558028_cbce188f57_z.jpg	state	durative	sind		caption
COCO_train2014_000000171453.jpg	drei Giraffen laufen auf einem Feld .	http://farm7.staticflickr.com/6218/6326597052_e46c834eb4_z.jpg	atelic	durative	laufen		caption
COCO_train2014_000000171467.jpg	drei Giraffen zusammen zu Fuß über eine Rasenfläche .	http://farm8.staticflickr.com/7162/6583803343_378e9d4173_z.jpg	error	error	none	no verb; stative	caption
COCO_train2014_000000171468.jpg	eine Person windsurft im Ozean unter wolkigem Himmel .	http://farm4.staticflickr.com/3414/3278289986_e4fcf1a857_z.jpg	atelic	durative	windsurft		caption
COCO_train2014_000000171470.jpg	Grünschwarzer Stoff angebunden an einen Mann auf dem Wasser .	http://farm2.staticflickr.com/1375/626231902_56cb6cc395_z.jpg	error	error	none	no verb; stative	caption
COCO_train2014_000000171472.jpg	Eine Person in den Ozean mit einem Drachensegel .	http://farm2.staticflickr.com/1228/5126132993_6877cd5cc7_z.jpg	error	error	none	no verb; stative	caption
COCO_train2014_000000171478.jpg	a para sailor Segeln bei Sonnenuntergang auf dem Meer . .	http://farm8.staticflickr.com/7211/7330183298_7a861d6545_z.jpg	atelic	durative	segeln	a bit ungrammatical	caption
COCO_train2014_000000171479.jpg	Erwachsenen surfen auf den Wellen mit grünen und blauen Fallschirm	http://farm9.staticflickr.com/8251/8543216364_d783e97c8b_z.jpg	atelic	durative	surfen		caption
COCO_train2014_000000171484.jpg	ein Mann , der auf Ski einen schneebedeckten Abhang hinunter fährt .	http://farm8.staticflickr.com/7022/6655669745_1a529cfe00_z.jpg	atelic	durative	fährt		caption
COCO_train2014_000000171495.jpg	Ein Mann mit Skiern steht im Schnee .	http://farm9.staticflickr.com/8404/8676437719_292106f325_z.jpg	state	durative	steht		caption
COCO_train2014_000000171499.jpg	ein Skifahrer posiert für ein Schuss auf den nächtlichen Pisten	http://farm8.staticflickr.com/7342/8729464221_2dd255a77a_z.jpg	atelic	durative	posiert		caption
COCO_train2014_000000171536.jpg	Ein Mann in Outdoor-Ausrüstung Ski durch auf einem schneebedeckten Hang .	http://farm4.staticflickr.com/3424/3739045397_76f79ef612_z.jpg	error	error	none	 no verb; stative	caption
COCO_train2014_000000171564.jpg	Ein Mann steht auf einem Gipfel , während er Skis an hat .	http://farm7.staticflickr.com/6183/6054287797_36e1797e36_z.jpg	state	durative	steht		caption
COCO_train2014_000000171566.jpg	Ein zu einem Viertel gefülltes Glas mit Wein auf einem Tisch .	http://farm4.staticflickr.com/3245/3283506543_883d533011_z.jpg	error	error	none	no verb; stative	caption
COCO_train2014_000000171581.jpg	ein Glas Weißwein in einem Weinglas mit der Flasche im Hintergrund .	http://farm7.staticflickr.com/6208/6036499780_02d0329b34_z.jpg	error	error	none	no verb; stative	caption
COCO_train2014_000000171584.jpg	Eine Frau sitzt an einem Tisch mit Gläsern , die mit Wein gefüllt sind .	http://farm1.staticflickr.com/106/311348860_c0bb4f768c_z.jpg	state	durative	sitzt		caption
COCO_train2014_000000171585.jpg	Zwei Weingläser und ein Trinkglas sitzen an einem Tisch .	http://farm4.staticflickr.com/3160/2646087890_f1345363ef_z.jpg	state	durative	sitzen	sitzen infelicitous	caption
COCO_train2014_000000171590.jpg	a wine glass with an r on it partially filled with wine .	http://farm9.staticflickr.com/8215/8311234712_9d8daf8f5a_z.jpg	error	error	error	not German	caption
COCO_train2014_000000171607.jpg	Zwei schöne Frauen und ein Mann halten Nintendo Wii Controllers	http://farm6.staticflickr.com/5125/5286368574_a918115f84_z.jpg	atelic	durative	halten		caption
COCO_train2014_000000171637.jpg	eine Gruppe von Leuten auf einer Couch schauen auf Fernbedienungen	http://farm8.staticflickr.com/7032/6624367625_355739c53c_z.jpg	atelic	durative	schauen		caption
COCO_train2014_000000171639.jpg	eine Gruppe von Freunden , zwei Mädchen und ein Mann , Blick auf einen Wiimote .	http://farm3.staticflickr.com/2320/2079959186_d14dc06235_z.jpg	error	error	none	no verb; stative	caption
COCO_train2014_000000171647.jpg	drei Leute sitzen und Halten Wii-Controller .	http://farm6.staticflickr.com/5210/5211609933_e3d473b39a_z.jpg	atelic	durative	sitzen	could be a state, though is more of an atelic activity given the context	caption
COCO_train2014_000000171648.jpg	Zwei Frauen und ein Mann schauen auf zwei Videospiel Controller .	http://farm9.staticflickr.com/8186/8437828515_bd23ea060b_z.jpg	atelic	durative	schauen		caption
COCO_train2014_000000171649.jpg	eine Reihe von Menschen zu Fuß mit offenen Schirme	http://farm5.staticflickr.com/4058/5150231329_39c21f2ce5_z.jpg	error	error	none	no verb; stative	caption
COCO_train2014_000000171656.jpg	Menge von Menschen zu Fuß entlang mit Sonnenschirmen in der regen .	http://farm1.staticflickr.com/21/25155299_08133d6d34_z.jpg	error	error	none	no verb; stative	caption
COCO_train2014_000000171665.jpg	Eine Menge von Menschen mit Regenschirmengehen auf einem bürgersteig an einem regnerischen Tag	http://farm3.staticflickr.com/2624/3780065212_7733bc5754_z.jpg	error	error	none	no verb; stative	caption
COCO_train2014_000000171698.jpg	eine große Gruppe von Leuten mit Regenschirmen , an einem Regentag auf einer Ziegelsteinstraße gehend .	http://farm9.staticflickr.com/8503/8324418418_fd96aa2a4d_z.jpg	atelic	durative	gehend		caption
COCO_train2014_000000171729.jpg	Menschen zu Fuß nach unten einen Gehsteig mit einigen Sonnenschirmen .	http://farm4.staticflickr.com/3632/3824811836_65605d8329_z.jpg	error	error	none	no verb; stative	caption
COCO_train2014_000000171735.jpg	Eine große Kuh , die in einem Feld wird .	http://farm4.staticflickr.com/3309/3433886492_ea0390048a_z.jpg	error	error	error	does not make sense	caption
COCO_train2014_000000171736.jpg	Eine Milchkuh schaut nachdenklich in die Kamera .E	http://farm3.staticflickr.com/2473/3556712858_d9433177e0_z.jpg	atelic	durative	schaut		caption
COCO_train2014_000000171737.jpg	Eine Nahaufnahme von einer Kuh auf einem Feld .	http://farm8.staticflickr.com/7191/6994227493_513e55919d_z.jpg	error	error	none	no verb; stative	caption
COCO_train2014_000000171742.jpg	eine Kuh , die in der Mitte einer Zaun-abgegrenzten Wiese steht	http://farm5.staticflickr.com/4125/5049515590_7d2a2c1f03_z.jpg	state	durative	steht		caption
COCO_train2014_000000171758.jpg	eine Kuh steht im Gras neben einem Zaun .	http://farm6.staticflickr.com/5112/7209656846_b7d4848709_z.jpg	state	durative	steht		caption
COCO_train2014_000000171766.jpg	ein professioneller Tennisspieler schlägt den Ball .	http://farm4.staticflickr.com/3296/4594357741_cfe36ddf81_z.jpg	atelic	punctual	schlägt		caption
COCO_train2014_000000171768.jpg	Der Tennisspieler erwartet eine leistung vom Tennisball .	http://farm3.staticflickr.com/2371/5699500271_086ed1348b_z.jpg	state	punctual	erwartet		caption
COCO_train2014_000000171785.jpg	Ein man lauft über ein Feld mit zwei Frauen hinter ihm	http://farm4.staticflickr.com/3380/3261618522_54a6a63a53_z.jpg	atelic	durative	läuft		caption
COCO_train2014_000000171806.jpg	Der Tennisspieler rennt , um den Ball mit seinem Schläger zu erwischen	http://farm3.staticflickr.com/2262/2076942448_438520ded7_z.jpg	atelic	durative	rennt		caption
COCO_train2014_000000171808.jpg	Ein Mann in Turnschuhen mit einem Schläger läuft .	http://farm4.staticflickr.com/3085/2544365955_8cff9b6b35_z.jpg	atelic	durative	läuft		caption
COCO_train2014_000000171834.jpg	Zwei gelbe Taxis sind auf einer dunklen Stadtstraße .	http://farm4.staticflickr.com/3700/9111623702_c787dd0838_z.jpg	state	durative	sind		caption
COCO_train2014_000000171837.jpg	Ein Stopplicht in der Innenstadt .	http://farm1.staticflickr.com/54/145346587_9fc987c230_z.jpg	error	error	none	no verb; stative	caption
COCO_train2014_000000171841.jpg	autos fahren die strasse runter in die dreckige stadt	http://farm4.staticflickr.com/3756/9191316189_13cdb9919b_z.jpg	atelic	durative	fahren		caption
COCO_train2014_000000171845.jpg	eine geschäftige Stadt Straße mit Autos und Taxis .	http://farm4.staticflickr.com/3023/2725810814_aa11538077_z.jpg	error	error	none	no verb; stative	caption
COCO_train2014_000000171848.jpg	ein Paar von gelben Taxis fahren durch eine Stadt Kreuzung .	http://farm3.staticflickr.com/2854/9251706792_2703b5592e_z.jpg	atelic	durative	fahren		caption
COCO_train2014_000000171875.jpg	ein Straßenzeichen , welches vor einem Gebäude steht .	http://farm3.staticflickr.com/2742/4177461810_5bfc7e4e1b_z.jpg	state	durative	steht		caption
COCO_train2014_000000171885.jpg	Eien Ampel und Verkehrsschilder nahe eines Gebäudes , das viele Autos und Fußgänger passieren .	http://farm3.staticflickr.com/2829/9449711787_6ea88f1800_z.jpg	atelic	durative	passieren	could also be interpreted as a habitual state	caption
COCO_train2014_000000171940.jpg	eine Bremsleuchte mit einem Verkehrsschild sitzt vor einem Gebäude .	http://farm3.staticflickr.com/2518/3777882689_6f1772f8e6_z.jpg	state	durative	sitzt	sitzt not really the right word	caption
COCO_train2014_000000171943.jpg	ein Straßenschild zeigt zwei Pfeile in beide Richtungen .	http://farm6.staticflickr.com/5504/9341280232_9619c08513_z.jpg	state	durative	zeigt		caption
COCO_train2014_000000171950.jpg	Gelbes Schild , das irgend etwas mit einer Frau zeigt , an einer Strasse .	http://farm4.staticflickr.com/3535/3766355763_9f4e08814f_z.jpg	state	durative	zeigt		caption
COCO_train2014_000000171959.jpg	eine tennisspielende Frau , dabei den Ball zu treffen .	http://farm8.staticflickr.com/7374/9143899951_63bf282335_z.jpg	atelic	punctual	treffen		caption
COCO_train2014_000000171966.jpg	die frau hält ihrem Tennisschläger immer bereit , treffen .	http://farm4.staticflickr.com/3496/3793992787_9ff9086dfe_z.jpg	state	durative	hält		caption
COCO_train2014_000000171967.jpg	Ein weiblicher Tennisspieler macht sich bereit den Ball zu schlagen .	http://farm7.staticflickr.com/6055/5879954084_9cab839621_z.jpg	atelic	durative	macht sich bereit		caption
COCO_train2014_000000171997.jpg	Eine Frau steht mit einem Tennisschläger auf einem Tennisplatz .	http://farm3.staticflickr.com/2465/3936074843_1571d8b29c_z.jpg	state	durative	steht		caption
COCO_train2014_000000172000.jpg	ein Tennisspieler reagiert während eines Matches auf dem Tennisplatz .	http://farm1.staticflickr.com/74/230016892_78cd757a0b_z.jpg	atelic	punctual	reagiert		caption
COCO_train2014_000000172010.jpg	Ein Teddybär mit einem Schild sitzt auf einem großen Stein .	http://farm9.staticflickr.com/8498/8275343310_b37b2fe23f_z.jpg	state	durative	sitzt		caption
COCO_train2014_000000172012.jpg	Eine braune Teddybär oben auf Felsen sitzen .	http://farm3.staticflickr.com/2440/3568608682_872ac5e06b_z.jpg	state	durative	sitzen	not really grammatical	caption
COCO_train2014_000000172017.jpg	Ein fusseliger Teddybär sitzt auf einem Felsblock .	http://farm6.staticflickr.com/5217/5532715974_730f0eb5f0_z.jpg	state	durative	sitzt		caption
COCO_train2014_000000172020.jpg	Ein Teddy Bär sitzt auf ein paar Steinen .	http://farm3.staticflickr.com/2756/4096353447_794ae95299_z.jpg	state	durative	sitzt		caption
COCO_train2014_000000172023.jpg	Ein süsser kleiner brauner Teddybär sitzt auf einem Stein neben einem Busch .	http://farm2.staticflickr.com/1377/3269845713_b9c41a252d_z.jpg	state	durative	sitzt		caption
