Sentence	Class	Subclass	Verb	Comment	Source
eine Person , die Baseball spielt	atelic	durative	spielt		caption
zwei gegnerische baseball spieler treffen sich auf einem baseball diamant .	atelic	punctual	treffen	could be durative	caption
beiden Teamkollegen von gegnerischen Mannschaften spielen Baseball .	atelic	durative	spielen		caption
Oberliga Basketball Spiel mit Spieler von Pittsburgh Pirates gehen durch die Heimat	atelic	durative	gehen	not quite grammatical	caption
Ein Baseball spieler rennt nach Hause während der Fenger  weg geht	atelic	durative	rennt	jfc, should be spelled Fänger not Fenger....	caption
Eine Katze  ruht ihre Pfote auf einer Computermaus aus .	atelic	durative	ruht aus		caption
eine Katze mit ihren Pfoten auf einer Computer-Maus	error	error	none	"no verb - caption doesnt contain a verb (the obvious choice of a form of ""be"" is omitted); sentence is stative"	caption
ein Tier hat seine Pfoten oben auf einem elektronischen Gerät .	state	durative	hat		caption
ein Mann berührt die Computer Maus mit seiner Tatze	atelic	punctual	berührt	could be durative	caption
Eine Katze spielt mit seinen Pfoten an einer Computer-Maus auf einem Schreibtisch .	atelic	durative	spielt		caption
Ein Vogelschwarm fliegt über ein große See	atelic	durative	fliegt		caption
Eine sehr große Gruppe von Vögeln , die zusammen herumfliegen .	atelic	durative	herumfliegen	"compound verb, root ""fliegen"""	caption
Vogelschwarm Das Starten von Wasser in der Nähe von langen Pier am offenen Meer .	error	error	none	does not make sense	caption
Es fliegen viele Vögel zusammen in einem Schwarm über das Wasser .	atelic	durative	fliegen		caption
ein Haufen Vögel , nahe dem Wasser herumfliegend	atelic	durative	herumfliegend	"compound verb, root ""fliegen"""	caption
ein Soldat hält etwas für einen jungen Bären	atelic	durative	hält		caption
ein Mann hält einem Bären Essen entgegen .	atelic	durative	hält		caption
Schwarz-Weiß-Foto eines Offiziers bietet ein Element zum hinsetzen	error	error	none	does not make sense	caption
ein Bär auf seinem hinteren Ende sitzt in einem gestellten Foto .	atelic	durative	sitzt		caption
ein Männer streckt seinen Arm nahe einem sitzenden Bären aus .	atelic	punctual	streckt		caption
ein Tisch mit einer Schüssel Suppe und einer Flasche Wasser	error	error	none	"no verb in the sentence - the right form for ""be"" is omitted; sentence is stative"	caption
eine Tabelle , die eine Schüssel des Lebensmittels und der Flasche Wassers hat	state	durative	hat		caption
Eine Nahaufnahme von einer Schüssel von Lebensmitteln mit Brokkoli .	error	error	none	no verb; sentence is stative	caption
Eine Schüssel Gemüsebrühe , mit Fritten und einer Flasche Wasser daneben .	error	error	none	no verb; sentence is stative	caption
eine Schüssel Suppe sitzend nahe bei einer Platte von Fischrogen .	atelic	durative	sitzend		caption
der schwarzgekleidete mann fährt auf einem snowboard in dem eisigen gebiet .	atelic	durative	fährt		caption
Ein Mann fährt auf dem Snowboard den Hügel runter .	atelic	durative	fährt		caption
Ein junger Mann Snowboarden einen Hügel hinunter in Zick-Zack .	atelic	durative	snowboarden		caption
Ein Snowboarder lächelt und gleitet den Hügel herunter .	atelic	durative	lächelt		caption
Ein junger Mann beugt sich beim snowboarden den Berg hinunter	atelic	punctual	beugt		caption
Eine Gruppe von Zebras Mühle herum in kurzen Gras .	error	error	none	no verb; sentence is stative	caption
eine Gruppe von Zebra zu Fuß auf einem grasartigen Gebiet	error	error	none	no verb; sentence is stative	caption
Eine Gruppe von Zebras , bewegt sich in einem dicht grünen Feld .	atelic	durative	bewegt		caption
Vielfache Zebras , einschließlich eines Babys ein , durch das Gras spazieren gehend .	atelic	durative	spazieren gehend		caption
vier Zebras grasen auf einem Grasfeld	atelic	durative	grasen		caption
Drei Frau spielen mit Wii-Fernbedienungen in einem Konferenzraum .	atelic	durative	spielen		caption
Drei Leute stehen in einem großen Raum und spielen Nintendo Wii .	atelic	durative	stehen		caption
Drei Frauen spielen ein Videospiel vor Zuschauern .	atelic	durative	spielen		caption
Ein Trio von Frauen spielen die Nintendo Wii in einem Ausstellungsraum .	atelic	durative	spielen		caption
Zwei Frauen , die gelehrt werden , um wii auf einer Party zu spielen .	atelic	durative	gelehrt werden	passive and slightly ungrammatical	caption
Eine Person liegt auf einem Bett mit den Füssen nach oben .	atelic	durative	liegt		caption
ein Paar Fußrest auf einem gut gemachten Bett .	telic	durative	gut gemachten		caption
Ein Bett mit zwei Kissen und Beine einer Frau mit Schuhen auf dem Bett .	error	error	none	no verb; sentence is stative	caption
Eine Person liegt auf einem Bett neber roten Kissen .	atelic	durative	liegt		caption
Das ist ein Bild von einem Fuß einer Person , die mit einem Kissen auf dem Bett liegt .	state	durative	ist		caption
Eine Glatze Geschäftsmann lächelt halbherzig in die Kamera .	atelic	durative	lächelt		caption
Der Mann trägt einen Anzug und steht in einem Büro .	state	durative	trägt einen Anzug	"could be atelic, though a state makes more sense in this context (""wears a suit"") imho"	caption
ein Mann im Anzug steht in einem Büro	atelic	durative	steht		caption
mann im anzug macht foto im büro	atelic	durative	macht		caption
Ein Geschäftsmann posiert für ein Foto im Geschäftsbüro .	atelic	durative	posiert		caption
Ein Mann eine Welle zu reiten auf einem Surfbrett in den Ozean .	atelic	durative	reiten	_very_ ungrammatical	caption
eine Person im Taucheranzug surft mit dem Surfboard auf einer Welle	atelic	durative	surft		caption
Diese Welle sieht nicht besonders anspruchsvoll aus für einen Surfer .	state	durative	sieht		caption
ein Surfer surft unten einige Wellen .	atelic	durative	surft		caption
eine Person auf einem Skate-Board Reitet eine kleine Welle im Ozean .	atelic	durative	reitet		caption
Ein rotes Motorrad parkt in einer Ladezone .	state	durative	parkt	difficult - could also be atelic	caption
ein sehr schön aussehendes Motorrad steht neben einem Auto auf einem Parkplatz	state	durative	steht		caption
ein rotes Motorrad geparkt neben einem Auto	state	durative	geparkt		caption
Ein Motorrad ist in einer Parklücke geparkt .	state	durative	ist geparkt		caption
Ein rotes Motorrad wird vor einem Auto geparkt .	atelic	durative	wird geparkt		caption
Kleines Wohnzimmer mit einem grossen Gemälde an der Wand .	error	error	none	no verb; stative	caption
ein Wohnzimmer mit einem farbenfrohen orientalischen Teppich .	error	error	none	no verb; stative	caption
Ein Wohnzimmer hat Sofas , Stühle und einen Fernsehtisch .	state	durative	hat		caption
Ein Wohnbereich mit bemerkenswerten , Stuhl , Hocker und Fernseher .	error	error	none	no verb; stative	caption
Ein Wohnzimmer mit Couch , Sessel , TV und einem orientalischen Teppich .	error	error	none	no verb; stative	caption
ein Mann mit einer blauen Krawatte schaut nachdenklich in den Wald .	atelic	durative	schaut		caption
Der junge Junge sitzt in dem grünen Bereich und trägt eine blaue Krawatte .	atelic	durative	sitzt		caption
ein Mann posiert für ein Bild , seine Faust unter seinem Kinn ruhend .	atelic	durative	posiert		caption
ein Mann mit einer blauen Fliege posiert vor einer Kamera .	atelic	durative	posiert		caption
ein junger Mann , trägt ein schwarzes Hemd und blauer Krawatte vor einem Wald .	state	durative	trägt ein schwarzes Hemd		caption
Im Zoo ist eine sehr Große Giraffe	state	durative	ist		caption
Eine Giraffe steht im Gras neben Ziegelsteinen .	state	durative	steht		caption
Eine kleine Giraffe	error	error	none	no verb; stative	caption
Eine Giraffe steht draußen bei einer Wand .	state	durative	steht		caption
eine Giraffe steht im Gras neben einer Steinwand .	state	durative	steht		caption
eine Toilette mit Urinal neben einem WC .	error	error	none	no verb; stative	caption
Ein Badezimmer hat gemusterte Wände , ein Urinal und eine Toilette .	state	durative	hat		caption
das kleine Bad hat eine Toilette und ein Urinal .	state	durative	hat		caption
Innenfoto der Herrentoilette eines Restaurants .	error	error	none	no verb; stative	caption
ein kleiner öffentlicher Warteraum mit weißer Toilette und Urinal .	error	error	none	no verb; stative	caption
ein Pfosten , der ein Bündel Schilder trägt .	error	error	none	no verb; stative	caption
Während der Nachtzeit steht ein Auto in einer asiatischen Stadt an einer roten Ampel .	state	durative	steht		caption
Außenschilderund vier und der Kennzeichnung auf Stadt während der Nacht	error	error	none	no verb; stative	caption
Ein Taxi hält in Asien bei rotem Licht an .	atelic	durative	hält an		caption
Autos fahren hinunter eine Stadtstraße in der Nacht .	atelic	durative	fahren		caption
Ein Stofftier sitzt auf einem Teller neben einem Sandwich .	state	durative	sitzt		caption
Ein halbes Sandwich auf einem Teller , neben dem sich ein kleines Kuscheltier befindet .	state	durative	befindet		caption
ein Teddybär , der nahe bei einem Sandwich sitzt , halbieren auf einer Platte .	state	durative	sitzt		caption
ein teller , der ein halbes erdnussbutter und gelee brötchen und ein kleines mit lamm gestopftes tier hat .	state	durative	hat		caption
winziges ausgestopftes Tierspielzeug und ein halb Erdnussbutter- , halb Gelee-Sandwich auf einem Teller .	error	error	none	no verb; stative	caption
Ein Vogel hat sich auf einen Bananenbaum mit vielen Blättern niedergelassen .	telic	punctual	hat sich niedergelassen		caption
Ein sehr üppig grünaussehender Baum mit Bananen darauf .	error	error	none	no verb; stative	caption
Bananen wachsen an einem Baum in dem Dschungel .	atelic	durative	wachsen		caption
unreife Bananen auf einem Baum in einem Wald .	error	error	none	no verb; stative	caption
Ein großes grünes Blatt hängt vom Baum .	state	durative	hängt		caption
Einige Vespas fahren eine Gasse entlang .	atelic	durative	fahren		caption
Eine Gruppe von Menschen fährt durch eine schmale Strasse auf Rollern .	atelic	durative	fährt		caption
Leute stehen und fahren eine Gasse mit Mopeds entlang	state	durative	stehen		caption
Männer die einen belebten städtischen Einkaufsbezirk entlangfahren .	atelic	durative	entlangfahren	compound verb; root is fahren	caption
eine Reihe Radfahrer bahnen sich ihren Weg durch die enge Straße , durch Gebäude und Fußgänger hindurch .	atelic	durative	bahnen		caption
Statue einer Frau Reinigung eines Spielzeug WC .	error	error	none	seems like 2 captions got merged	caption
eine Puppe von einer Magd Reinigung ein Holzspielzeug WC .	error	error	none	same as above	caption
eine braune Toilette und eine Figur in schwarzem Kleid .	error	error	none	no verb; stative	caption
eine Statue einer Frau , Putting etwas in einer Toilette .	error	error	none	no verb and not grammatical	caption
Kleine weibliche Figur steht über ein Spielzeug Toilette .	state	durative	steht		caption
ein Mann mit einem Hut wird mit dem Fahrrad .	error	error	none	no verb; stative	caption
Ein Mann mit dem Fahrrad auf der Straße .	error	error	none	no verb; stative	caption
der Radfahrer trägt einen Strohhut .	state	durative	trägt		caption
Ein Schwarz-Weiß- Foto von einem Mann auf einem Fahrrad .	error	error	none	no verb; stative	caption
Ein Mann in einem Anzug mit Hut fährt auf einem Fahrrad .	atelic	durative	fährt		caption
ein Stadtbus , eine Straße umgeben von hohen Gebäuden entlangfahrend .	state	durative	umgeben	passive	caption
Das ist der Bus der dich zur Hochschule bringt .	state	durative	ist	slightly odd (though perfectly grammatical) sentence for a caption; descriptive	caption
ein Bus unterwegs auf dem Weg zum College-Punkt .	atelic	durative	unterwegs		caption
ein Stadtbus fährt auf einer vielbefahrenen Straße auf seiner Spur .	atelic	durative	fährt		caption
Ein Stadtbus an einer leeren Strasse .	error	error	none	no verb; stative	caption
eine giraffe biegt ihren nacken und scheind sich auf etwas zu freuen .	atelic	durative	biegt		caption
eine Giraffe , die auf einer Rasenfläche betroffen schaut .	atelic	durative	schaut		caption
Die große Giraffe steht vor einem Baum .	state	durative	steht		caption
Eine Giraffe schaut über seiner linken , während in einer grasbewachsenen Bereich .	atelic	durative	schaut		caption
eine giraffe steht im Jungel und siehst sich um .	state	durative	steht		caption
sechs Frauen machen anzügliche Gesichtsausdrücke und halten dabei Tennisschläger	atelic	durative	machen		caption
Sechs kleine Mädchen posieren in einem Feld mit Tennisschlägern .	atelic	durative	posieren		caption
Das ist eine Gruppe von Mädchen , einige mit Tennisschlägern .	state	durative	ist	descriptive	caption
Eine Gruppe von jungen Frauen Schleifen nebeneinander holding Tennisschläger .	error	error	none	not German	caption
Sechs Frauen stehen im Gras mit Tennisschlägern .	state	durative	stehen		caption
ein mann spielt tennis auf dem tennisplatz	atelic	durative	spielt		caption
ein Mann holt zum Schlag auf einen Tennisball aus	atelic	durative	holt aus		caption
Schwarz-weiß-Foto eines Mannes , der Tennis spielt .	atelic	durative	spielt		caption
Ein Bild von einem Mann der auf einem Tennisplatz einen Ball schlägt .	atelic	punctual	schlägt		caption
ein Mann auf einem Tennisplatz im Begriff , auf einem Tennisball streichen	error	error	none	too ungrammatical	caption
jemand mit Skiern nur mit einem Sprung weiterweg	error	error	none	too ungrammatical	caption
Menschen beobachten einen Skifahrer , einen sehr hohen Sprungschanze .	atelic	durative	beobachten		caption
ein Skifahrer fliegt in die Luft	atelic	durative	fliegt		caption
Ein Skifahrer steigt durch die Luft , als eine Menschenmenge an schaut .	atelic	durative	steigt		caption
Der man springt mit Ski den Berg runter .	atelic	durative	springt		caption
eine Nahaufnahme von einer Reihe von Weingläser auf einem Tisch	error	error	none	no verb; stative	caption
Gläser voll Wein stehen bereit für eine Weinprobe .	state	durative	stehen		caption
Ein Tisch mit 5 Wein Gläsern und eine Mahlzeit darauf .	error	error	none	no verb; stative	caption
mehrere Weingläser haben nur ein wenig Wein in jedem von ihnen .	state	durative	haben		caption
ein hölzerner Tisch mit verschiedenen Weingläsern .	error	error	none	no verb; stative	caption
ein weißes Badezimmer hat eine Wanne , eine Wanne und eine Toilette .	state	durative	hat		caption
Ein sehr kompaktes Bad mit Waschbecken , Dusche und WC .	error	error	none	no verb; stative	caption
ein weißes Küchentheke neben einem weißen WC und Badewanne .	error	error	none	no verb; stative	caption
ein sehr kleines Badezimmer hat Toiletten und alles passt zusamen	state	durative	hat		caption
bad mit waschbecken wc und badewanne	error	error	none	no verb; stative	caption
ein Mann und ein Kind auf einem Strand .	error	error	none	no verb; stative	caption
Ein Mann und ein Junge sind am Stand kiten .	state	durative	sind		caption
Ein kleiner Junge steht neber einem Mann mit einem Drachen spielend .	state	durative	steht		caption
Vater und Sohn lassen einen Drachn am Strand steigen	atelic	durative	lassen einen Drachen steigen		caption
ein Mann und ein Junge lassen am Strand einen Drachen fliegen .	atelic	durative	lassen einen Drachen fliegen		caption
Ein Durcheinander gebrachter Tisch , mit elektrischen Tischen und Papier .	error	error	none	no verb; stative	caption
ein kleiner Laptop sitzt auf einem Schreibtisch .	state	durative	sitzt	"sitzt semantically very odd, likely non-native speaker, correct would be ""steht"""	caption
in einem eingezäunten bereich ist der kopf einer giraffe	state	durative	ist		caption
laptop und maus liegen auf dem schreibtisch	state	durative	liegen		caption
ein geöffneter Laptop auf einem Schreibtisch , nebst Papieren , Büchern und elektronischen Geräten .	error	error	none	no verb; stative	caption
Eine Gruppe von vier roten Bussen vor großen Gebäuden geparkt	error	error	none	no verb; stative	caption
Doppeldeckerbusse sind in einer Linie vor der stattlichen Hochhäusern geparkt .	state	durative	sind		caption
Busse auf der linken Spur und Autos an einer Ampel gestoppt	telic	durative	gestoppt	"slightly ungrammatical, ""sind [...] gestoppt"" would have been better"	caption
Eine Ansicht einer Stadtstraße mit mehreren Doppeldeckerbusse parkten entlang der Seite , wie Autos fahren durch .	error	error	error	too ungrammatical, def not a native speaker	caption
Einige zweistöckige rote Busse auf einer Stadtstraße .	error	error	none	no verb; stative	caption
Die Menschen tragen Anzüge und Wasser-Ski in den großen Swimmingpool zuspringen .	atelic	durative	tragen		caption
Die Skifahrer Flip in die Wasser Stunts .	error	error	error	too ungrammatical	caption
Wasserskier machen Tricks und springen in einen Pool .	atelic	durative	machen		caption
Drei Männer auf Skien fliegen über blauem Wasser .	atelic	durative	fliegen		caption
Wasserschisportler machen Tricks in der Luft über dem Wasser .	atelic	durative	machen		caption
eine Pizza auf einem Tisch mit einer Schüssel mit Trauben und Getränke .	error	error	none	no verb; stative	caption
Eine große Pizza mit Belägen auf dem Tisch , in einem dunklen Raum .	error	error	none	no verb; stative	caption
Ein Glas Bier steht neben einer Pizza .	state	durative	steht		caption
Eine Pizza auf einem Tisch neber einem Teller Oliven .	error	error	none	no verb; stative	caption
Eine Nahaufnahme von einem Stück Pizza das auf dem Tisch liegt .	state	durative	liegt		caption
Leute fahren an einem verschneiten Tag mit Ski durch die Stadt .	atelic	durative	fahren		caption
Eine Gruppe von Menschen zu Fuß und Langlaufen in den Schnee in der Mitte der Stadt .	error	error	none	no verb; stative; ungrammatical	caption
fünf Menschen spielen in den schneebedeckten Straßen der Stadt , zwei sind Skifahren .	atelic	durative	spielen		caption
Menschen , mit und ohne Schiehern , balablabla	error	error	none	no verb; stative; ridiculously useless	caption
Skifahrer Reisen durch Schnee in der Mitte der Stadt am schneebedeckten Tag .	atelic	durative	reisen		caption
zwei Männer in einem Wohnzimmer , Videospiele spielend .	atelic	durative	spielend		caption
Zwei Leute spielen ein Videospiel auf der Nintendo Wii .	atelic	durative	spielen		caption
zwei Männer spielen Wii im Wohnzimmer .	atelic	durative	spielen		caption
Zwei Männer in einem Raum , die mit irgendetwas beschäftigt sind .	atelic	durative	beschäftigt sind		caption
ein Mann , neben einem Mann mit erhobenem Arm in einem Raum stehend .	state	durative	stehend		caption
ein Farmer steht neben seinen Kühen an der Scheune .	state	durative	steht		caption
ein Mann , der nahe bei eine Gruppe Kühe steht	state	durative	steht		caption
Ein Mann steht vor einigen Kühe	state	durative	steht		caption
Ein Mann , der vor einer Herde von weidenden Kühen .	error	error	none	no verb; stative	caption
Mann in lila Top und Jeans , vor vier Kühe in Futter Stift .	error	error	none	no verb; stative	caption
Ein kleiner Vogel auf einem Stuhl stehend .	state	durative	stehend		caption
n kleiner Vogel sitzt auf der Spitze eines Korbstuhl .	state	durative	sitzt		caption
Ein brauner und weisser Vogel , ein Tisch und ein Sessel	error	error	none	no verb; stative	caption
ein kleiner Vogel auf einem braunen Weidenstuhl thront .	state	durative	thront		caption
ein Bild von einem Vogel auf der Rückseite eines Stuhls außerhalb thront .	state	durative	thront		caption
bär hält britische fahne im anhänger	atelic	durative	hält	might be stative	caption
Ein Teddy Bär mit einem Schild vor ihm .	error	error	none	no verb; stative	caption
Teddybären in einem Wagen zu senden einige Wünsche .	error	error	error	too ungrammatical	caption
Zwei Bären liegen gegen einen Baum mit einer Aufschrift	state	durative	liegen		caption
ein paar süße Stofftiere und ein Zeichen auf einem Wagen .	error	error	none	no verb; stative	caption
Eine Nahaufnahme von einem Zug auf einem Bahngleis .	error	error	none	no verb; stative; descriptive	caption
Ein Zug fährt über die Spuren einer Stadt	atelic	durative	fährt		caption
Ein sehr langer Zug hält auf dem Gleis	atelic	durative	hält		caption
ein langer weißer zug , der die strecke hinunter fährt , unter elektrischen drähten .	atelic	durative	fährt		caption
ein Zug auf der Bahnstrecke unterwegs .	error	error	none	no verb; stative	caption
zwei Menschen am Ende einer  Parkzone .	error	error	none	no verb; stative	caption
Junge Männer stehen in einem sozialen Gebiet in der Stadt .	state	durative	stehen		caption
"ein Mann mit einem Hut , neben einem ""No Smoking""-Schild stehend"	state	durative	stehend		caption
zwei asiatische Männer stehen in der Nähe eines Rauchzeichens .	state	durative	stehen		caption
zwei Leute stehen in der Nähe eines Schildes draußen auf einem Platz	state	durative	stehen		caption
Ein Laptop-Computer steht auf einem Computer-Schreibtisch neben einer Tastatur .	state	durative	steht		caption
Ein Laptop voller verschiedener Sticker , wird festgehalten .	error	error	none	no verb; stative	caption
ein Mac-Laptop mit einer Reihe von verschiedenen Aufklebern an der Spitze .	error	error	none	no verb; stative	caption
Ein Bild eines Arbeitsbereiches und Computers .	error	error	none	no verb; stative	caption
Gymnasiast nahm seinen Laptop in die Schule .	telic	durative	nahm		caption
ein Auto fährt auf einer sehr engen Strasse in den Bergen	atelic	durative	fährt		caption
ein Auto unterwegs neben einem steilen Berghang .	error	error	none	"no verb; stative; unterwegs would require ""ist"""	caption
Foto aus dem Fahrzeug auf Gebirgs schmalen Gebirgspass der Suche sehr gefährlich mit hohen steilen Abfall abgebaut .	error	error	error	too ungrammatical	caption
eine Autorückansicht auf einem Feldweg .	error	error	none	no verb; stative	caption
Ein Auto fährt direkt neben einer steilen Klippe , die hoch hinauf ragt .	atelic	durative	fährt		caption
Zwei Leuten reiten einen Elefant mit einem Regenschirm .	atelic	durative	reiten		caption
zwei menschen sitzen mit einem sonnenschirm auf dem elefant	state	durative	sitzen		caption
Zwei Leute , die auf dem Rücken eines Elefanten sitzen .	state	durative	sitzen		caption
die zwei Leute reiten einen Elefanten mit Regenschirm .	atelic	durative	reiten		caption
es gibt Leute , die sitzen auf einem Elefanten unter Dach .	state	durative	sitzen		caption
eine Person Entladen Trauben von Bananen in großen Körben .	atelic	durative	entladen	quite ungrammatical	caption
Zwei Leute sind neben eine Große Auswahl Bananen	state	durative	sind		caption
mehrere Körbe , gefüllt mit haufenweise unreifen Bananen .	state	durative	gefüllt		caption
ein Mann packte ein Bündel von Bananen aus einem großen Display von Containern	telic	durative	packte		caption
Körbe und ein Gestell mit Bananen auf einem Outdoor-Markt	error	error	none	no verb; stative	caption
Ein Monstertruck fliegt im Rahmen einer Show durch die Luft .	atelic	durative	fliegt		caption
einen roten LKW über einen zerquetscht Auto fahren	atelic	durative	fahren	very ungrammatical	caption
ein rot-silberner Lastwagen etwas Gras und einige Leute	error	error	none	no verb; stative	caption
eine rote Monster-Truck fliegen über zerkleinerte Autos .	atelic	durative	fliegen	very ungrammatical	caption
Ein großer Monster Truck , der über ein Auto springt .	atelic	durative	springt		caption
zwei Desktop-Monitoren , die oben auf einem Schreibtisch .	error	error	none	no verb; stative	caption
zwei Bildschirme und Tastaturen , die nebeneinander auf einem Schreibtisch stehen .	state	durative	stehen		caption
zwei computer , die laufen gelassen wurden , standen auf einem großen tisch .	telic	durative	laufen gelassen wurden	passive, so might also be stative	caption
zwei verschiedene Schirme der Computeranzeige , wie sie auf einem Schreibtisch sitzen .	state	durative	sitzen		caption
Ein hölzerner Schreibtisch mit zwei Monitoren zwei Tastaturen und Lautsprecher .	error	error	none	no verb; stative	caption
Da gibt es ein es , falls Autos , welche geschält sind , in der Park-Lore . (???? WTF?)	state	durative	gibt	this caption does not make sense	caption
ein Hof mit ein paar Zeilen von mehreren Motorroller .	error	error	none	no verb; stative	caption
viele Motorräder geparkt auf einer arbeitsstelle	telic	durative	geparkt	could also be stative	caption
Ein paar geparkte Motorräder stehen vor einem Gebäude .	state	durative	stehen		caption
Viele Motorräder und Roller sind vor einem Gebäude geparkt .	telic	durative	sind geparkt		caption
Eine Nahaufnahme von einem Korb von Früchten .	error	error	none	no verb; stative	caption
Eine große Obstschale , die Granatapfel , Kiwis , Zitronen , Limetten und Melone enthält .	state	durative	enthält		caption
ein Drahtkorb voller verschiedener , farbenfroher frischer Früchte	error	error	none	no verb; stative	caption
eine Schale voller Früchte wird in einem Drahtkorb ausgestellt .	atelic	durative	wird ausgestellt		caption
Ein Korb mit Obst sitzen auf einem Tisch .	atelic	durative	sitzen	a bit ungrammatical	caption
Ein Spielzeugflugzeug fliegt über eine Graslandschaft .	atelic	durative	fliegt		caption
ein Flugzeug gleitet durch die Luft , in der Nähe auf den Boden .	atelic	durative	gleitet		caption
Ein kleines Spielzeug-Flugzeug wird die Flug in einem Feld .	error	error	error	does not make sense	caption
foto vom pilot im jet	error	error	none	no verb; stative	caption
ein kleines Flugzeug fliegt nicht sehr hoch über dem Boden .	atelic	durative	fliegt		caption
Ein Tennisspieler starrt auf den Ball mit zurückgezogenem Schläger .	atelic	durative	starrt		caption
Ein Mann mit einem Tennisschläger schlägt einen Ball in der Nähe eines Maschendrahtzauns .	atelic	durative	schlägt		caption
ein junger Mann , der Tennis spielt versucht , eine Vorhand zu schlagen .	atelic	durative	spielt		caption
ein Tennisspieler ist in der mittleren Schwung etwa zu streiken .	error	error	error	does not make sense	caption
ein Tennisspieler bereitet sich auf den Tennisball zu treffen	error	error	error	"would be ""vorbereiten"" though ""bereitet"" is missing its auxiliary, therfore, doesnt really make any sense"	caption
eine Katze , die auf der Wiese in der Nähe eines Vogels steht	state	durative	steht		caption
Katze schaut sich neugierig einen gefallenen Spatz im Gras	atelic	durative	schaut		caption
Eine schwarze und weiße Katze , ein weiße und graue Vogel	error	error	none	no verb; stative	caption
ein Vogel konfrontiert eine Katze auf einem grasbewachsenen Platz	atelic	durative	konfrontiert		caption
Ein schwarzer Kater steht über einem Vogel .	state	durative	steht		caption
vier junge Leute , die Spiele auf einem Spielsystem spielen .	atelic	durative	spielen		caption
Einige Personen spielen mit Controlern ein Spiel .	atelic	durative	spielen		caption
Vier Leute Spielen Wii im Wohnzimmer .	atelic	durative	spielen		caption
Eine Gruppe von Menschen steht zusammen in einem Wohnraum .	state	durative	steht		caption
vier Personen mit Spiel Bremsen in deren Hand	error	error	none	no verb; stative	caption
katze sitzt auf dem schreibtisch vor im bildschirm	state	durative	sitzt		caption
Da ist eine Katze auf einem Schreibtisch mit Computer	error	error	none	no verb; stative	caption
Nahaufnahme von einer Katze vor einem Computer-Monitor	error	error	none	no verb; stative	caption
Ein neugieriger Kater guckt auf einen Papierhaufen mit einem Laptop im Hintergrund .	atelic	durative	guckt		caption
Eine Katze sitzt auf dem Tisch , auf Papieren vor einem Computer .	state	durative	sitzt		caption
Ein Mann und eine Frau fahren Ski	atelic	durative	fahren Ski		caption
ein Paar macht ein Foto , während sie Ski fahren .	atelic	durative	macht		caption
Ein Mann und eine Frau auf Skiern stehen zusammen auf dem Schnee .	state	durative	stehen		caption
Die Mann und Frau posiert für ein Foto beim Skifahren .	atelic	durative	posiert		caption
Eine Frau umarmt einen Mann , der auf einem Schnee bedeckten Boden steht .	atelic	durative	umarmt		caption
Skifahrer im Schnee ,  neben einem Wegweiser	error	error	none	no verb; stative	caption
eine Person im Skianzug , unter einen Schild , das Anweisungen gibt , posierend	atelic	durative	posierend		caption
ein Zeichen , dass ein Steinadler auf sie hat .	error	error	error	too ungrammatical	caption
jemand in einem orangefarbenen Jacke auf Himmel an einem verschneiten Tag .	error	error	none	no verb; stative	caption
Skifahrer auf einem schneebedeckten Hügel unterhalb Richtung Beschilderung	error	error	none	no verb; stative	caption
Nahaufnahme zweier schwarzer Koffer und einer mit Rädern .	error	error	none	no verb; stative	caption
eine Nahaufnahme zweier Gepäcktaschen mit einem abgebrochenen Rad	error	error	none	no verb; stative	caption
Zwei schwarze Reisekoffer nebeneinander auf einem Podest .	error	error	none	no verb; stative	caption
zwei Gepäcktaschen liegen nebeneinander .	state	durative	liegen		caption
Zwei schwarze Koffer mit Rollen nebeneinander .	error	error	none	no verb; stative	caption
ein Stofftier im Besitz einer Nintendo Wii-Controller mit einem Schild mit der Aufschrift 'Jedermann für Tennis	error	error	none	no verb; stative	caption
ein Stofftier sitzt neben einem Wii-Fernbedienung und einem Wii-Controller .	state	durative	sitzt		caption
eine angefüllte Ratte , die ein wii Staubkorn , das hält fragt , ob jedermann für Tennis ist	error	error	error	too ungrammatical	caption
eine ausgestopfte Maus mit einem Spielkonsolen-Controller und einem Zeichen .	error	error	none	no verb; stative	caption
Ein Stofftier mit einer Spielsteuerung auf der Suche nach einem Spielpartner .	atelic	durative	auf der Suche	"odd edge case, the verb is actually an NP ""auf der Suche"" which is missing the right form of ""be"" to make it a VP"	caption
Ein paar Zebras stehen in einem staubigen Feld .	state	durative	stehen		caption
Drei Zebras werden von den Beinen eines Elefanten eingerahmt .	telic	durative	werden eingerahmt		caption
einige Tiere hängen an einem heißen sonnigen Tag rum	atelic	durative	hängen herum		caption
Eine gruppe von Zebras steht nebeneinander .	state	durative	steht		caption
Drei Zebras vermischen sich nahe einem sehr großen Elefanten .	atelic	durative	vermischen		caption
ein Baby zur Festlegung neben einem Buch .	error	error	none	no verb; stative	caption
ein Baby liegt am Bett mit einem Buch .	state	durative	liegt		caption
ein kleines Baby liegt im Bett und leckt an einem Buch	state	durative	liegt		caption
der junge Baby Verlegung auf dem Bauch neben dem Buch auf dem Bett .	error	error	none	no verb; stative	caption
Ein Baby Verlegung auf ein Buch , es zu lecken .	error	error	error	too ungrammatical	caption
einen großen hübschen weißen Schwan Schwimmt in einem Fluss .	atelic	durative	schwimmt	quite ungrammatical	caption
eine Ente schwimmt auf dem Wasser , während die Menschen im Hintergrund laufen	atelic	durative	schwimmt		caption
einem schwamm in der Mitte des Wassers , wie Auto über die Brücke passieren .	atelic	durative	passieren	quite ungrammatical	caption
eine einsame Gans schwimmt im Wasser bei einer Brücke	atelic	durative	schwimmt		caption
ein einsamer Schwan schwimmt auf einem Fluss in der Nähe einer Brücke	atelic	durative	schwimmt		caption
eine Tabelle hat Platten auf ihr mit Wassermelone und Brokkoli auf ihr .	state	durative	hat	infelicitious; not written by a native speaker	caption
Teller , gefüllt mit sortierten Früchten und Gemüse und einigem Fleisch .	state	durative	gefüllt	passive	caption
eine Vielzahl von Lebensmitteln in Teller und Schalen .	error	error	none	no verb; stative	caption
ein Tisch mit Tellern und Geschirr mit einer Vielfalt an Essen und einer Babyflasche .	error	error	none	no verb; stative	caption
Ein Tisch gedeckt mit Gemüsesalate und frischem Obst in Scheiben .	state	durative	gedeckt	passive	caption
zwei Betten sind in einem schwach beleuchteten Schlafzimmer .	state	durative	sind		caption
Ein Bett sitzend gegen eine graue Wand neben einem Fenster .	state	durative	sitzend	quite illegible	caption
Die beiden Betten sind nebeneinander in dem Raum .	state	durative	sind		caption
Ein kleines Bett in einem raum mit Spitzenvorhang am Fenster .	error	error	none	no verb; stative	caption
ein Zusatzbett wird in einem kleinen Schlafzimmer set .	error	error	error	the VP is not German unfortunately	caption
Leute laufen durch einen Bahnhof .	atelic	durative	laufen		caption
Eine Gruppe von Fußgängern zu Fuß Vergangenheit eine U-Bahn in einer U-Bahnstation .	error	error	none	no verb; stative	caption
Eine Gruppe von Menschen die einen Gehweg neben einer U-Bahn entlang läuft .	atelic	durative	läuft		caption
Menschen , immer bereit , einen Zug zu erreichen gehen oder nach Hause kommen von der Arbeit	atelic	durative	gehen		caption
Mehrere Leute gehen in einen U-Bahnsteig .	atelic	durative	gehen		caption
Ein Mann fährt durch die Luft auf einem Snowboard .	atelic	durative	fährt	infelicitious, one doesnt drive through the air on a snowboard...	caption
Eine Person in roten Skihosen tanzt im Schnee auf einem Snowboard .	atelic	durative	tanzt		caption
ein snowboardfahrer landet auf der piste und ist im begriff nach vorn zu fallen .	atelic	punctual	landet		caption
eine Person , die ein Snowboard an seinem Ende .	error	error	none	no verb; stative	caption
ein Mensch , der eine Bremsung auf einem Snowboard .	error	error	none	no verb; stative	caption
ein vogel , der auf einem baumast um andere äste herum sitzt .	state	durative	sitzt		caption
ein grauer Vogel auf einem Ast , sich umschauend	atelic	durative	sich umschauend		caption
kleiner vogel sitzt auf einem grünen zweig	state	durative	sitzt		caption
ein kleiner Vogel sitzt auf einem Zweig einer grünen Pflanze .	state	durative	sitzt		caption
ein kleiner Vogel auf einem dünnen Zweig .	error	error	none	no verb; stative	caption
der Hinterhof Ausrüstung wird von tiefen Schnee bedeckt .	state	durative	wird bedeckt		caption
Einem blauen Stuhl sitzen in einem Garten voller Schnee mit Schnee bedeckt .	error	error	error	too ungrammatical/infelictious	caption
Schnee bedeckt einen blauen Stuhl in der Nähe von einem Zaun und einer Schaukel .	state	durative	bedeckt		caption
einem blauen Stuhl einen braunen Zaun weise Schnee und kleine Bäume	error	error	error	too ungrammatical/infelicitous	caption
a backyard with a chair covered in snow .	error	error	error	not German	caption
Ein Stück Kuchen und Kaffeetasse sitzt auf einem Tablett .	state	durative	sitzt	"infelicitous, no native speaker would call this ""sitzt"""	caption
teller mit essen und becher neben einer plastikwanne	error	error	none	no verb; stative	caption
ein Stück Kuchen und eine Tase Kaffee oberhalb eines blauen Tabletts .	error	error	none	no verb; stative	caption
ein Stück Kuchen und eine Tasse Kaffee auf einem Teller	error	error	none	no verb; stative	caption
blaues Tablett mit einer Papierserviette und einem Kaffeebecher darauf	error	error	none	no verb; stative	caption
eine Gruppe von Soldaten schneiden eines riesigen Kuchen bei einer Zeremonie ab .	atelic	durative	schneiden ab		caption
eine kleine Gruppe von Loten Schneiden in eine große schön eingerichtete Kuchen	atelic	durative	schneiden		caption
Vier Personen in DiensttrachtSchneiden einen Kuchen gekleidet .	atelic	durative	schneiden	quite ungrammatical	caption
Gruppe uniformierte Einzelpersonen , die unten erreichen und durch einen Kuchen schneiden .	atelic	durative	schneiden	quite ungrammatical	caption
Various senior military officials cutting a celebratory cake .	error	error	error	not German	caption
Ein Zug neben einer Ladeplattform .	error	error	none	no verb; stative	caption
ein Ingenieur mit einem schnittigen , blauen , japanischen Zug .	error	error	none	no verb; stative	caption
ein Zug auf den Gleisen abgestellt	state	durative	abgestellt		caption
Einen verbeulten blauen Hochgeschwindigkeitszug mit einem Mann , der auf der Außenseite .	error	error	none	no verb; stative	caption
eine schnittig aussehende , blaue Lokomotive in einem Bahnhof .	error	error	none	no verb; stative	caption
zwei Männer sitzt auf einem braunen Sofa und rieschen am Wein .	state	durative	sitzt	"wrong verb form, should be plurarl, so ""sitzen"""	caption
Ein Mann sitzt auf einer Couch  neben einem anderen Mann .	state	durative	sitzt		caption
Zwei Männer trinken mit geschlossenen Augen Wein	atelic	durative	trinken		caption
Zwei Männer riechen Wein , während auf einer Couch sitzend .	atelic	durative	riechen		caption
zwei Männer halten Weingläser , während auf einer Couch sitzend	atelic	durative	halten		caption
ein braunes und ein weisses Pferd stehn mitten im Gras .	state	durative	stehn	sic!	caption
Das ist ein Foto von einem grasenden Pferd auf einer offenen Wiese .	error	error	none	no verb; stative	caption
Pferd , das auf einem großen eingezäunten Feld steht und grast .	state	durative	steht		caption
ein Pferd weidet auf einem umzäunten Grasfeld .	atelic	durative	weidet		caption
Ein braun-weisses Pferd grast auf einer Wiese .	atelic	durative	grast		caption
Eine Person bereite Brokkoli auf einem Ofen in der Küche vor .	atelic	durative	bereite vor		caption
Zwei Hände schneiden Brokkoli auf einem Schneidebrett .	atelic	durative	schneiden		caption
mensch schneidet broccoli auf dem brett	atelic	durative	schneidet		caption
Eine Person schneidet Broccoli auf einem Schneidbrett .	atelic	durative	schneidet		caption
Eine Person schneidet Brokkoli auf einem Brett .	atelic	durative	schneidet		caption
ein Tisch mit Platten von Frühstück Essen und Getränke auf sie .	error	error	error	too ungrammatical	caption
Ein paar Teller und Schüsseln mit Frühstücksessen .	error	error	none	no verb; stative	caption
ein Tisch mit Tellern und Essensschüsseln gedeckt	state	durative	gedeckt	passive	caption
Teller und Schalen vom Frühstück ,stehen auf einem Tisch .	state	durative	stehen		caption
eine Tabelle , die einige Platten von Lebensmitteln auf sie hat .	error	error	error	too ungrammatical	caption
ein Glockenturm befindet sich auf einem Stadt -Ecke in der Nacht .	state	durative	befindet sich		caption
Ein nebeliger Glockenturm steht in der Nacht auf einer Strasse .	state	durative	steht		caption
Eine Uhr an einer Stadtstraßen Ecke bei Nacht .	error	error	none	no verb; stative	caption
ein großer uhrenturm aus dem oben raucht quillt .	atelic	durative	quillt		caption
Eine Uhr beleuchtet und aufgestellt im Stadtplatz	state	durative	beleuchtet		caption
ein Flugzeug fliegt mit Sonnenstrahlen am Himmel .	atelic	durative	fliegt		caption
ein Flugzeug ist gerade gestartet und fliegt durch den Sonnenschein .	telic	punctual	ist gestartet		caption
ein Flugzeug fährt vor der Sonne vorbei .	atelic	durative	fährt	infelicitous	caption
ein Flugzeug fliegen in der Luft neben ihr sieht man Sonnenflecken .	atelic	durative	fliegen	ungrammatical/infelicitious	caption
Ein kleiner Jet , fotografiert von unten fliegt nach der Sonne .	error	error	none	no verb; stative	caption
Ein Vogel streckt seinen Kopf durch Blätter auf der Wasseroberfläche .	atelic	durative	streckt		caption
Ein Vogel steckt seinen Kopf ins Wasser unter Schichten von Pflanzen .	atelic	durative	steckt		caption
Eine Ente mit dem Schnabel im Wasser .	error	error	none	no verb; stative	caption
Ein Vogel mit einem langen Hals , sitzt auf einem Berg aus Dreck .	state	durative	sitzt		caption
ein Vogel auf der Suche nach dem Wasser für einen Snack .	atelic	durative	auf der Suche	same as the other auf der Suche above	caption
ein Bürotisch mit einen Monitor und eine Tastatur im Raum .	error	error	none	no verb; stative	caption
eine schwarze Computer und die Tastatur auf einem Schreibtisch aus Holz .	error	error	none	no verb; stative	caption
ein schwarzer Computermonitor auf einem hölzernen Tisch .	error	error	none	no verb; stative	caption
wenig Büroplatz mit Arbeit überladen	error	error	none	no verb; stative	caption
Ein Holztisch mit ein Computer oben auf ihm sitzen .	state	durative	sitzen	quite ungrammatical/infelicitous	caption
ein Schlafzimmer mit einem Bett in der Nähe von Fenstern .	error	error	none	no verb; stative	caption
zwei Kissen auf einem Bett nahe eines Fensters .	error	error	none	no verb; stative	caption
Ein Bett mit zwei Kissen unter einem Fenster .	error	error	none	no verb; stative	caption
ein Bett mit Bettwäsche und Kissen steht in der Nähe eines Fensters durch das die Sonne herein scheint .	state	durative	steht		caption
Zwei große Kissen liegen auf dem Bett als Sonnenlicht in den Raum sickert .	state	durative	liegen		caption
eine Reihe von Autos wartet auf Fußgänger , die in den Prozess der Kreuzung der Straße , während die Ampel grün , auf einer belebten Straße in der Stadt sind .	state	durative	wartet	could also be atelic	caption
Fußgänger überqueren die Strasse , als die Ampel auf Grün schaltet .	atelic	durative	überqueren		caption
Autos und Fußgänger bewegen sich an einer viel befahrenen Stadtstraße .	atelic	durative	bewegen		caption
Fußgänger überqueren einen Zebrastreifen vor Verkehr bei grüner Ampel .	atelic	durative	überqueren		caption
Eine sehr geschäftige Straßenszene in Atlanta mit Linien von Autos und mehrere Ampeln dargestellt .	error	error	none	no verb; stative	caption
ein Zimmer mit Schränke aus Holz und Fliesenböden umgebaut .	error	error	none	no verb; stative	caption
der kleine Badezimmerboden ist z .Z . im Bau .	state	durative	ist		caption
Dieses Bad hat  Holz toilette und Schränke	state	durative	hat		caption
ein winziges Zimmer mit Schränken , Waschbecken und Fernseher .	error	error	none	no verb; stative	caption
ein kleiner Raum , der gerade renoviert wird .	atelic	durative	renoviert wird		caption
eine Pizza liegt auf einem Tisch	state	durative	liegt		caption
eine große Pepperoni-Pizza und ein Bier sind hier zu sehen .	state	durative	sind zu sehen		caption
Eine Große Pizza sitzt auf dem Tisch	state	durative	sitzt	sitzt a bit odd though	caption
Eine Pepperonipizza in einer Pfanne neben einem Bier .	error	error	none	no verb; stative	caption
eine Pepperoni-Pizza und eine Flasche Bier	error	error	none	no verb; stative	caption
ein kleines Mädchen , das auf einer Bank neben einem anderen kleinen Mädchen sitzt	atelic	durative	sitzt	could be stative, but more an activity in the context	caption
Ein Mädchen fällt von der Bank hinunter auf ein anderes Mädchen .	atelic	punctual	fällt herunter		caption
Zwei Kinder spielen draußen auf der Bank .	atelic	durative	spielen		caption
Zwei Mädchen in Kleidern spielen auf und um eine weiße Bank .	atelic	durative	spielen		caption
ein Kind Springen auf einem Haufen , während ein anderes Kind ist auf dem Boden .	atelic	durative	springen	very ungrammatical	caption
ein Fahrrad , geparkt auf der Seite einer Straße , mit einem Kofferraum hinten drauf .	telic	durative	geparkt	might be stative	caption
Ein Fahrrad mit einer Box dran ,  dessen Hinterrad geparkt ist .	state	durative	ist		caption
das Fahrrad hat einen Kühler für liefert zu den Menschen .	state	durative	hat		caption
Fahrrad mit einem Briefkasten hinten drauf geparkt an einer Strassenecke .	telic	durative	geparkt	could be stative	caption
Da ist ein Fahrrad neben einem Auto geparkt .	state	durative	ist		caption
Ein Mann fährt snowboard , um weiße Verkehrskegel .	atelic	durative	fährt		caption
Ein Mann mit einem Helm steigt lange ein .	atelic	durative	steigt ein		caption
Skateboarder Fahrgefühl ist das Brett , um die Zapfen .	error	error	error	sounds super weird	caption
Der Mann fährt Skateboard um die Kegel	atelic	durative	fährt		caption
ein Mann , der auf einem Skateboard steht .	state	durative	steht		caption
Ein Safeway-Lieferwagen fährt vor einem anderen Wagen .	atelic	durative	fährt		caption
eine weiße Sattelanhänger mit schwarzer Schrift auf der Seite	error	error	none	no verb; stative	caption
Ein Traktor Trailer mit Schutz mit Schrift an der Seite	error	error	none	no verb; stative	caption
ein safeway LKW von jemand in einem Auto gesichtet	telic	punctual	gesichtet		caption
a safeway Lkw , der Waren für die Geschäfte führt .	state	durative	führt	also habitual	caption
Vintage- Foto von einer Frau mit einem Tennisschläger .	error	error	none	no verb; stative	caption
Frau mit Tennisschläger steht auf Rasenplatz .	state	durative	steht		caption
ein Tennisspieler posiert für ein Bild in einem Schwarz-Weiß-Bild .	atelic	durative	posiert		caption
Frau , die in einem Feld mit einem Tennisschläger .	error	error	none	no verb; stative	caption
Eine Frau in einem weißen Kleid und Hut hält ein Tennisschläger .	error	error	none	no verb; stative	caption
Ein Waschbecken und eine Badewanne in einem kleinen Raum .	error	error	none	no verb; stative	caption
ein kunstvolles Badezimmer ist mit gelben und vielfarbigen Kacheln verziert .	state	durative	ist verziert		caption
Das Badezimmer ist in einem aufwendigen Stil eingerichtet .	state	durative	ist eingerichtet		caption
Eine alte mediterrane gelb Mosaik gefliestes Bad mit verzierten Hängeleuchte	error	error	error	too ungrammatical	caption
ein Badezimmer dekoriert mit viel Fantasy	state	durative	dekoriert		caption
Eine Gruppe von drei Giraffen geht über ein Feld .	atelic	durative	geht		caption
Drei Giraffen gehen zusammen durch ein Feld mit Bäumen hinter ihnen .	atelic	durative	gehen		caption
Drei Giraffen sind zu Fuß in einer Rasenfläche .	state	durative	sind		caption
drei Giraffen laufen auf einem Feld .	atelic	durative	laufen		caption
drei Giraffen zusammen zu Fuß über eine Rasenfläche .	error	error	none	no verb; stative	caption
eine Person windsurft im Ozean unter wolkigem Himmel .	atelic	durative	windsurft		caption
Grünschwarzer Stoff angebunden an einen Mann auf dem Wasser .	error	error	none	no verb; stative	caption
Eine Person in den Ozean mit einem Drachensegel .	error	error	none	no verb; stative	caption
a para sailor Segeln bei Sonnenuntergang auf dem Meer . .	atelic	durative	segeln	a bit ungrammatical	caption
Erwachsenen surfen auf den Wellen mit grünen und blauen Fallschirm	atelic	durative	surfen		caption
ein Mann , der auf Ski einen schneebedeckten Abhang hinunter fährt .	atelic	durative	fährt		caption
Ein Mann mit Skiern steht im Schnee .	state	durative	steht		caption
ein Skifahrer posiert für ein Schuss auf den nächtlichen Pisten	atelic	durative	posiert		caption
Ein Mann in Outdoor-Ausrüstung Ski durch auf einem schneebedeckten Hang .	error	error	none	 no verb; stative	caption
Ein Mann steht auf einem Gipfel , während er Skis an hat .	state	durative	steht		caption
Ein zu einem Viertel gefülltes Glas mit Wein auf einem Tisch .	error	error	none	no verb; stative	caption
ein Glas Weißwein in einem Weinglas mit der Flasche im Hintergrund .	error	error	none	no verb; stative	caption
Eine Frau sitzt an einem Tisch mit Gläsern , die mit Wein gefüllt sind .	state	durative	sitzt		caption
Zwei Weingläser und ein Trinkglas sitzen an einem Tisch .	state	durative	sitzen	sitzen infelicitous	caption
a wine glass with an r on it partially filled with wine .	error	error	error	not German	caption
Zwei schöne Frauen und ein Mann halten Nintendo Wii Controllers	atelic	durative	halten		caption
eine Gruppe von Leuten auf einer Couch schauen auf Fernbedienungen	atelic	durative	schauen		caption
eine Gruppe von Freunden , zwei Mädchen und ein Mann , Blick auf einen Wiimote .	error	error	none	no verb; stative	caption
drei Leute sitzen und Halten Wii-Controller .	atelic	durative	sitzen	could be a state, though is more of an atelic activity given the context	caption
Zwei Frauen und ein Mann schauen auf zwei Videospiel Controller .	atelic	durative	schauen		caption
eine Reihe von Menschen zu Fuß mit offenen Schirme	error	error	none	no verb; stative	caption
Menge von Menschen zu Fuß entlang mit Sonnenschirmen in der regen .	error	error	none	no verb; stative	caption
Eine Menge von Menschen mit Regenschirmengehen auf einem bürgersteig an einem regnerischen Tag	error	error	none	no verb; stative	caption
eine große Gruppe von Leuten mit Regenschirmen , an einem Regentag auf einer Ziegelsteinstraße gehend .	atelic	durative	gehend		caption
Menschen zu Fuß nach unten einen Gehsteig mit einigen Sonnenschirmen .	error	error	none	no verb; stative	caption
Eine große Kuh , die in einem Feld wird .	error	error	error	does not make sense	caption
Eine Milchkuh schaut nachdenklich in die Kamera .E	atelic	durative	schaut		caption
Eine Nahaufnahme von einer Kuh auf einem Feld .	error	error	none	no verb; stative	caption
eine Kuh , die in der Mitte einer Zaun-abgegrenzten Wiese steht	state	durative	steht		caption
eine Kuh steht im Gras neben einem Zaun .	state	durative	steht		caption
ein professioneller Tennisspieler schlägt den Ball .	atelic	punctual	schlägt		caption
Der Tennisspieler erwartet eine leistung vom Tennisball .	state	punctual	erwartet		caption
Ein man lauft über ein Feld mit zwei Frauen hinter ihm	atelic	durative	läuft		caption
Der Tennisspieler rennt , um den Ball mit seinem Schläger zu erwischen	atelic	durative	rennt		caption
Ein Mann in Turnschuhen mit einem Schläger läuft .	atelic	durative	läuft		caption
Zwei gelbe Taxis sind auf einer dunklen Stadtstraße .	state	durative	sind		caption
Ein Stopplicht in der Innenstadt .	error	error	none	no verb; stative	caption
autos fahren die strasse runter in die dreckige stadt	atelic	durative	fahren		caption
eine geschäftige Stadt Straße mit Autos und Taxis .	error	error	none	no verb; stative	caption
ein Paar von gelben Taxis fahren durch eine Stadt Kreuzung .	atelic	durative	fahren		caption
ein Straßenzeichen , welches vor einem Gebäude steht .	state	durative	steht		caption
Eien Ampel und Verkehrsschilder nahe eines Gebäudes , das viele Autos und Fußgänger passieren .	atelic	durative	passieren	could also be interpreted as a habitual state	caption
eine Bremsleuchte mit einem Verkehrsschild sitzt vor einem Gebäude .	state	durative	sitzt	sitzt not really the right word	caption
ein Straßenschild zeigt zwei Pfeile in beide Richtungen .	state	durative	zeigt		caption
Gelbes Schild , das irgend etwas mit einer Frau zeigt , an einer Strasse .	state	durative	zeigt		caption
eine tennisspielende Frau , dabei den Ball zu treffen .	atelic	punctual	treffen		caption
die frau hält ihrem Tennisschläger immer bereit , treffen .	state	durative	hält		caption
Ein weiblicher Tennisspieler macht sich bereit den Ball zu schlagen .	atelic	durative	macht sich bereit		caption
Eine Frau steht mit einem Tennisschläger auf einem Tennisplatz .	state	durative	steht		caption
ein Tennisspieler reagiert während eines Matches auf dem Tennisplatz .	atelic	punctual	reagiert		caption
Ein Teddybär mit einem Schild sitzt auf einem großen Stein .	state	durative	sitzt		caption
Eine braune Teddybär oben auf Felsen sitzen .	state	durative	sitzen	not really grammatical	caption
Ein fusseliger Teddybär sitzt auf einem Felsblock .	state	durative	sitzt		caption
Ein Teddy Bär sitzt auf ein paar Steinen .	state	durative	sitzt		caption
Ein süsser kleiner brauner Teddybär sitzt auf einem Stein neben einem Busch .	state	durative	sitzt		caption
Sie liegt an dem Fuße des Kupe .	state	durative	liegt		wikipedia
Nun wird versucht , die steinzeitliche Gerbetechnik nachzuahmen ( Experimentelle Archäologie ) und herauszufinden , mit welchen Techniken und Werkzeugen die Häute bearbeitet wurden .	atelic	durative	wird versucht	futurate	wikipedia
Mit der thermischen Verwertung wird das Volumen des Abfalls um 90 Prozent reduziert .	atelic	durative	wird reduziert	futurate	wikipedia
Er hatte offenbar eine Vorliebe für prachtvolle Bekleidung , keines der dargestellten Königsgewänder wird wiederholt .	state	durative	hatte		wikipedia
Die Provinz Lamphun liegt in der Nordregion von Thailand .	state	durative	liegt		wikipedia
Mir - Perseus war der siebte französische Raumflug in Zusammenarbeit mit der Sowjetunion bzw . Russland .	state	durative	war		wikipedia
"Verfolgt in den Zeiten der Mfecane , ersuchte ihr Anführer Mokuoane 1825 den "" morena "" der Basotho , Moshoeshoe I. , um Schutz ."	telic	durative	verfolgt		wikipedia
Hierbei wird jeder Bereich des Unternehmens einbezogen .	atelic	durative	wird einbezogen	futurate	wikipedia
Diese Sternbedeckung wird von der Türkei , Griechenland und Sizilien aus zu beobachten sein .	atelic	durative	wird zu beobachten sein	futurate	wikipedia
An dem 30 . Dezember haben sich die Gemeinden Ponson - Debat und Pouts zu der Gemeinde Ponson - Debat - Pouts zusammengeschlossen .	telic	punctual	haben zusammengeschlossen		wikipedia
Der Direktaufsteiger wird in einem Rotationsmodus jährlich von einer anderen Regionalliga gestellt .	atelic	punctual	wird gestellt		wikipedia
Das Außenministerium Portugals ist das staatliche Organ für die portugiesische Außenpolitik und u. a . für die Diplomatie Portugals zuständig .	state	durative	ist		wikipedia
Das kann beispielsweise durch einen Brief des Ministers an den Senat geschehen .	atelic	punctual	kann geschehen		wikipedia
Bereits ab 1899 war er als Schauspieler und Regisseur an Theatern in Göteborg tätig .	telic	durative	war tätig		wikipedia
1949 emigrierte er nach Chicago ( USA ) .	telic	punctual	emigrierte		wikipedia
915 fiel der Zürichgau als Gau des Herzogtums Schwaben zusammen mit dem Thurgau per Heirat an die Burchardinger .	telic	punctual	fiel zusammen		wikipedia
"Auch in den hier von der Zeil abzweigenden Straßen "" Fahrgasse "" , "" Schäfergasse "" und "" Große Friedberger Straße "" verkehrten zeitweise Straßenbahnen ."	telic	durative	verkehrten		wikipedia
Aber auch hier wurde das Album trotz guter Kritiken nicht sonderlich vermarktet , weshalb es weitgehend erfolglos blieb .	telic	durative	wurde vermarktet		wikipedia
Einen wesentlichen Beitrag hierzu leisteten die Aufrufe zu der Besonnenheit durch Domprediger Giselher Quast und Dompredigerin Waltraut Zachhuber .	telic	durative	leisteten		wikipedia
Abtahi ist Mitglied der iranischen Partei Verband der kämpfenden Geistlichkeit und versteht sich als Bürgerrechtler .	state	durative	ist		wikipedia
Mai Imoh Ezekiel Imoh Ezekiel ( * 24 . Oktober 1993 in Lagos ) ist ein nigerianischer Fußballspieler .	state	durative	ist		wikipedia
Werkzeuge und Waffen wurden aus Feuerstein gefertigt .	telic	durative	wurden gefertigt		wikipedia
Sie erscheint seit Anfang 2002 jeweils zu dem 20 . eines Monats .	state	durative	erscheint	habitual state	wikipedia
Sie führte ursprünglich mitten durch die Stadt .	state	durative	führte		wikipedia
Bei den Olympischen Winterspielen 1952 gewann er als Mitglied der kanadischen Nationalmannschaft die Goldmedaille .	telic	punctual	gewann		wikipedia
Der Terminus „ Hütehund “ erschien ihm nur für den kleinen Typ III angemessen .	telic	punctual	erschien		wikipedia
Es spielt dann der beste Gruppenerste gegen den schlechtesten Gruppenzweiten ( 1–8 ) .	atelic	durative	spielt		wikipedia
Die jeweils andere Charakterisierung ist dann eine Folgerung .	state	durative	ist		wikipedia
Zu den neueren Entwicklungen gehört der Rydberg - Maser .	state	durative	gehört		wikipedia
Der Südsee dient der Wasserstandsregulierung und dem Hochwasserschutz und ist ein beliebtes Naherholungsgebiet für Spaziergänger , Segler und Angler .	state	durative	dient		wikipedia
Köppler studierte von 1945 bis 1948 Rechtswissenschaften an den Universitäten in Erlangen und Mainz .	telic	durative	studierte		wikipedia
Derzeit ist jedoch noch keine einheitliche Linie bei der Arzneimittelbevorratung in Europa zu erkennen .	state	durative	ist		wikipedia
Um 1650 starb seine Frau Kornelia .	telic	punctual	starb		wikipedia
In diesem Abschnitt bildet die SS 231 die vierspurig ausgebaute Tangenziale von Alba .	state	durative	bildet		wikipedia
Gebaut wurde er auf Basis eines Satellitenbus der russischen Firma WNIIEM ( ursprünglich : Allunionsweites Wissenschafts - und Forschungsinstitut für Elektromechanik ) .	telic	durative	Gebaut wurde	VP by itself would be wurde gebaut	wikipedia
"2016 folgten die Alben "" Live from Mars "" und das jüngste Projekt "" Napoli Trip "" ."	telic	punctual	folgten		wikipedia
Als Wilhelm Nietner starb , fand er auf dem Bornstedter Friedhof seine letzte Ruhe .	telic	punctual	starb		wikipedia
Das werde den Tatsachen nicht gerecht .	state	durative	werde gerecht		wikipedia
Eugen Dickmann übernahm 1835 die Verwaltung des Vermögens seiner Mutter Johanna Nepomucea Edle von Dickmann , die sehr erfolgreich war .	telic	punctual	übernahm		wikipedia
Die sechs gleichgeformten Blütenhüllblätter sind zu einer langen , schlanken , fleischigen , zylindrischen Röhre verwachsen .	telic	punctual	sind verwachsen	could be durative, but also stative	wikipedia
SEALs holen beide aus dem verfeindeten Land .	atelic	durative	holen		wikipedia
Die bedeutendste Änderung betrifft den letzten Satz , zu dem der Komponist einen längeren Schluss verfasste .	state	durative	betrifft		wikipedia
Ortsteile sind Pluwig , Wilzenburg , Willmerich , Geizenburg und Pluwigerhammer mit dem ehemaligen Bahnhof Pluwig .	state	durative	sind		wikipedia
In Gällivare erreichte er in dem Einzel - Weltcuprennen über 15 km auf Anhieb wieder eine Top-10 - Platzierung .	telic	punctual	erreichte		wikipedia
Weiterhin soll die Behörde die Gesetzgebung für zivile australische Weltraumaktivitäten administrieren .	atelic	durative	soll administrieren		wikipedia
Die Gemeinde Filderstadt kritisiert die Sperrung .	atelic	durative	kritisiert		wikipedia
Dieser Achsantrieb ist ein Tadem - Antrieb , dadurch werden die Reibungskräfte optimal ausgenützt .	state	durative	ist		wikipedia
Vic bietet an , das zu klären .	atelic	durative	bietet an		wikipedia
Die Kahlquellen befinden sich an dem Waldrand oberhalb des zu der Gemeinde Kleinkahl gehörenden Ortes Bamberger Mühle ( Kahlmühle ) .	state	durative	befinden sich		wikipedia
Die in den letzten Jahrzehnten gewachsenen gesunden Bäume konnten erhalten und in das Parkkonzept übernommen werden .	telic	durative	konnten		wikipedia
Daneben unterrichtete Higgins auch Jazz an der University of California .	telic	durative	unterrichtete		wikipedia
 Carpinus omeiensis  blüht von Mai bis Juni , die Früchte reifen von Juli bis August .	state	durative	blüht		wikipedia
"Unter dem Label MCA veröffentlichten sie 2002 das zweite Album "" Blazing Arrow "" ."	telic	punctual	veröffentlichten		wikipedia
Eines der Hauptprobleme bei der Umsetzung von Schutzmaßnahmen ist das negative Image der Tiere .	state	durative	ist		wikipedia
Daher wurde der Kreis nur durch die Bundesstraße 31 und mehrere Kreisstraßen erschlossen .	telic	durative	wurde erschlossen		wikipedia
Der Bahnhof Wiedenest war ein Bahnhof an der Bahnstrecke Siegburg – Olpe .	state	durative	war		wikipedia
Der promovierte Betriebswirtschaftler betreibt seit 1990 in Frankfurt an dem Main eine Unternehmensberatung .	atelic	durative	betreibt		wikipedia
Ab 1841 bezeichnete man als Redif Soldaten , die nach ihrer regulären Dienstzeit weitere sieben Jahre in der Reserve standen .	telic	durative	bezeichnete		wikipedia
Dies hatte jedoch keine Auswirkungen an die Teilnahme Zyperns an der Telefonabstimmung .	state	durative	hatte		wikipedia
Werner Fohrer Werner Fohrer ( * 1947 in Esslingen ) ist ein deutscher neorealistischer Maler .	state	durative	ist		wikipedia
In dem Februar 1867 kam er in den Reichstag ( Norddeutscher Bund ) und das Zollparlament an .	telic	punctual	kam		wikipedia
Bei den Leichtathletik - Halleneuropameisterschaften gewann sie in der 4-mal-400 - Meter - Staffel 1971 Bronze und über 800 m 1972 Bronze .	telic	punctual	gewann		wikipedia
Diese räumliche Teilung ist durch die blaue Wellenleiste wiedergegeben , die den Schild räumlich unterteilt .	state	durative	ist		wikipedia
Damit wird eine Flexibilität erreicht , die es erlaubt , eine individuell auf die jeweilige Ausstellung zugeschnittene Architektur zu entwickeln .	atelic	durative	wird erreicht		wikipedia
Dies hatte Umweltbeeinflussungen und Wasserknappheit in der Gegend von Seoul zu der Folge	state	durative	hatte		wikipedia
Seit 1876 versuchte das Land , sich durch Aufstände aus dem Herrschaftsbereich der Osmanen zu lösen .	atelic	durative	versuchte		wikipedia
Er erzielte mit Roman Molwistow einen siebenten und zwei neunte Plätze und damit in dem Gesamtweltcup Rang zwölf .	telic	punctual	erzielte		wikipedia
Croix , wurde eine große Zahl an Sklaven ( auch in Athen ) in der Landwirtschaft eingesetzt , die schließlich der wichtigste Wirtschaftszweig war .	telic	durative	wurde eingesetzt		wikipedia
Barkevelde wurde erstmals in dem Jahre 952 urkundlich erwähnt .	telic	punctual	wurde erwähnt		wikipedia
Die Nachbargemeinden in der Ebene sind ( von West nach Ost ) Koropi , Peania und Spata - Artemida .	state	durative	sind		wikipedia
Die Vergabe der Bauarbeiten des Abstellbahnhofs ist für das 1 . Quartal 2020 vorgesehen ( Stand : Mai 2018 ) .	atelic	durative	ist vorgesehen		wikipedia
Hansen machte 1980 in Tallinn Abitur und studierte anschließend in dem Fernstudium an der Universität Tartu estnische Philologie .	telic	durative	machte		wikipedia
"Amphoe Nong Kung Si Amphoe Nong Kung Si ( Thai : ) ist ein Landkreis "" ( Amphoe – Verwaltungs - Distrikt ) "" der Provinz Kalasin ."	state	durative	ist		wikipedia
An dem 1. Juli 1950 wurde die bis dahin eigenständige Gemeinde Grimschleben eingegliedert .	telic	punctual	wurde eingegliedert		wikipedia
Der Entwurf für die Lehrgerüstkonstruktion stammte von dem Schweizer Zimmermeister Richard Coray .	telic	punctual	stammte	could be durative	wikipedia
2009 musste das Ruinenensemble wegen Einsturzgefahr für die Öffentlichkeit gesperrt werden .	telic	durative	musste gesperrt werden		wikipedia
Es ist eines der erfolgreichsten Schutzgebiete für Nashörner in Kenia .	state	durative	ist		wikipedia
"Die operative Steuerung und Kommunikation zwischen den beteiligten Stellen läuft über eine ( physische oder elektronische ) "" Pendelkarte "" ."	state	durative	läuft		wikipedia
Der Angriff blieb der letzte ernsthafte Versuch der Konföderierten , die Belagerung von Petersburg zu beenden .	telic	punctual	blieb	telic state maybe	wikipedia
Die Auflösung wird ( ohne Beleg ) auf 1396 datiert .	telic	punctual	wird datiert		wikipedia
Seinen Namen Hélian nahm er bei seinem ersten Engagement in dem Orchester von Roland Dorsay an .	telic	punctual	nahm an		wikipedia
Nachdem er Mickeys neues Versteck ausfindig gemacht hat , trifft er ihn dort mit seiner Tochter an .	telic	durative	ausfindig gemacht hat		wikipedia
Er förderte Freizeitaktivitäten und Kabarett in dem Lager .	telic	durative	förderte		wikipedia
"Sein Werk "" Einführung in die Baustatik "" war langjähriges Standardwerk für die Ausbildung an den Hochschulen ."	state	durative	war		wikipedia
Erhalten sind noch die Strebepfeiler an der Ostseite zwischen zwei Fenstern und axial an den Ecken .	state	durative	erhalten sind		wikipedia
Die Delegierten des in Berlin tagenden V. Parteitages ( 1. – 3 . November 1920 ) bestätigten die bisherige Zentrale .	telic	punctual	bestätigten		wikipedia
"Wichmannshausen galt wegen seines enormen Wissens als das "" lebendige Archiv "" des Oberbergamtes ."	state	durative	galt		wikipedia
Seit dem Jahr 2000 ist er Redakteur der Kleinen Zeitung und lebt mit seiner Familie in der Nähe von Graz .	state	durative	ist		wikipedia
In Berlin war er fünf Jahre lang Hauslehrer bei dem Oberlandesältesten Jacob Moses .	state	durative	war		wikipedia
1864 zog er nach Ellenville und ging Bauholzgeschäften nach .	telic	durative	zog		wikipedia
Sie war eine lose Vereinigung , die 1784 mit Genehmigung des Kaisers Joseph II .	state	durative	war		wikipedia
Er liegt im nördlichen Bereich der Fundelkopf - Gruppe .	state	durative	liegt		wikipedia
In dem Jahr 1968 folgte die Empfehlung der Fachkommission , es solle die erste Bauetppe baldmöglichst begonnen werden.	telic	punctual	folgte		wikipedia
"Mit "" Corridors of Power "" erlebte Moore seinen kommerziellen Durchbruch ."	telic	punctual	erlebte		wikipedia
1863 erhielt er einen neuen Ruf der Hannoveraner Tierarzneischule .	telic	punctual	erhielt		wikipedia
"Williams war mehrmals in der amerikanischen Talkshow "" The Talk "" als Co - Moderatorin zu sehen ."	state	durative	war zu sehen		wikipedia
" Sholinghur  oder "" Sholingur "" ist die anglisierte Schreibweise des tamilischen Namens "" Solingar "" ( auch "" Sholingar "" oder "" Cholingar "" ) ."	state	durative	ist		wikipedia
Er trat jedoch wegen der Erkrankung seiner Ehefrau aus der Mannschaft aus und wurde durch Scully - Power ersetzt .	telic	punctual	trat aus		wikipedia
Nach Heinrich Barth stammt das Minarett aus dem Jahr 1844 .	state	durative	stammt		wikipedia
Nachdem auch diese schnell ausverkauft waren , wurden noch drei weitere Zusatzkonzerte an dem 28. , 29. und 31 . Januar eingelegt .	state	durative	ausverkauft waren		wikipedia
Seine Bühnenphilospophie beschreibt Peter Wagner mit „ Theater an dem Ort “ .	atelic	durative	beschreibt		wikipedia
Sie dienen der Wasserregulierung von insgesamt ca . 195 km ² Binnenland .	state	durative	dienen		wikipedia
2000 blieb sie als Siegerin des Prag - Marathons das erste Mal unter 2:30 Stunden bei einem Marathonlauf .	telic	punctual	blieb	could be a state	wikipedia
Sein Hauptinteresse galt dem Studium der antiken Religionen , insbesondere der orientalischen Kulte in dem Römischen Reich .	telic	durative	galt		wikipedia
Mit Otto Freytag ( 1888–1980 ) lebte sie ab ca . 1934 zusammen .	state	durative	lebte		wikipedia
Von dem Missale ist kein einziges Exemplar vollständig erhalten , es sind aber fünfzehn unvollständige Exemplare bekannt .	state	durative	ist		wikipedia
Zwischen 1811 und 1813 vertrat er den Bundesstaat Pennsylvania in dem US - Repräsentantenhaus .	telic	durative	vertrat		wikipedia
Die DDR - Staatsführung versuchte von der Tradition der Arbeitersportbewegung zu partizipieren .	telic	durative	versuchte		wikipedia
Sawtschenko selbst gibt an , dass sie von den Separatisten gegen ihren Willen an die russischen Behörden übergeben wurde .	atelic	durative	gibt an		wikipedia
Gleichzeitig kamen zwei Gemeinden aus dem großherzoglich hessischen Landgericht Vilbel ( Rödelheim und Niederursel ) zu dem Gerichtsbezirk Homburg dazu .	telic	punctual	kamen dazu		wikipedia
Es kam zu keinem Rettungseinsatz in diesem Zeitraum .	state	durative	kam		wikipedia
Die Wiechquaeskeck hatten zuvor eine 80- köpfige Strafexpedition der Niederländer vernichtet , und diese sahen jetzt eine Gelegenheit zu der Revanche .	telic	durative	hatten vernichtet		wikipedia
Es seien Passagen aus Vircondelets Biografie über Séraphine ohne seine Erlaubnis in das Drehbuch aufgenommen worden .	telic	punctual	seien aufgenommen worden		wikipedia
"Jung bemühte sich , als die Mainzer Universität als "" Lycée superieur "" wiederbelebt werden sollte , eine Berufung Fichtes dorthin durchzusetzen , scheiterte jedoch ."	telic	durative	bemühte		wikipedia
Die Kirche wurde 1823 erbaut .	telic	durative	wurde erbaut		wikipedia
"Als solcher wird die Kette thematisiert in den Filmkomödien "" Wiener Dog Nationals "" von 2013 und "" Wiener Dog Internationals "" von 2014 ."	state	durative	wird thematisiert		wikipedia
Die Semifinali und das Finale werden ebenfalls jeweils Best- of - Five gespielt .	atelic	durative	werden gespielt	could be stative	wikipedia
Das bedeutet , dass wir nicht wissen , ob unsere formale Lösung auch wirklich Lösung unseres Neumannproblems ist .	state	durative	bedeutet		wikipedia
Da Dynamo Dresden 1968 aus der Oberliga abgestiegen war , verzögerte sich Dörners Einstand als Erstligaspieler um ein Jahr .	telic	punctual	abgestiegen war	could be durative	wikipedia
Sie setzte teils moderne Triebwagen des Typs Talent , teils ältere Triebwagenmodelle ein .	telic	durative	setzte ein		wikipedia
Bei Regenwetter bleiben die Blüten geschlossen und gelten daher auch als Wetterpropheten .	state	durative	bleiben		wikipedia
Der Flughafen hat eine rund 2440 Meter lange Start - und Landebahn ( 05/23 ) .	state	durative	hat		wikipedia
Der Flugplatz Tannheim EDMT ist ein deutscher Flugplatz .	state	durative	ist		wikipedia
Daher wurde Tyler bereits in dem September 1841 formell aus der Partei ausgeschlossen .	telic	punctual	wurde ausgeschlossen		wikipedia
Als Synchronsprecherin arbeitete Werner etwa vier Jahre .	telic	durative	arbeitete		wikipedia
Ab 1760 folgte der Bau eines Klosters unmittelbar an die Kirche anschließend , sämtliche Baukosten trug Papst Clemens XIII .	telic	durative	folgte		wikipedia
 Siemens KWU  bot Fürth 1985 eine kostenlose Versuchsanlage zu der Müllverschwelung an .	telic	durative	bot an		wikipedia
Der Flughafen Suvarnabhumi ist von Bangkok aus mit dem Airport Rail Link erreichbar .	state	durative	ist		wikipedia
Die gewonnenen Daten werden auch mit dem Überwachungssystem Sentry ausgewertet .	atelic	durative	werden ausgewertet		wikipedia
Von 1929 bis 1931 war er Mitglied der SAJ und seit 1931 Mitglied des KJVD .	state	durative	war		wikipedia
Laut Stiftung Warentest sollen Zink - Verbindungen der Bildung von Zahnstein vorbeugen .	atelic	durative	sollen vorbeugen		wikipedia
Die bekannteste und älteste Förderaktivität der Wilhelm und Else Heraeus - Stiftung ist die Organisation von wissenschaftlichen Seminaren ( WE - Heraeus - Seminare ) .	state	durative	ist		wikipedia
Sie kommt nur in Korsika vor .	state	durative	kommt vor		wikipedia
In Syrien befanden sich 2011 9 Flüchtlingslager ( davon 3 unoffiziell * ) mit 526.744 registrierten Flüchtlingen .	state	durative	befanden sich		wikipedia
„ Über die Grenzen gehen “ ist ein Anliegen , das sich auch in der Arbeitsweise des Literaturhauses Mattersburg findet .	atelic	durative	gehen		wikipedia
In dem August 1169 unterstützte er Heinrich II .	telic	durative	unterstützte		wikipedia
Der Führungsarm wird weit nach vorne gebracht .	atelic	durative	wird gebracht		wikipedia
In die Basaltsäulen werden oft Gesichter interpretiert , vor allem bei sehr dichtem Nebel .	atelic	durative	werden interpretiert		wikipedia
"1967 verpachtete die Verlegerfamilie Ehrenklau die Zeitung an das Druck - und Pressehaus Brühl in Gießen , die Muttergesellschaft des "" Gießener Anzeiger "" ."	telic	durative	verpachtete		wikipedia
"Größere Handzimbeln "" ( chabara ) "" kommen dort bei buddhistischen Zeremonien zu dem Einsatz ."	atelic	durative	kommen		wikipedia
Huot war Mitglied der Demokratischen Partei .	state	durative	war		wikipedia
In dem Mittelpunkt steht der Rechtsanwalt Owen Marshall aus der kalifornischen Stadt Santa Barbara .	state	durative	steht		wikipedia
Dieser Verstoß gegen das Handelsgesetzbuch wurde aber von dem zuständigen Amtsgericht Halle nicht geahndet .	telic	punctual	wurde geahndet		wikipedia
Das Klima in Krems bildet ein Übergangsklima mit ozeanischen Einflüssen aus dem Westen sowie kontinentalen Einflüssen aus dem Osten .	state	durative	bildet		wikipedia
Nachdem sie 1709/10 renoviert worden war , wurde sie 1745 durch das heute bestehende Gebäude ersetzt .	telic	durative	renoviert worden war		wikipedia
Die Treppenstufen zu dem Chor wurden verbreitert , so dass sich jetzt Chöre besser aufstellen und platzieren können .	telic	durative	wurden verbreitert		wikipedia
"Überdies engagiert sie sich weiterhin in dem Beirat des "" Bündnis für Demokratie und Toleranz "" ."	atelic	durative	engagiert sich		wikipedia
Die nun entstehenden Bauten waren Teil der römischen Reichsarchitektur , die anderen Zielen diente und weiterentwickelte Formen der Gestaltung benutzte .	state	durative	waren		wikipedia
Diese Energie kann man direkt messen , wenn man Ladungen in dem Vakuum , innerhalb eines Metalls oder zwischen zwei Metallpolen bewegt .	state	durative	kann		wikipedia
Bohrer haben nur an ihrer Spitze Schneiden .	state	durative	haben		wikipedia
Die Oschwald Brüder beschlossen , ein eigenes Kamerasystem zu entwickeln , das auf dem Prinzip der optischen Bank beruht .	telic	punctual	beschlossen		wikipedia
Er wird in der römisch - katholischen und der griechisch - orthodoxen Kirche als Heiliger verehrt .	state	durative	wird verehrt		wikipedia
" Equus  selber ging höchstwahrscheinlich aus "" Dinohippus "" hervor , wobei noch Unterscheidungsschwierigkeiten zwischen dieser Gattung und den frühesten modernen Pferden bestehen ."	telic	durative	ging hervor	might be punctual	wikipedia
1862 erreichte eine schwere Pockenepidemie die Klahoose .	telic	durative	erreichte		wikipedia
Anvelt hat aus dem Englischen und Deutschen übersetzt , später auch aus dem Russischen und Lateinischen .	telic	durative	hat übersetzt		wikipedia
1965 wurde Antrag auf staatliche Anerkennung der Beschäftigungstherapeuten auf Bundesebene gestellt .	telic	durative	wurde gestellt		wikipedia
Er startet in der Gewichtsklasse bis 58 Kilogramm .	atelic	durative	startet	also a habitual state	wikipedia
Damit versorgt die Bahn die Hütten an dem Schneeberg .	atelic	durative	versorgt	also a habitual state	wikipedia
Durch ein EEG ( Messung der Gehirnströme ) werden Veränderungen sichtbar gemacht und die Untersuchung zeigt auch ob Krampfanfälle vorliegen .	atelic	durative	werden sichtbar gemacht	also a habitual state	wikipedia
Die Arbeit des HEROLDs - Ausschusses richtet sich nach dem Statut der DWR .	atelic	durative	richtet sich	could also be stative	wikipedia
Neben dem Werk von Franz Gertsch zeigt das Museum auch regelmässig Wechselausstellungen , die ein breites Spektrum zeitgenössischer Kunst vorstellen .	state	durative	zeigt		wikipedia
Die ganze Gemeinde bietet viele Hotels , Pensionen und Campingplätze .	state	durative	bietet		wikipedia
Der schottische Ligapokal , begann an dem 31 . Juli 1999 und endete mit dem Finale an dem 19 .	telic	punctual	begann		wikipedia
Die Leere großer Leinwände und kleinerer Papierformate wurde in flüssig - handschriftlichem Gestus mit Linien überzogen .	telic	durative	wurde überzogen		wikipedia
" Wünsch DIR was  wurde in dem Sommer 1993 von dem Album "" Kauf MICH "" als Single ausgekoppelt ."	telic	punctual	wurde ausgekoppelt		wikipedia
Dazu zählen Kaffeekapseln , Verpackungen für Tee , Pharmaerzeugnisse , Haustierfutter , Molkereiprodukte und andere Lebensmittel .	state	durative	zählen		wikipedia
Geschrieben wurde das Werk zwischen Januar und Juni 1916 .	telic	durative	geschrieben wurde		wikipedia
Auf der Bahn belegte er Platz sechs in dem Zweier - Mannschaftsfahren ( mit Robert Kessler ) und Platz sieben in der Einerverfolgung .	telic	punctual	durative		wikipedia
Das restaurierte Gebäude ist zu einem Museum umfunktioniert worden .	state	durative	ist		wikipedia
In dem Jahre 1785 wurde zusammen mit dem Kaplanat auch eine Dorfschule errichtet .	telic	durative	wurde errichtet		wikipedia
Bauch und Steiß sind verwaschen hellblau .	state	durative	sind		wikipedia
Für die Einführung des mehrfach verschobenen neuen Preissystems sollte Kurs 90 durch ein neues Vertriebssystem ersetzt werden .	atelic	durative	sollte ersetzt werden		wikipedia
Die KD wird von 43 freiberuflichen Verkaufsagenturen entlang der Fahrtstrecke unterstützt .	state	durative	wird unterstützt		wikipedia
"Bis 1999 führten "" Sasha Waltz & Guests "" alle ihre produzierten Stücke in den Sophiensälen auf ."	telic	durative	führten auf		wikipedia
Die Bar war die wichtigste Einkommensquelle an dem Areal .	state	durative	war		wikipedia
"Ein Angreifer bricht die "" Einwegeigenschaft "" eines Verschlüsselungsverfahrens , wenn er zu einem beliebigen Chiffrat den zugehörigen Klartext bestimmen kann ."	atelic	durative	bricht		wikipedia
Fritzsche war von 2011 bis 2016 Geschäftsführerin der Linksfraktion in dem Bezirk Harburg .	state	durative	war		wikipedia
Die Japan Super Series 2009 waren das achte Turnier der BWF Super Series 2009 in dem Badminton .	state	durative	waren		wikipedia
Friedrich und die junge Frau finden schnell Gefallen aneinander und bald verbindet sie ein inniges Verhältnis .	atelic	durative	finden gefallen		wikipedia
Das Klima ist tropisch - monsunal .	state	durative	ist		wikipedia
Es gibt Berichte über einzelgängerische Tiere , über stabile Paarbindungen und über das Zusammenleben in Gruppen .	state	durative	gibt		wikipedia
Dabei mussten die Alliierten sich der vorhandenen Rundfunk - Infrastruktur bedienen , wobei sich die Besatzungszonen und alte deutsche Strukturen überlagerten .	telic	durative	mussten sich bedienen		wikipedia
An dem 1. April 1971 wurde die bis dahin selbständige Gemeinde Rosenau eingegliedert .	telic	punctual	wurde eingegliedert		wikipedia
Der Buschmannhase wird als eigenständige Art und monotypische Gattung den Hasen ( Leporidae ) zugeordnet .	state	durative	wird zugeordnet		wikipedia
Die chaotischen Zustände zu Beginn der Revolution schmälerten den Verkaufserfolg des Buches .	telic	durative	schmälerten		wikipedia
2003 kam er in Dubai durch eine Wildcard zu seinem ersten Auftritt auf der ATP World Tour .	telic	punctual	kam		wikipedia
Grundlage ist die Denkmalliste des Landkreises Saalfeld - Rudolstadt .	state	durative	ist		wikipedia
Unter anderem werden Bachelor of Arts Honours - Studiengänge in Theologie , Theologie und Seelsorge sowie Theologie und Musik angeboten .	state	durative	werden angeboten		wikipedia
Das Reihengrab wird von dem Friedhofsträger nebeneinander in zeitlicher Reihenfolge „ der Reihe nach “ vergeben .	atelic	durative	wird vergeben		wikipedia
Robinow war hauptsächlich als Funktionär bekannt .	state	durative	war bekannt		wikipedia
Sie hat »wie eine Irre die Foto - Modellbücher geklebt « , die alle an andere Theater verschickt wurden .	telic	durative	hat geklebt		wikipedia
Demonstranten schossen mit Steinschleudern , warfen Steine und zündeten Mülltonnen an , damit der entstehende Rauch den des Tränengases verdrängt .	telic	durative	schossen		wikipedia
Die Gemeinde ist nur über Landstraßen an die umliegenden Orte angeschlossen .	state	durative	ist		wikipedia
Bathe gilt als Pionier auf dem Gebiet der Finite - Elemente - Methode .	state	durative	gilt		wikipedia
Wellington House ist ein historisches Gebäude in Jamestown auf der Insel St. Helena .	state	durative	ist		wikipedia
Sırrı Acar und Bobe Dorosiew hatten jeweils 7 Fehlpunkte und gingen leer aus .	state	durative	hatten		wikipedia
Dafür wurden 58 Millionen Euro in dem Dezember 2015 freigegeben .	telic	punctual	wurden freigegeben		wikipedia
Das Unternehmen hat Vertriebs - und Marketingbüros in Jericho , New York .	state	durative	hat		wikipedia
Er trägt einen roten Mantel , seine Gliedmaßen sind durch das Licht modelliert .	state	durative	trägt		wikipedia
Markgraf Georg Wilhelm ließ in Neustädtlein über den Grundmauern eines mittelalterlichen Adelssitzes ein Jagdschlösschen errichten .	telic	durative	ließ errichten		wikipedia
Aber schon während des Baues wurde diese um einen Meter auf 3,75 Meter dachmittig erhöht .	telic	durative	wurde erhöht		wikipedia
1928 gehörte er zu dem Olympiakader der Niederländer .	telic	durative	gehörte		wikipedia
Die Bewohner der Küsten erkannten ihrerseits schnell , an welchen Gütern die Besucher Interesse hatten .	telic	punctual	erkannten		wikipedia
Nach der Vertragsauflösung wechselte Jhonnes nach Lettland zu dem FK Liepājas Metalurgs .	telic	punctual	wechselte		wikipedia
