Caption,Class,Subclass,Verb,Infinitive verb,Tense,Aspect,Gramgen,Natgen,Comment,
"16 января 1895 года бывшая королева была взята под стражу , после того , как в садах дворца Иолани было найдено оружие .",T,P,была взята,Взять,past,P,F,F,,
"Фундамент заложен 20 января 2012 года В декабре 2014 года строительство башни пересекло рубеж 125 м , а по состоянию на июль 2015 года высота башни достигла 255 м ( 837 футов ) .",,,,,,,,,"Tossing — this one seems to have an NP tacked on the front — typo of some kind? If needed, can lump it back in, but would prefer not to.",
СССР — ФРГ. г. Гиссен ) .,,,,,,,,,np,
Библиотека была основана в 1919 году на фондах частных коллекций как организующий и руководящий центр для всех библиотек Москвы .,T,P,была основана,Основать,past,P,F,N,,
Этот объект входит в число перечисленных в оригинальной редакции «Нового общего каталога» .,S,D,входит в число,Входить ,non-past,I,M,N,,
Экипаж броненосца самоотверженно боролся за живучесть корабля .,A,D,Боролся,бороть,past,I,M,N,,
"Оливер Каудери был «Вторым Старейшиной» церкви после Джозефа Смита , и вплоть до отлучения вместе с Джозефом держал «ключи управления» церковью .",S,D, Был,Быть,past,I,M,M,,
Позднее в здании работало представительство Литовской ССР .,A,D,работало,работать,past,I,N,N,,
"Если в семье были дети , которые долго не разговаривали , то таким давали напиться воды из ритуального колокольчика .",S,D,были,Быть,past,I,N,N,,
"Декретом ""Fructuosae ecclesiae "" от 2 марта 1982 года Ланчано утратило статус митрополии , сохранив статус архиепархии , после чего была создана архиепархия Ланчано и Ортона со статусом викариатства архиепархии Кьети .",T,P,утратило,утратить,past,P,N,N,,
Манга -адаптация начала выходить с июня 2014 года издательством Kadokawa Shoten .,T,P,Начала,Начать,past,P,F,N,,
"Из 435 домохозяйств в 19,3 % воспитывались дети до 18 лет , в 66,7 % проживали супружеские пары , в 4,6 % проживали незамужние женщины и в 27,1 % домохозяйств проживали несемейные люди .",A,D,воспитывались,воспитывать,past,I,N,N,,
"Она доминировала как у профессиональных музыкантов , так и у любителей .",S,D,доминировала,доминировать,past,I,F,N,,
"В 1979 году японская фирма Yamaha фактически второй раз возродила класс «скутеров» , создав модель Passol с пластиковыми наружными панелями , изначально рассчитанный на домохозяек .",T,P,возродила,возродить,past,P,F,N,,
В 1996 на Олимпийских играх в Атланте она стала обладателем серебряной медали в эстафете 4×400 м .,T,P,Стала ,Стать,past,P,F,F,,
"По окончании войны разработки немецких конструкторов подтолкнули исследования в области ракетостроения в СССР и в США , куда эмигрировали многие немецкие учёные и инженеры , в том числе В. фон Браун .",T,P,Подтолкнули,Подтолкнуть,past,P,F,N,,
Александрия потеряла многих выдающихся учёных и государственных мужей .,T,P,потеряла,Потерять,past,P,F,N,,
"Нож с лезвием в тринадцать дюймов в длину и полтора дюйма в ширину хранился лично у Робинсона , но в настоящее время его местонахождение неизвестно .",S,D,Хранился,Хранить,past,I,M,N,,
"Площадь заказника — 65 345,4 гектара .",,,,,,,,,NP,
"Около года находился под следствием — вначале содержался на Лубянке , затем переведён в особорежимную Сухановскую тюрьму , где провёл около 100 дней .",S,D,находился,Находить,past,I,M,M,,
"Кроме того , было предложено , чтобы выгода от мелиорации может быть нивелирована последствиями уменьшения ширины гавани , что повлияет на количество судов , проходящих через порт Гонконга .",T,P,было предложено,предложить,past,P,N,N,,
"Напротив , папа Иннокентий X не особенно интересовался искусством и предпочита",S,D,интересовался,интересовать,past,I,M,M,,
"28 января 1913 года был произведён в военные лётчики , а 1 октября в поручики .",T,P,был произведён,Произвести,past,P,M,M,,
"В 2018 году стал трехкратным чемпионом России по вольной борьбе ( до 79 кг ) , а также бронзовым призёром чемпионата России по греко-римской борьбе ( до 77 кг ) .",T,P,Стал,Стать,past,P,M,M,,
"Ланкашир — графство Англии , расположенное в северо-западной части Англии на берегу Ирландского моря .",,,,,,,,,null copula,
"25 мая состоялся совместный концерт с группами ПРО ' Н ' КОН и Озан ( бывший Equinox ) , который прошёл в баре Half Way Inn .",A,P,состоялся,Состоять,past,I,M,N,Aspect and durativity mismatch,
"В сетке основных соревнований 32 участницы , пять из которых попали сюда по специальному приглашению от организаторов , а ещё четверо прошли дополнительный отборочный турнир .",T,P,попали,попасть,past,P,N,N,,
"Судебные и тюремные сцены были созданы по описаниям прокуроров и судей , практикующих в Китае .",T,P,Были созданы,создать,past,P,F,N,,
"Встречаются всё лето , откладывают белые продолговатые яйца на кормовые растения .",S,D,встречаются,Встречать,non-past,I,none,N,,
"Вторым Электро стала бывшая любовница оригинального Электро Франсин , которую Макс Диллон непреднамеренно убил во время их поцелуя , так как на тот момент не мог контролировать свои супер - силы .",T,P,Стала,Стать,past,P,F,F,,
"Георгиевский полк — из небольшого офицерского кадра , прибывшего из Киева . ( Полковник Кириенко ) .",,,,,,,,,null copula,
"Джонсон , Том Том Джонсон ( ; род. 18 ноября 1939 , Колорадо ) — американско-французский , музыкальный теоретик и , один из наиболее значительных представителей музыкального минимализма .",,,,,,,,,null copula,
В 1965 году в Черёмушки в новое здание переехала средняя школа № 2 .,T,P,переехала,переехать,past,P,F,N,,
Кроме трудовой деятельности выполнял и большую общественную работу .,T,D,выполнял,выполнять,past,I,M,M,,
"Второй — нецелесообразность использования вихревых агрегатов для перекачивания воды , содержащей абразивные фрагменты , поскольку это приводит к падению давления , КПД и быстрому изнашиванию внутренних элементов устройства .",T,D,Приводит,Приводить,non-past,I,N,N,,
"Фюзеляж в виде ферм , сварной из труб стали 30ХГСА , с лентами -расчалками , носовая часть дуралюминовая , обшивка кабины фанерная , хвостовая часть - полотняная .",,,,,,,,,null copula,
"Проницаемость её для солнечных лучей была очень слабая , поэтому на поверхности Земли царил мрак .",S,D,Была,Быть,past,I,F,N,,
"В то же время , Злотницкий отметил , что «к сожалению» , роман относится к тем , что «стоит прочитать , но вряд ли захочется перечитывать» .",T,P,отметил,отметить,past,P,M,M,,
датских крон Хёг перешёл в турецкий «Фенербахче» .,T,P,перешел,перейти,past,P,M,M,,
"К 1948 году были полностью восстановлены все судостроительные заводы , началась постройка кораблей и судов .",T,P,Были восстановлены,Восстановить,past,P,M,N,,
"Большой транспортный узел — железнодорожный вокзал , аэропорт .",,,,,,,,,null copula,
"С 1928 года , в составе Пантелеевского сельсовета .",,,,,,,,,null copula,
"Учился в консерваториях Маастрихта , Гааги и Утрехта , в том числе у Сема Дресдена и Кееса ван Баарена .",A,D,Учился,Учить,past,I,M,M,,
Двухэтажное главное здание мызы в югендстиле было построено в начале 19-ого столетия .,T,P,Было построено,Построить,past,P,N,N,,
Янг также принимал участие во многих бейсбольных мероприятиях .,A,D,принимал участие,принимать,past,I,M,M,,
В 2013 году Родригес помог сборной выйти в финал Золотого кубка КОНКАКАФ .,A,P,помог,помочь,past,P,M,M,?,
Тренером этой команды он работал всего полгода и после выездного поражения от ровенского «Вереса» подал в отставку .,A,D,работал,работать,past,I,M,M,,
"В госпитале одну ступню подготовили к ампутации , но внимательность медсестры , заметившей , что в одном мизинце присутствует кровоснабжение , спасло от операции ногу пилота .",T,P,подготовили,подготовить,past,P,F,N,,Only object has gender
В 1798 году получил сан протоиерея .,T,P,получил,получить,past,P,M,M,,
"Примерно в IX — X веках на место поселения скифской эпохи пришли представители племени северян — одного из 15 племен , образовавших Киевскую Русь .",T,P,пришли,прийти,past,P,M,N,,
Похоронен на Центральном ( Армянском ) кладбище в Кишинёве .,,,,,,,,,AP,
Резервы которые так были необходимы для взятия Петрограда не пришли в боевые порядки .,S,P,были,быть,past,I,M,N,,
"Указ о внесении рода в Бархатную книгу , в главу Смоленских князей был подписан 10 июня 1687 года .",T,P,был подписан,подписать,past,P,M,N,,
"Было решено , что японский пилот уедет с Ниихау , когда его с очередным еженедельным визитом посетит хозяин острова — Эйлмер Робинсон , а пока что останется под охраной жить в доме Харада .",T,P,Было решено,решить,past,P,M,N,,
В начале июля 1941 года в районе города Борисова 1-я мотострелковая дивизия методом подвижной обороны более десяти дней сдерживала продвижение 18-й танковой дивизии вермахта вдоль автострады Минск — Москва .,A,D,сдерживала,сдерживать,past,I,F,N,,
"По данным переписи населения 2000 года здесь находились 527 человек , 181 домохозяйств и 139 семей .",A,D,находились,находить,past,I,M,N,,
"По правую сторону дороги в село Евгеньевка ( в 12 км от села Тургень ) находится могильник , состоящий из 10 курганов , ІV - ІІ века до нашей эры .",A,D,находится,находить,non-past,I,M,N,,
"Поэтому могут быть использованы как статические , так и гиф-картинки .",S,D,могут,мочь,non-past,I,None,N,,
"Хоть река Иордан была на самом деле восточнее Храма , согласно табеля она на юго-западе , видимая через юго-восточный вход Храма .",S,D,была,быть,past,I,F,N,,
"В это время с некоторыми судьбами стало ясно , и группа обвиняемых уменьшилась .",T,P,стало,стать,past,P,N,N,,
В сезоне 2003/04 он набрал 43 очка в 62-х играх и получил «Билл Хантер Мемориал Трофи» — приз лучшему защитнику WHL .,T,P,набрал,набрать,past,P,M,M,,
"Однако уже в 1961 году храм был закрыт вторично и его помещения использовались под спортивный зал , а затем его превратили в колхозный склад .",T,P,был закрыт,закрыть,past,P,M,N,,
Самый большой колокол — колокол Святой Марии — отлит в 1546 году .,T,P,отлит,отлить,non-past,P,M,N,null copula,
Обжаривают не более двух минут в специальном дуршлаге с длинной ручкой .,A,D,Обжаривают,Обжаривать,non-past,I,N,N,,
В репертуаре Нежинского народного театра были произведения : Также ставились пьесы М. П . Старицкого и М. Л. Кропивницкого .,S,D,были,быть,past,I,N,N,,
"Одноразовый огнемёт состоял из цилиндрического резервуара объёмом 1,7 л с зажигательной смесью внутри и шлангом с диаметром 9 мм .",S,D,состоял,состоять,past,I,M,N,,
Верхние Плостки — самая южная и самая верхняя по берегу Волги деревня Охотинского сельского поселения .,,,,,,,,,null copula,
Ростер WWE был переполнен из-из огромного количества пришедших из купленных промоушенов реслеров и других сотрудников .,T,P,был переполнен,переполнить,past,P,M,N,,
Заслуженный профессор Московского университета ( 2005 ) .,,,,,,,,,NP,
Заказчик определяет цель и ограничения проекта и его финансирование .,T,D,определяет,определять,non-past,I,M,N,,
Перешел из кальвинизма в римско-католическую веру и получил место в сенате Речи Посполитой .,T,P,перешел,перейти,past,P,M,N,,
"Таким образом , создаётся локальное повышение концентрации углекислого газа в месте наиболее высокой концентрации Рубиско .",T,D,создаётся,создать,non-past,P,N,N,,
"Началось сведение Красногвардейских отрядов , отрядов бывшей Русской армии , воинских частей и отрядов Советских республик в пять армий численностью по 3-3,5 тысячи человек .",T,P,началось,начать,past,P,N,N,,
"14 ноября в Австралии , 17 ноября в Европе , и 18 ноября в Азии , Северной Америке и Южной Америке вышел восьмой альбом группы под названием «No Fixed Address» .",T,P,вышел,выйти,past,P,M,N,,
После освобождения Югославии избран в Народную скупщину Югославии и Народную скупщину Сербии .,,,,,,,,,null copula,
"Уже 10 июля Дерек дебютировал в своей новой команде , выйдя на замену в мачте с «Ляонином» .",A,P,дебютировал,дебютировать,past,P,M,M,,
Спустя месяц после своего возвращения в Йорк 8 июня 1154 г. архиепископ Вильям скончался .,T,P,скончался,скончать,past,P,M,M,,
"Критики и литераторы более поздних поколений несколько иначе оценивали минорные интонации поэта , находя их созвучными тому времени , в котором он жил .",A,D,оценивали,оценивать,past,I,M,N,,
"Из 341 активных работали 314 человек ( 169 мужчин и 145 женщин ) , безработных было 27 ( 12 мужчин и 15 женщин ) .",A,D,работали,работать,past,I,M,N,,
"C 1912 года — депутат 4-й Государственной Думы , глава фракции меньшевиков .",,,,,,,,,null copula,
"Позже девушки встретились с Зендаей и приняли участие в показе в ночном клубе , где и прошла их фотосессия , по итогам которой Джастин была исключена .",T,P,встретились,встретить,past,P,F,F,,
"Кроме того , за несколько десятилетий до Жака Деррида Пессоа воплотил в своем творчестве его знаменитый тезис о несуществовании внетекстовой реальности .",A,P,воплотил,воплотить,past,I,M,M,,
На счету самого Безукладникова 3 огневые точки и до 20 вражеских солдат .,,,,,,,,,null copula,
"В состав вооружения корабля , помимо 54 бортовых пушек , входила также пара резервных кормовых пушек .",S,D,входила,входить,past,I,F,N,,
Монастырь Святой Терезы был основан в первой половине XIX века .,T,P,был основан,основать,past,P,M,N,,
Византийские императоры династии Комнинов весьма зорко следили за восточной границей империи .,A,D,следили,следить,past,I,M,M,,
Для того чтобы предупредить недостаточную перфузию в мозг требуется агрессивная поддержка кровообращения и артериального среднего давления с использованием растворов .,S,D,требуется,требовать,non-past,I,F,N,,
Демонстрации протеста против смертного приговора не имели успеха .,T,P,имели успеха,иметь успеха,past,I,F,N,mismatch between durativity and aspect,
"С 1893 года при церкви открыта школа грамоты , преобразованная затем в церковно-прихо́дскую .",A,D,открыта,открыть,non-past,P,F,N,,
"По неподтверждённой информации , аптекарь Штраус начал работу в Уральске провизором в аптеке Миллера , но со временем решил открыть собственное дело .",T,P,Начал,Начать,past,P,M,M,,
Батарея состояла из двух орудийных блоков с железобетонными стенами в 2—3 метра толщиной .,S,D,состояла,состоять,past,I,F,N,,
"Во всех романсах , особенно в наиболее старинных , отражается истинный испанский национальный характер — мужественный , искренний , степенный , крепко уважающий раз данное слово .",S,D,отражается,отражать,non-past,I,M,N,,
В течение всей своей жизни работал над главным произведением — историей открытия и завоевания колоний в Новом Свете .,A,D,работал,работать,past,I,M,M,,
"Г. дю Вэр был автором многочисленных эссе , в которых пытался связать христианскую религию с античным стоицизмом .",S,D,был,быть,past,I,M,M,,
Если formula_4 — непрерывная ограниченная функция на прямой и formula_5 то Пусть formula_7 — всюду плотное на прямой счетное множество .,,,,,,,,,null copula,
"В муниципалитете Риезе - Пио-X расположен собор Санта Мария Ассунта , а также собор в Кастельфранко - Венето .",S,D,расположен,расположить,non-past,P,M,N,,
"В современной Сербии он назван «великим художником , автором и хранителем великого сербского письменного слова» .",S,D,назван,назвать,non-past,P,M,M,,
"Публиковался в газетах «Комсомольская правда» , «Неделя» , в журнале «Ровесник» .",T,D,Публиковался,публиковать,past,I,M,N,,
Здесь за детьми следят сиделки — Розовые Дамы .,A,D,следят,Следить,non-past,I,F,N,,
"Хотя , вполне возможно , в недрах сещинской земли еще хранятся подземные ходы , вход в которые завален .",S,D,хранятся,Хранить,non-past,I,M,N,,
"Ближайшие станции метро — «Удельная» , «Пионерская» и «Комендантский проспект» .",,,,,,,,,null copula,
"Мещеряков , Александр Николаевич ( историк ) Алекса́ндр Никола́евич Мещеряко́в ( род. ) — советский и российский историк , японист , литератор .",,,,,,,,,null copula,
"Может использоваться с грейфером , челюстным захватом , гидравлическим молотом для рыхления грунта .",S,D,может,мочь,non-past,I,N,N,,
"Нападавшие избили и связали работников станции , после чего заложили в машинном зале и на ОРУ пять взрывных устройств и скрылись .",T,P,избили,Избить,past,P,N,N,,
В партизанских войсках пользовался псевдонимом «Конрад» .,A,D,пользовался,пользовать,past,I,M,N,,
Сам Данила Выговский был захвачен в плен .,T,P,был захвачен,Захватить,past,P,M,M,,
Воду необходимо фильтровать и часто менять по мере загрязнения .,,,,,,,,,null copula,
"Условия труда там были несравненно лучше , чем в тесноте в здании Главного штаба .",S,D,были,Быть,past,I,N,N,,
Землетрясение 15-го января 1858 года также сильно повлияло на состояние храма .,A,P,повлияло,повлиять,past,P,N,N,,
"Женский хоккейный турнир суммарно посетили 162 419 человек , что в среднем составило 8120 зрителей за игру .",A,P,посетили,Посетить,past,P,M,N,,
По селу протекает пересыхающий ручей с запрудами .,A,D,протекает,Протекать,non-past,I,M,N,,
В результате 24 февраля город переходит под власть большевиков .,T,D,переходит,Переходить,non-past,I,M,N,,
"Кроме того , из-за гомологичной рекомбинации плазмидные мономеры могут объединяться в димеры , которые из-за своих более крупных размеров медленнее мономеров проходят в агарозном геле при электрофорезе .",S,D,могут,мочь,non-past,I,M,N,,
"В местах скопления вшей на коже кроликов появляются красные точки , которые расчёсываются животными до крови , та засыхает , образуя корки .",T,D,появляются,Появлять,non-past,I,F,N,,
"Награжден двумя орденами Ленина , тремя Красного Знамени , Кутузова ІІ степени , Отечественной войны І степени , Красной Звезды , медалями , иностранными наградами .",T,P,Награжден,Наградить,non-past,P,M,N,,
"8 июля 1916 года учёные , Роберт Кастман Мёрфи провели пресс-конференцию в американском музее естественной истории .",A,P,провели,провести,past,P,M,M,,
"По израильским данным 9 самолётов было потеряно , из них 4-5 сбито в воздушных боях .",T,P,было потеряно,потерять,past,P,M,N,,
"Публиковалась на страницах ""The London Review of Books , the New Statesman , Sunday Times , The Telegraph , Vogue "" .",T,P,Публиковалась,Публиковать,past,I,F,N,,
Уличная сеть посёлка состоит из 2 улиц .,S,D,состоит,состоить,non-past,I,F,N,,
"Границы области близки к границам существующего Герцаевского района , но не идентичны им .",,,,,,,,,null copula,
"Во время штурма лагеря войсками работал в радиорубке , передавая сигнал SOS , по некоторым сведениям был ранен .",A,D,Работал,Работать,past,I,M,N,,
"По его итогам была определена тройка кандидатов , из которых во втором туре 10 апреля был выбран президент страны .",T,P,была определена,определить,past,P,F,N,,
"Среди его соседей по комнате в общежитии были , в частности , Расул Гамзатов и Владимир Тендряков .",S,D,были,быть,past,I,M,M,,
"Позже она некоторое время жила в Нью-Йорке , где работала гоу - гоу танцовщицей и разносчицей коктейлей .",S,D,жила,жить,past,I,F,F,,
"Испаноязычные составляли 0,74 % населения независимо от расы .",S,D,составляли,составлять,past,I,None,N,,
"Генерал армии Конфедерации , Брэкстон Брэгг , решил в ответ вторгнуться в Кентукки , соединиться с армией Кирби Смита , пополнить армию кентуккийцами и этими силами атаковать армию Бьюэлла .",T,P,решил,решить,past,P,M,M,,
"В 1940-1945 годах на службе в армии , в военно-морской разведке .",,,,,,,,,PP,
"Почтовый адрес : 125993 , Москва , Г - 59 , ГСП-5 , Бережковская наб., 30 .",,,,,,,,,NP,
"Ещё через несколько лет здание попало в руки сановника Александра Андреевича Безбородко , который после частичной перестройки передарил его наследнику престола Павлу I .",T,P,попало,попасть,past,P,N,N,,
"Береговая линия примерно соответствует побережью геологической провинции Борборема на северо-востоке Бразилии , которая начала отделяться от этой части Африки около 115 миллионов лет назад .",S,D,соответствует,соответствовать,non-past,I,F,N,,
"В 1994 году был принят Федеральный закон Джейкоба Веттерлинга , названный в честь него .Это был первый закон , который ввел государственный реестр сексуальных преступников .",T,P,был принят,принять,past,P,M,N,,
"В древнегреческой мифологии ( «Василис» , «царственная» ) — эпитет богинь Геры , Афродиты , Персефоны .",,,,,,,,,null copula,
"Этот стадион был дополнен выдвижной стеклянной крышей , которую разработал испанский архитектор Сантьяго Калатрава .",T,P,был дополнен,дополнить,past,P,M,N,,
Средний возраст жителя округа 40 лет .,,,,,,,,,null copula,
"Население в основном занимается овцеводством , скотоводством и овощеводством .",A,D,занимается,занимать,non-past,I,N,N,,
Выход длился 2 ч 45 мин и был лишь частично успешным .,S,D,длился,длить,past,I,M,N,,????
За действия на островах Лейте и Лусон отмечено Благодарностью президента Филиппинской республики за службу на Филиппинах с 22 октября 1944 по 16 июня 1945 .,T,P,отмечено,отметить,non-past,P,N,N,,
Может означать : Также известны Команы Италийские — три одноимённых коммуны в современной Румынии .,S,D,Может,мочь,non-past,I,None ,N,,
Однако гиробусы в Конго быстро изнашивались .,T,D,изнашивались,изнашивать,past,I,M,N,,
Расположен примерно в 4 км к юго-западу от села Фатнево .,S,D,Расположен,Расположить,non-past,P,M,N,,
"— Но , во всяком случае , надо сделать как-то , чтобы не повторялись такие убийства .",T,D,повторялись,повторять,past,I,N,N,,
"В скором времени они , однако , подписали соглашение , по которому обязались не заниматься вербовкой и хищением кадров .",T,P,подписали,подписать,past,P,None ,N,,
"Главные роли в этом фильме исполнили Роберт Де Ниро , Аннетт Бенинг и Джордж Уэндт .",A,D,исполнили,исполнить,past,P,None ,M and F,,
"Таким образом , картина является также первой по времени трактовкой знаменитой серии Делоне .",S,D,является,являть,non-past,I,F,N,,
Роберт Проски был членом совета директоров театральной компании Cape May Stage в Нью - Джерси .,S,D,был,быть,past,I,M,M,,
"Режиссёр фильма Карен Шахназаров рассказывает о том , что все действия в этом фильме являются реальностью 2000 года .",A,D,рассказывает,рассказывать,non-past,I,M,F,,
С событий предыдущей части серии прошли столетия .,T,P,прошли,пройти,past,P,N,N,,
"Его фотографии появлялись на обложках многих популярных журналов , среди которых ""«Vanity Fair» "" , ""«Glamour» "" , ""«Cosmopolitan» "" , ""«Playgirl» "" и ""«Men’s Fitness» "" .",T,P,появлялись,появить,past,P,F,N,,
Речной бассейн реки — ( Верхняя ) Волга до Куйбышевского водохранилища ( без бассейна Оки ) .,,,,,,,,,null copula,
"Рейчу , она была приобретена в 1886 году .",T,P,была приобретена,приобрететь,past,P,F,N,,
"Сильное переохлаждение земной поверхности зимой вызывает большие различия между летними и зимними температурами , а также сезонными количествами осадков .",T,D,вызывает,вызывать,non-past,I,N,N,,
"Аутентичный текст написан на русском языке — фамилии действующих лиц ; все авторские реплики и замечания , монологи и диалоги действующих лиц , строки песен на западнополесском ( пинском ) диалекте .",T,D,написан,написать,non-past,P,M,N,,
"Диверсионному делу Кипкеев обучался на базе под Урус-Мартаном , которой командовал арабский наёмник Хаттаб .",A,D,обучался,обучать,past,I,M,M,,
"Единственная проблема заключалась в том , что в журнале от сдачи рукописи в набор до появления номера проходило три месяца .",S,D,заключалась,заключать,past,I,F,N,,
11 января 1965 года Нефёдовский с/с был возвращён в восстановленный Серпуховский район .,T,P,был возвращён,возвратить,past,P,M,N,,
"В состав группы , которая подчинена Никонову , включены учёные — специалисты в области порохового дела , военный специалист артиллерист , красноармеец в качестве ординарца .",,,,,,,,,null copula,
Считается одной из самых ядовитых змей Африки .,S,D,Считается,Считать,non-past,I,None,N,,
В 1949 году окончил Московскую консерваторию ; ученик Сергея Василенко ( композиция ) и Григория Столярова ( дирижирование ) .,T,P,окончил,окончить,past,P,M,M,,
"В апреле 2016 года Стил опубликовала в своем профиле Instagram , что находится на четвёртом месяце беременности .",T,P,опубликовала,опубликовать,past,P,F,F,,
"Чтобы обойти эти законы , японцы и другие выходцы из Азии переводили права собственности на недвижимость на своих детей , рождённых в США и имевших гражданские права по праву рождения .",T,D,переводили,переводить,past,I,None,N,,
В сентябре 1941 года монастырь передан КЭЧ Тюменского гарнизона .,T,P,передан,передать,non-past,P,M,N,,
"Я думаю , что эта дорога преждевременна .",A,D,думаю,думать,non-past,I,None,N,,
"Maylandia estherae Maylandia estherae — вид пресноводных рыб семейства цихлидовые , обитающий у скалистого побережья озера Малави , эндемиком которого он является .",S,D,является,являть,non-past,I,M,N,,
"Среднегодовой доход на 1 человека , евро ( 2010 ) — 26 513 ( Франция в целом — 23 780 , департамент Нор — 21 164 ) .",,,,,,,,,null copula,
"Это первый дистрибутив , сочетающий утилиты GNU с ядром OpenSolaris .",,,,,,,,,null copula,
"В 1944 году принимается на вооружение новый 3-линейный карабин , он имел также игольчатый штык , но другой конструкции Н. С . Сёмина .",T,D,принимается,принимать,non-past,I,M,N,,
Урал -2 Урал -2 — средняя программируемая машина 60-х годов 20 века .,,,,,,,,,null copula,
"Шарнирное соединение остальных секций , которые не имеют торцевых стенок , позволяет проходить закругления радиусом не менее 12 м .",S,D,имеют,иметь,non-past,I,N,N,,
"Пламя — это светящаяся зона , образующаяся в ходе горения .",,,,,,,,,null copula,
"Фильм сочетает в себе жанры приключенческого кино , боевика , фантастики и семейного фильма .",S,D,сочетает,сочетать,non-past,I,M,N,,
"Свидетельства о своей деятельности Диана оставила в дневнике , который вела с 23 октября 1941 года до 7 февраля 1947 года ( дневник был опубликован в Хорватии в 2003 году ) .",T,P,оставила,оставить,past,P,F,F,,
Творчество Лало высоко ценил Клод Дебюсси .,S,D,ценил,ценить,past,I,M,M,,
По переписи 2007 года в коммуне проживало 2552 человека .,S,D,проживало,проживать,past,I,M,N,,
От колоссальных перегрузок левая плоскость крыла разрушилась .,T,P,разрушилась,разрушить,past,P,F,N,,
"Он осуществлял торговлю в Архангельском порту , занимался продажей льна , хлеба и кожи .",T,P,осуществлял,осуществлять,past,I,M,M,,
"В 1918–1921 гг. работал заведующим механическим отделением разработок торфа Редкинского торфопредприятия , а также преподавателем курсов , организованных Цуторфом для подготовки работников по добыче торфа .",A,D,работал,работать,past,I,M,M,,
"В сети Интернет : Медресе Хивы Медресе — мусульманское учебное заведение , выполняющее роль средней школы и мусульманской духовной семинарии .",,,,,,,,,null copula,
"В условиях плохой погоды крейсера потопили немецкий учебный корабль Бремзе , но транспортам удалось уйти .",T,P,потопили,потопить,past,P,M,N,,
"Так , в 2010 году в тяжёлом весе он одержал победу на Мемориале Дуйшенкула Шопокова в Бишкеке .",T,P,одержал,одержать,past,P,M,M,,
Все члены комитета находились на трибуне и прекрасно наблюдали «третий тайм» .,S,D,находились,находить,past,I,M,N,,
"В Стрыйском парке работала парашютная вышка , демонтированная в 1980-х гг .",A,D,работала,работать,past,I,F,N,,
"Длина реки 145 км , площадь водосборного бассейна 1830 км² .",,,,,,,,,null copula,
"Было отмечено , что специализированному техническому агентству необходимо рассмотреть исполнение этого законодательства и помочь в его осуществлении .",T,P,Было отмечено,отмечать,past,P,N,N,,
Происходившие в это время события студенческой революции в соседней Франции оказали влияние на его мировоззрение .,A,D,оказали влияние,оказать,past,P,F,N,,
16 июля 1944 года в составе полка экипаж Пе - 2 — Н. Д .,,,,,,,,,null copula,
В начале 2000-х годов памятник был повреждён вандалами — на лбу Ленина оставлена глубокая вмятина .,T,P,был повреждён,повредить,past,P,M,N,,
"На сайте Rotten Tomatoes получил рейтинг 0 % на основе 19 критиков , со средним баллом 2.6 из 10 .",T,P,получил,получить,past,P,M,N,,
"Вера Игнатьевна печатала статьи в медицинских журналах , проводила с земскими врачами обсуждения диагностики и лечения различных заболеваний .",T,D,печатала,печатать,past,I,F,F,,
Озёрная котловина водоёма неправильной удлинённой формы с извилистой береговой линией .,,,,,,,,,null copula,
"Справившись с ними , Куинн обнаруживает , что арбалет заряжен его же зелёными стрелами .",T,D,обнаруживает,обнаруживать,non-past,I,M,M,,
"16 марта 1914 года был рукоположен в сан епископа Левкийского , викария Халкидонской митрополии .",T,P,был рукоположен,рукоположить,past,P,M,M,,
"В 1872 году здание биржи было перестроено , внутренний двор перекрыли крышей .",T,P,было перестроено,перестроить,past,P,N,N,,
В деревне Ларс жил полной жизнью .,S,D,жил,жить,past,I,M,M,,
Ствол бананового дерева используется для изготовления плотов .,A,D,используется,использовать,non-past,I,M,N,,
"Родился в семье нотариуса , купца второй гильдии Исая Семёновича ( Вольфовича ) Вейнберга ( 1791 — 1865 ) и Розы Абрамовны Вейнберг .",T,P,Родился,Родить,past,P,M,M,,
"Цингер ( 1836 — 1907 ) , А. К .",,,,,,,,,NP,
"В том числе 48 % в возрасте до 18 лет и 16,3 % в возрасте 65 и старше .",,,,,,,,,null copula,
4 января 2012 года он был обменян в «Мемфис Гриззлис» .,T,P,был обменян,обменять,past,P,M,N,,
С началом военной фазы Карабахского конфликта приехал из Санкт-Петербурга в Нагорный Карабах .,T,P,приехал,приехать,past,P,M,N,,
Для защиты слобожан из Верхотурья была послана вооруженная команда .,T,P,была послана,послать,past,P,F,N,,
"Вал сглажен , юго-восточная часть вала спрямлена и прорезана короткой цепочкой кратеров , восточная часть вала перекрыта небольшим кратером .",T,P,сглажен,сгладить ,non-past,P,M,N,,
"Он является одним из самых известных спортивных телекомментаторов Норвегии : освещал за свою карьеру различные спортивные соревнования , но при этом отдавал предпочтение зимним видам спорта и футболу .",S,D,является,являть,non-past,I,M,M,,
После того матча четыре игрока «Арсенала» получили дисквалификации и были оштрафованы Футбольной ассоциацией на общую сумму в £275 000 .,T,P,получили,получить,past,P,M,N,,
Первая ложа FRC была основана в Сан-Франциско в 1861 году и вскоре закрылась .,T,P,была основана,основать,past,P,F,N,,
"Никогда раньше ни один российский ( или советский ) исполнитель в этот хит-парад не попадал , группа Парк Горького стала первым в истории .",T,P,попадал,попасть,past,I,M,N,,
"NGC 3016 NGC 3016 ( другие обозначения — UGC 5266 , MCG 2 - 25-40 , ZWG 63.77 , IRAS09471+1255 , PGC 28269 ) — спиральная галактика ( Sb ) в созвездии Лев .",,,,,,,,,null copula,
"Ева Нансен в 1895 году получила от некоего ясновидящего письмо , которое якобы было послано с Северного полюса .",T,P,получила,получить,past,P,F,F,,
Журнал в ноябре 1986 года одним из первых опубликовал доклад правительственной комиссии об аварии на Чернобыльской АЭС и её последствиях для МАГАТЭ .,T,P,опубликовал,опубликовать,past,P,M,N,,
"Участник Великой Отечественной войны , Герой Советского Союза ( 1946 ) .",,,,,,,,,NP,
Миллер и Джефф Фоулер также назначены режиссёрами и продюсерами анимационного фильма их студии Blur Studio «Болван» .,T,P,назначены,назначать,non-past,P,M,M,null copula,
Сакен Бибосынов выступает в наилегчайшей весовой категории .,A,D,выступает,выступать,non-past,I,M,M,,
"Атака захлебнулась , и дивизия перешла в наступление .",T,P,захлебнулась,захлебнуть,past,P,F,N,,
Председатель Хорватского ПЕН- клуба ( 2001 — 2005 ) .,,,,,,,,,NP,
Она была основана 11 июля 1950 года 46 компаниями -производителями игрушек и первоначально называлась «Deutsche Spielwaren - Fachmesse eGmbH» .,T,P,была основана,основать,past,P,F,N,,
"Оригинальный состав инструментов , для которого были написаны квинтеты Эвальда отличался от современного и состоял из 2 корнетов , альтгорна , баритона и тубы .",T,P,были написаны,написать,past,P,M,N,,
"Люди в баре , каждый по-своему , пытаются повлиять на Вайкоффа , однако преступник никак не реагирует на их обращения .",A,D,пытаются,пытать,non-past,I,M,N,,
Однако в 1787 году по распоряжению Потёмкина все эти земли были отобраны у Фабре в казну .,T,P,были отобраны,отобрать,past,P,F,N,,
Болонино ( Курская область ) Болонино — деревня в Фатежском районе Курской области .,,,,,,,,,null copula,
Публиковать стихи начал в студенческие годы .,T,P,начал,начать,past,P,M,M,,
Первые письменные упоминания легенды от Святом Бехнаме относятся к концу XII в . — начала XIII в .,S,D,относятся,относить,non-past,I,F,N,,
"Дуниловка Дуниловка — река в России , протекает в Ржевском районе Тверской области .",A,D,протекает,протекать,non-past,I,F,N,,
"Посредник ссылаясь на ошибку сказал , что он достал предмет из мантии .",T,P,сказал,сказать,past,P,M,M,,
"В 1946 году , спасая свою дочь от наезда советского военного грузовика , Леопольд Соха направил свой велосипед на нее и успел вытолкнуть девушку из-под колёс , но сам при этом погиб .",A,P,направил,направить,past,P,F,F,,
"31,6 % от общего числа семей на момент переписи жили самостоятельно , при этом 16,9 % составили одинокие пожилые люди в возрасте 65 лет и старше .",S,D,жили,жить,past,I,M,N,,
"Согласно переписи 2002 года , преобладающая национальность — башкиры ( 100 % ) .",,,,,,,,,null copula,
"Был женат на Александре Фёдоровне Натус , от которой имел двоих сыновей .",T,P,Был женат,женить,past,P,M,M,,
"Ширина реки в низовьях составляет 10 м , глубина — 1,0 м , грунт дна — твёрдый .",S,D,составляет,составлять,non-past,I,F,N,,
"Летом группу покинул Майк Моти , и на его место пришёл Эксл Морган .",T,P,покинул,покинуть,past,P,F,N,,
"Предполагается , что он скончался около 845 года и его преемником на кафедре был Арибер I .",S,D,Предполагается,Предполагать,non-past,I,None,N,,
"Красная ( приток Оспы ) Красная ( Бура ) — река в России , протекает в Новосибирской области .",A,D,протекает,протекать,non-past,I,F,N,,
Являлся членом Совета по международным отношениям и Американской коллегии судебных юристов ( ) .,S,D,Являлся,Являть,past,I,M,M,,
Смит ( Sally O . Smyth ) .,,,,,,,,,NP,
На сегодняшний день производится круглый год .,T,D,производится,производить,non-past,I,None,N,,
"В 2007 году начала продаваться специальная версия автомобиля «WTCC street edition» , по мотивам чемпионата WTCC , в котором спортивные Lacetti занимали призовые места .",T,P,начала продаваться,начать,past,P,F,N,,202
В 2013 году работал тренером в академии «Краснодара» .,A,D,работал,работать,past,I,M,M,,
"Так как электрическая энергия пропорциональна квадрату напряжения , то основная её часть запасается в обмотке высшего напряжения .",A,D,запасается,запасать,non-past,I,F,N,,
"В 403 году Хуань Сюань провозгласил создание нового государства Чу , а Сыма Дэвэню дал титул ""Шиян - гуна "" ( 石陽公 ) .",T,P,провозгласил,провозгласить,past,P,M,M,,
Футбольная команда «Дружба» в селе Осипенко Бердянского района Запорожской области была организована при одноимённом колхозе .,T,P,была организована,организовать,past,P,F,N,,
Ритмическая основа для «Chronologie 2» позаимствована с одной из ранних композиций Жарра - «Erosmachine» .,T,P,позаимствована,позаимствовать,non-past,P,F,N,,
"Саги о епископах Саги о епископах ( норв. ""Biskupa sögur "" ) — разновидность исландских саг , относящаяся к числу саг о недавнем прошлом .",,,,,,,,,null copula,
"Это сделала дочь князя красавица Тома , ударив себя кинжалом в грудь .",T,P,сделала,сделать,past,P,F,F,,
"Истоки ирано-иракского пограничного конфликта относятся к середине XIX века , когда в рамках договоров между Персией и Османской империей русло реки Шатт- эль - Араб попало полностью на территорию последней .",S,D,относятся,относять,non-past,I,M,N,,
Протекает по территории Елизовского района Камчатского края России .,A,D,Протекает,Протекать,non-past,I,F,N,,
"Увлёкся пейзажем , писал сцены извержения Везувия , как и Фридрих , изображая на первом плане фигурки людей .",A,D,Увлёкся,Увлечь,past,P,M,M,,
"Являлся членом Российской Академии юридических наук , членом Ассоциации юристов России , членом Российской ассоциации международного права , членом Российской криминологической Ассоциации .",S,D,Являлся,Являть,past,I,M,M,,
"Кравцов честолюбив и честен , молод и серьёзен .",,,,,,,,,null copula,
"Ситуация усугубилась нарастанием социальных противоречий в результате ухудшения экономической ситуации из-за Первой мировой войны , а также влиянием происходившей в России революции .",,,усугубилась,,,,,,,
Очень скоро «Яир» стало прозвищем Штерна .,,,,,,,,,,
Через месяц пара выступала в США на серии Гран-при Skate America .,,,,,,,,,,
"София Бранденбургская ( 1568 — 1622 ) София Бранденбургская ( ; 6 июня 1568 , замок Цехлин — 7 декабря 1622 , замок Кольдиц ) — принцесса Бранденбургская , в замужестве курфюрстина Саксонии .",,,,,,,,,,
"В эти годы она совершила поездку во Францию , Италию и Испанию .",,,,,,,,,,
"Противоположностью женственности является маскулинность ( мужеподобность ) — мужской гендерный стереотип , включающий в себя такие черты , как смелость , независимость , уверенность в себе , хладнокровие и рациональность .",,,,,,,,,,
В мае-июле 1941 года состоялся первый выпуск…» Многие офицеры первого выпуска 1941 года остались в училище и были назначены на командные должности в учебные подразделения .,,,,,,,,,,
В квалификации соревнований лучники выполняют 12 серий выстрелов по 6 стрел с расстояния 70-ти метров .,,,,,,,,,,
"Позднее добавились маршруты 3а и 4а , общее число возросло до 11 .",,,,,,,,,,
"Удивлённый пастух ударил мясо , тот вырос , и пастух убежал обратно к овцам .",,,,,,,,,,
О развитии курорта в межвоенной Польше ( 1918—1939 ) свидетельствуют цифры .,,,,,,,,,,
После завершения игровой карьеры вошёл в тренерский штаб «Левски» .,,,,,,,,,,
Октябрьский проспект — центральная магистраль Кирова .,,,,,,,,,,
Интерес к сцене проявился у Татьяны с раннего детства .,,,,,,,,,,
"Развитие гнид платяной вши при температуре 30—31 ° С длится 7—10 суток , если бельё не снимают .",,,,,,,,,,
"13 августа 2014 в ходе голосования , состоявшегося в рамках конгресса FIDE в норвежском городе Тромсё , Филатов был избран на пост вице-президента FIDE .",,,,,,,,,,
"Таким образом , если бы мы получили 4 различных символа , происходящие с равной частотой , то это представило бы 2 бита .",,,,,,,,,,
"Верхняя узкая часть архегония называется шейкой , нижняя расширенная — брюшком .",,,,,,,,,,
Обладатель I премии Королевской академии изящных искусств в Гранаде .,,,,,,,,,,
В 1915 году Парвус среди прочих фирм регистрирует в Стокгольме экспортно-импортную фирму «Фабиан Клингслянд» .,,,,,,,,,,
"После просмотров в бельгийском «Генте» в августе 2013 года Рашица отказался от предложения этого клуба , предпочтя выступления на родине .",,,,,,,,,,
"Ныне археологи обоснованно считают их самостоятельным народом , сложившимся на основе местного населения и относят их культуру к Кизил-кобинской .",,,,,,,,,,
"Когда такую карту сканировали , e - Reader выводил на экран консоли данные из Покедекса о том покемоне , который был изображён на отсканированной карте .",,,,,,,,,,
"В течение 1959—1974 годов полностью завершается формирование структуры типовой областной библиотеки , утверждённой новым Уставом .",,,,,,,,,,
Он договаривается с жителями деревушки Елизаветино о продаже земли под строительство фабрики .,,,,,,,,,,
"Васви Абдураимов родился года в городе Хамза Алтыарыкского района Ферганской области Узбекской ССР , куда его родители были депортированы из Крыма 18 мая 1944 года вместе со всем крымскотатарским народом .",,,,,,,,,,
Битва произошла в июне по римскому календарю ( в начале мая 53 года до н. э. по современному счёту ) и закончилась гибелью Красса и его армии .,,,,,,,,,,
"После смерти короля Генриха власть сосредоточилась в руках лорда - протектора — Эдуарда Сеймура , герцога Сомерсета , с которым у Дорсета были натянутые отношения .",,,,,,,,,,
"В 1999 году , будучи наставником «Рада» он был признан газетой «Политика» лучшим тренером Первой лиги Сербии .",,,,,,,,,,
В 1950 году Блудов вместе с соседним Згоржем составил муниципалитет под именем Згорж.,,,,,,,,,,
В декабре 2005 года она играла в пьесе по мотивам романа Стивена Кинга «Мизери» в Стокгольме .,,,,,,,,,,
"Улица названа по своей главной достопримечательности — Церкви Трифона в Напрудном , жемчужине древней московской архитектуры .",,,,,,,,,,
"21 марта 2019 года дебютировал за национальную сборную , выйдя на замену в матче против сборной Бельгии ( 1:3 ) в рамках отбора к чемпионату Европы 2020 .",,,,,,,,,,
"GAVI пропагандирует широкое использование развивающимися странами пентавалентной вакцины ( Пентаксим ) против 5 наиболее смертельных детских болезней : дифтерии , столбняка , коклюша , гемофильной инфекции тип b , гепатита B .",,,,,,,,,,
Обладателями четырёх золотых медалей стали восемь спортсменов : Серебряные медали : Бронзовые медали : 2010 год — участие в XXI зимних Олимпийских играх в Ванкувере ( Канада ),,,,,,,,,,
"Чувство гордости заставляло его вести себя так , чтобы никому не одолжаться .",,,,,,,,,,
Боевая подготовка из-за проблем с размещением началась в феврале 1941 года .,,,,,,,,,,
"В этих поисках ей помогает , а скорее больше мешает , приставленный следить за ней совсем молодой и неопытный агент КГБ .",,,,,,,,,,
"Например , муравьи есть на лицевой стороне серебряных монет Боспорского царства .",,,,,,,,,,
Все они родились и выросли на территории Российской империи либо в пределах возникшего позже Советского Союза .,,,,,,,,,,
Хайден иногда участвует в программах своего отца .,,,,,,,,,,
"В 1937 году музей не открывается , и множество работ современных художников , купленных Парижем за время выставки , попадают в коллекцию музея Малого Дворца .",,,,,,,,,,
Их количество было сокращено до предела .,,,,,,,,,,
"Здание имеет 4 этажа , построено по типовому проекту архитектора Л. А. Степановой .",,,,,,,,,,
"В руки чумной доктор брал длинную трость — её использовали для того , чтобы не дотрагиваться до пациента руками и , кроме того , разгонять на улице досужих зевак , ежели таковые найдутся .",,,,,,,,,,
"Величко , Виктор Васильевич Ви́ктор Васи́льевич Вели́чко ( 16 сентября 1975 , Моздок , Северо-Осетинская АССР , СССР ) — российский военнослужащий , подполковник .",,,,,,,,,,
"Как отметил журнал ""TV Guide "" , «фильм основан на хорошем сценарии , хорошо написан и сыгран» , показывая «постоянно нарастающий уровень напряжённости и отчаяния в безнадёжной ситуации вплоть до самого финала» .",,,,,,,,,,
"Имел сильное внешнее сходство с известным актёром Джоном Берримором , что отчасти повлияло на выбор его карьеры .",,,,,,,,,,
Однако в бухтах вода прогревается до более высоких температур .,,,,,,,,,,
"Средняя многолетняя температура самого холодного месяца ( января ) составляет −8°С , температура самого тёплого ( июля ) — +17,4°С .",,,,,,,,,,
"В 1931 году занял первое место на чемпионате мира в Париже , в котором участвовали только представители Франции .",,,,,,,,,,
На пике войны в боевых действиях участвовал 50-тысячный южнокорейский корпус .,,,,,,,,,,
"Гришечкин , Вячеслав Германович Вячеслав Германович Гришечкин ( род. 1962 ) — советский и российский актёр театра и кино , режиссёр и театральный педагог .",,,,,,,,,,
"Согласно традиции и легенды о Лункарте , происхождения благородного клана Хэй связано с битвой , которая произошла во времена правления короля Шотландии Кеннета III в 980 году .",,,,,,,,,,