File,Caption,Class,Subclass,Verb,Infinintive verb,Tense,Aspect,Gramgen,Natgen,Comment
000000515579.jpg,Мужчина бросает мяч,T,D,бросает,Бросать,non-past,Imperfective,M,M,
000000515828.jpg,Теннисистка делает подачу,T,D,делает,Делать,non-past,Imperfective,F,F,
000000515982.jpg,Бейсболисты на поле,E,E,,,,,,,
000000516038.jpg,Бейсболист ждёт подачу,S,D,ждёт,Ждать,non-past,Imperfective,M,N,S or T
000000516143.jpg,Припаркованый автобус,E,E,,,,,,,
000000516173.jpg,Сёрфер идет к океану,T,D,идет,Идти,non-past,,,,
000000516316.jpg,Африканские животные в дикой природе,E,E,,,,,,,
000000516318.jpg,Сёрфер катается на волне,A,D,катается,Катать,non-past,Imperfective,M,N,
000000516601.jpg,Люди на лыжном спуске,E,E,,,,,,,
000000516677.jpg,Альпинисты на привале,E,E,,,,,,,
000000516708.jpg,Уличный знак,E,E,,,,,,,
000000516804.jpg,Знак автобусной остановки,E,E,,,,,,,
000000516871.jpg,Японская еда,E,E,,,,,,,
000000516916.jpg,Ноутбуки на компьютерном столе,E,E,,,,,,,
000000517056.jpg,Женщины разрезают торт,T,D,разрезают,Разрезать,non-past,Imperfective,F,F,
000000517069.jpg,Женщины на автобусной остановке,E,E,,,,,,,
000000517523.jpg,Самолет идет на посадку,T,D,идет,Идти,non-past,Imperfective,M,N,
000000517687.jpg,Мобильные телефоны на столе,E,E,,,,,,,
000000517832.jpg,Собака сидит на кресле,S,D,сидит,Сидеть,non-past,Imperfective,F,N,Animate S stative V
000000518213.jpg,Корова на лужайке,E,E,,,,,,,
000000518326.jpg,Карнавальные декорации,E,E,,,,,,,
000000518770.jpg,Дети играют в приставку,A,D,играют,Играть,non-past,Imperfective,N,N,
000000519039.jpg,Грузовик на дороге,E,E,,,,,,,
000000519208.jpg,Мужчина и слон,E,E,,,,,,,
000000519338.jpg,Старый поезд на рельсах,E,E,,,,,,,
000000519491.jpg,Часовая башня,E,E,,,,,,,
000000519522.jpg,Биг-Бен в Лондоне,E,E,,,,,,,
000000519569.jpg,Современная кухня,E,E,,,,,,,
000000519611.jpg,Белый медведь на скале,E,E,,,,,,,
000000519688.jpg,Женщина с медвежонком,E,E,,,,,,,
000000519764.jpg,Кот на стуле,E,E,,,,,,,
000000520009.jpg,Городской перекресток,E,E,,,,,,,
000000520077.jpg,Стопка книг,E,E,,,,,,,
000000520264.jpg,Пара на кухне,E,E,,,,,,,
000000520301.jpg,Собака у окна машины,E,E,,,,,,,
000000520324.jpg,Припаркованный самолет,E,E,,,,,,,
000000520531.jpg,Кот на столе,E,E,,,,,,,
000000520659.jpg,Палатка с досками для сёрфинга,E,E,,,,,,,
000000520707.jpg,Получение багажа в аэропорту,E,E,,,,,,,
000000520832.jpg,Парень проходит перед витриной,A,D,проходит,Пройти,non-past,Imperfective,M,M,
000000520871.jpg,Готовая пицца,E,E,,,,,,,
000000520910.jpg,Девушка в ванной,E,E,,,,,,,
000000521052.jpg,Разрисованный кузов грузовика,E,E,,,,,,,
000000521141.jpg,Городская улица,E,E,,,,,,,
000000521231.jpg,Белый медведь в зоопарке,E,E,,,,,,,
000000521259.jpg,Люди играют в летающий диск,A,D,играют,Играть,non-past,Imperfective,M,N,
000000521282.jpg,Ваза с цветами,E,E,,,,,,,
000000521405.jpg,Игрушечный заяц с зубной щеткой,E,E,,,,,,,
000000521509.jpg,Девушка в комнате,E,E,,,,,,,
000000521540.jpg,"Тарелка с бананом, печеньем и карамелью",E,E,,,,,,,
000000521601.jpg,Пончик на дне сосуда,E,E,,,,,,,
000000521717.jpg,Теннисистка отбивает мяч,T,D,отбивает,отбивать,non-past,Imperfective,F,F,
000000521719.jpg,Воздушные змеи на прилавке,E,E,,,,,,,
000000521819.jpg,Люди играют с летающим диском,A,D,играют,Играть,non-past,Imperfective,M,N,
000000521956.jpg,Теннисист делает подачу,T,D,делает,делать,non-past,Imperfective,M,N,
000000522007.jpg,Кухня и прихожая,E,E,,,,,,,
000000522156.jpg,Хлебец с сыром на тарелке,E,E,,,,,,,
000000522393.jpg,Люди плывут на паруснике в море,A,D,плывут,Плыть,non-past,Imperfective,M,N,
000000522638.jpg,Мягкие игрушки,E,E,,,,,,,
000000522713.jpg,Лавочка на побережье,E,E,,,,,,,
000000522751.jpg,Светофор,E,E,,,,,,,
000000522889.jpg,Теннисистка отбивает мяч,T,D,отбивает,отбивать,non-past,Imperfective,F,F,
000000522940.jpg,"Знак ""Стоп""",E,E,,,,,,,
000000523033.jpg,Сёрферы катаются на волнах,A,D,катаются,Катать,non-past,Imperfective,M,N,
000000523100.jpg,Человек чистит мандарины,T,D,чистит,Чистить,non-past,Imperfective,M,N,
000000523175.jpg,Миска супа с ложкой,E,E,,,,,,,
000000523194.jpg,Гидрант и дорожный знак,E,E,,,,,,,
000000523229.jpg,Бачок унитаза со знаком,E,E,,,,,,,
000000523241.jpg,Уличный столб со знаками,E,E,,,,,,,
000000523782.jpg,Птица на боковом зеркале машины,E,E,,,,,,,
000000523807.jpg,Хот-дог с соусами,E,E,,,,,,,
000000523811.jpg,Птичье гнездо на столбе,E,E,,,,,,,
000000523957.jpg,Скейтбордисты катаются на дороге,A,D,катаются,Катать,non-past,Imperfective,M,N,
000000524108.jpg,Мотоциклы,E,E,,,,,,,
000000524280.jpg,Рыжий кот,E,E,,,,,,,
000000524456.jpg,Люди печатают на ноутбуке и пользуются мышкой компьютера,A,D,печатают,Печатать,non-past,Imperfective,M,N,two verbs
000000524742.jpg,Граффити на стене,E,E,,,,,,,
000000524850.jpg,Пассажиры переходят из самолета в автобус,T,D,переходят,Перейти,non-past,Imperfective,M,N,
000000525083.jpg,Кухня с коричневой мебелью,E,E,,,,,,,
000000525155.jpg,Мужчина несёт овцу на плечах,A,D,несёт,нести,non-past,Imperfective,M,M,
000000525247.jpg,Кот смотрит на экран компьютера,A,D,смотрит,Смотреть,non-past,Imperfective,M,N,
000000525286.jpg,Циферблат снаружи здания,E,E,,,,,,,
000000525322.jpg,Самолеты летят в небе,A,D,летят,Лететь,non-past,Imperfective,M,N,
000000525600.jpg,Стадо жирафов у ограждения,E,E,,,,,,,
000000526103.jpg,Слон в зоопарке у вывески,E,E,,,,,,,
000000526197.jpg,Выпечка на витрине в кофейне,E,E,,,,,,,
000000526256.jpg,Часы на башне,E,E,,,,,,,
000000526392.jpg,Машины на городской дороге,E,E,,,,,,,
000000526706.jpg,Коровы с теленком пасутся в поле,A,D,пасутся,пасти,non-past,Imperfective,F,F,
000000526728.jpg,Пара с чемоданами на тротуаре,E,E,,,,,,,
000000526751.jpg,Лодка на берегу,E,E,,,,,,,
000000527029.jpg,Продавец бананов,E,E,,,,,,,
000000527215.jpg,Человек запускает воздушного змея,T,D,запускает,Запускать,non-past,Imperfective,M,N,
000000527220.jpg,"Капот машины, цены на бензин, мопеды",E,E,,,,,,,
000000527427.jpg,Женщина разговаривает по мобильному телефону,A,D,разговаривает,разговаривать,non-past,Imperfective,F,F,
000000527528.jpg,Воздушные змеи в небе,E,E,,,,,,,
000000527616.jpg,Экран телевизора,E,E,,,,,,,
000000527695.jpg,Запеченная брокколи,E,E,,,,,,,
000000527750.jpg,Парень на кухне,E,E,,,,,,,
000000527784.jpg,Сэндвичи на тарелках,E,E,,,,,,,
000000527960.jpg,Лавочка в парке,E,E,,,,,,,
000000528314.jpg,Шагающий лыжник,E,E,,,,,,,
000000528399.jpg,Еда на столе,E,E,,,,,,,
000000528524.jpg,Овцы в кустах,E,E,,,,,,,
000000528578.jpg,Вид на Лондон,E,E,,,,,,,
000000528705.jpg,Рюкзак в форме мишки,E,E,,,,,,,
000000528862.jpg,Жирафы в загоне,E,E,,,,,,,
000000528977.jpg,Уличные знаки на фоне моста,E,E,,,,,,,
000000528980.jpg,Вывернутый уличный зонт,E,E,,,,,,,
000000529105.jpg,Лошадь лежит на лужайке,S,D,лежит,Лежать,non-past,Imperfective,F,N,Animate S stative V
000000529122.jpg,Девушка и мальчик делают покупки в магазине,T,D,делают,Делать,non-past,Imperfective,F,F,
000000529148.jpg,Дети играют на ноутбуках,A,D,играют,Играть,non-past,Imperfective,N,N,
000000529528.jpg,Миксер и взбитое тесто,E,E,,,,,,,
000000529568.jpg,Кухня,E,E,,,,,,,
000000529762.jpg,Мужчина фотографирует ужин,T,D,фотографирует,Фотографировать,non-past,Imperfective,M,M,
000000529939.jpg,Мужчина несет доску серфинга,A,D,несет,Нести,non-past,Imperfective,M,M,
000000529966.jpg,Миски с апельсинами,E,E,,,,,,,
000000530052.jpg,Морковь с ботвой,E,E,,,,,,,
000000530061.jpg,Девочка ест кашу из миски,T,D,ест,Есть,non-past,Imperfective,F,F,
000000530099.jpg,Кот сидит на машине,A,D,сидит,Сидеть,non-past,Imperfective,M,N,
000000530146.jpg,Мясной сэндвич,E,E,,,,,,,
000000530162.jpg,Пара с детьми стоит под зонтом,S,D,стоит,Стоить,non-past,Imperfective,F,N,Animate S stative V
000000530457.jpg,Тюльпаны в вазе,E,E,,,,,,,
000000530466.jpg,Граффити на поезде,E,E,,,,,,,
000000530470.jpg,Вид на парк,E,E,,,,,,,
000000530624.jpg,Собака лежит под простыней,S,D,лежит,Лежать,non-past,Imperfective,F,N,Animate S stative V
000000530820.jpg,Теннисист ждет подачи,S,D,ждет,Ждать,non-past,Imperfective,M,N,S or T
000000530836.jpg,Реклама кухни,E,E,,,,,,,
000000530854.jpg,Раскрытые зонты,E,E,,,,,,,
000000530975.jpg,Хот-дог с чипсами на столе,E,E,,,,,,,
000000531036.jpg,Туристический автобус,E,E,,,,,,,
000000531134.jpg,Светофор с выражениями лиц,E,E,,,,,,,
000000531135.jpg,Бейсболисты играют на бейсбольном поле,A,D,играют,Играть,non-past,Imperfective,M,N,
000000531495.jpg,Марина для яхт,E,E,,,,,,,
000000531707.jpg,Люди на лавочке,E,E,,,,,,,
000000531771.jpg,Двойная духовка,E,E,,,,,,,
000000532058.jpg,Ребенок лежит в кровати,S,D,лежит,Лежать,non-past,Imperfective,M,N,Animate S stative V
000000532071.jpg,Медведь лежит в лесу,S,D,лежит,Лежать,non-past,Imperfective,M,N,Animate S stative V
000000532129.jpg,Готовая пицца,E,E,,,,,,,
000000532481.jpg,Виндсёрфер прыгает над водой,A,D,прыгает,Прыгать,non-past,Imperfective,M,N,
000000532493.jpg,Сёрфер катается на волне,A,D,катается,Катать,non-past,Imperfective,M,N,
000000532530.jpg,Карта квартала,E,E,,,,,,,
000000532575.jpg,Собака на лодке,E,E,,,,,,,
000000532690.jpg,Девушка играет в приставку,A,D,играет,Играть,non-past,Imperfective,F,F,
000000532761.jpg,Мебель в зале,E,E,,,,,,,
000000532855.jpg,Скейтбордист едет на трубе,A,D,едет,Ехать,non-past,Imperfective,M,N,
000000532901.jpg,Кровать у камина,E,E,,,,,,,
000000533145.jpg,Джойстик в руке,E,E,,,,,,,
000000533206.jpg,Сендвич с супом,E,E,,,,,,,
000000533493.jpg,Мужчины играют в летающий диск,A,D,играют,Играть,non-past,Imperfective,M,M,
000000533536.jpg,Кот у экрана телевизора,E,E,,,,,,,
000000533816.jpg,Игроки и судья разговаривают у теннисной сетки,A,D,разговаривают,Разговаривать,non-past,Imperfective,M,N,
000000533855.jpg,Пончик лежит на скакалке,S,D,лежит,Лежать,non-past,Imperfective,M,N,Inanimate S stative V
000000533958.jpg,Яйцо с салатом,E,E,,,,,,,
000000534041.jpg,Мальчик ест хот-дог,T,D,ест,Есть,non-past,Imperfective,M,M,
000000534270.jpg,Женщины с собакой общаются на набережной,A,D,общаются,Общать,non-past,Imperfective,F,F,
000000534394.jpg,Стадо овец,E,E,,,,,,,
000000534601.jpg,Мягкая игрушка,E,E,,,,,,,
000000534605.jpg,Мотоциклисты стоят на парковке,S,D,стоят,Стоить,non-past,Imperfective,M,N,Animate S stative V
000000534639.jpg,Вагон поезда подъезжает к станции,T,D,подъезжает,Подъехать,non-past,Imperfective,M,N,
000000534664.jpg,Чемоданы сложены друг на друга,E,E,,,,,,,
000000534673.jpg,Автобус стоит на парковке,S,D,стоит,Стоить,non-past,Imperfective,M,N,Inanimate S stative V
000000534827.jpg,Мотоциклисты едут по дороге,A,D,едут,Ехать,non-past,Imperfective,M,N,
000000535094.jpg,Теленок пьет молоко,A,D,пьет,пить,non-past,,,,
000000535156.jpg,Слон облокотился на столб,A,D,облокотился,Облокотить,past,Imperfective,M,N,
000000535253.jpg,Тележка с продуктами,E,E,,,,,,,
000000535306.jpg,Скейтбордист катается в парке,A,D,катается,Катать,non-past,Imperfective,M,N,
000000535523.jpg,Конвейер пончиков,E,E,,,,,,,
000000535578.jpg,Овцы пасутся на лужайке,A,D,пасутся,пасти,non-past,Imperfective,M,N,
000000535608.jpg,Зонтик на пляже,E,E,,,,,,,
000000535858.jpg,Сёрфер плывет по воде,A,D,плывет,Плыть,non-past,Imperfective,M,N,
000000536038.jpg,"Носки женщины, которая лежит на кровати",E,E,,,,,,,
000000536073.jpg,Ингредиенты для маргариты,E,E,,,,,,,
000000536343.jpg,Кафельная раковина,E,E,,,,,,,
000000536947.jpg,Старый холодильник,E,E,,,,,,,
000000537053.jpg,Жираф идет в поле,A,D,идет,Идти,non-past,Imperfective,M,N,
000000537153.jpg,Лавочка на побережье,E,E,,,,,,,
000000537241.jpg,Пончик с глазурью,E,E,,,,,,,
000000537270.jpg,Молодые люди пользуются мобильными телефонами,A,D,пользуются,Пользовать,non-past,Imperfective,M,N,
000000537355.jpg,Гидрант на фоне дома,E,E,,,,,,,
000000537506.jpg,Яблоки на тарелке и люди с зонтами,E,E,,,,,,,
000000537672.jpg,Черный холодильник,E,E,,,,,,,
000000537802.jpg,Игрушечные мишки,E,E,,,,,,,
000000537812.jpg,Ведро на стуле рядом с унитазом,E,E,,,,,,,
000000537827.jpg,Бейсболисты на поле ждут подачи,S,D,ждут,Ждать,non-past,Imperfective,M,N,S or T
000000537964.jpg,Гидрант на фоне осенних листьев,E,E,,,,,,,
000000537991.jpg,Девушка в наушниках держит мобильные телефоны,A,D,держит,Держать,non-past,Imperfective,F,F,
000000538067.jpg,Мужчина с воздушным змеем,E,E,,,,,,,
000000538236.jpg,Круассаны с сосиской,E,E,,,,,,,
000000538364.jpg,Милиционер едет на мотоцикле,A,D,едет,Ехать,non-past,Imperfective,M,N,
000000538458.jpg,Скейтбордисты катаются на тротуаре,A,D,катаются,Катать,non-past,Imperfective,M,N,
000000539143.jpg,Фиолетовый поезд с желтой дверью,E,E,,,,,,,
000000539445.jpg,Красная электричка,E,E,,,,,,,
000000539883.jpg,Бейсбольная игра на приставке,E,E,,,,,,,
000000539962.jpg,Пара в бассейне,E,E,,,,,,,
000000540280.jpg,Отражающий зонт с фотоаппаратом,E,E,,,,,,,
000000540414.jpg,Уличный рынок,E,E,,,,,,,
000000540466.jpg,Девушка с оранжевым зонтом,E,E,,,,,,,
000000540502.jpg,Освещенная кухня,E,E,,,,,,,
000000540928.jpg,Кот проходит возле стула,A,D,проходит,Пройти,non-past,Imperfective,M,N,
000000540932.jpg,Сёрферы на волнах и люди на берегу,E,E,,,,,,,
000000540962.jpg,Гостинная с камином,E,E,,,,,,,
000000541055.jpg,Лыжники стоят на фоне гор,S,D,стоят,Стоить,non-past,Imperfective,M,N,Inanimate S stative V
000000541123.jpg,Теннисисты играют в парный теннис,A,D,играют,Играть,non-past,Imperfective,M,N,
000000541291.jpg,Раковины с рукомойниками,E,E,,,,,,,
000000541634.jpg,Мясное блюдо,E,E,,,,,,,
000000541664.jpg,Фигурки героев компьютерной игры,E,E,,,,,,,
000000541773.jpg,Бутылки вина на столе,E,E,,,,,,,
000000541952.jpg,Часовая башня,E,E,,,,,,,
000000542073.jpg,Указатель с названием улицы,E,E,,,,,,,
000000542089.jpg,Раковина в ванной,E,E,,,,,,,
000000542127.jpg,Лыжники прыгают на склоне,A,D,прыгают,Прыгать,non-past,Imperfective,M,N,
000000542423.jpg,Человек сидит на лавочке,S,D,сидит,Сидеть,non-past,Imperfective,F,N,Animate S stative V
000000542625.jpg,Птица сидит на парковочном автомате,S,D,сидит,Сидеть,non-past,Imperfective,F,N,Animate S stative V
000000542776.jpg,Птица сидит на раскрытой книге,S,D,сидит,Сидеть,non-past,Imperfective,M,N,Animate S stative V
000000542856.jpg,Автобус с рекламой,E,E,,,,,,,
000000543043.jpg,Красная машина,E,E,,,,,,,
000000543047.jpg,Гостинная и кухня,E,E,,,,,,,
000000543300.jpg,Круизный катер,E,E,,,,,,,
000000543528.jpg,Самолет пролетает в небе,A,D,пролетает,Пролететь,non-past,Imperfective,M,N,
000000543581.jpg,Гостиная с телевизором,E,E,,,,,,,
000000544052.jpg,Роботы катаются на скейтбордах,A,D,катаются,Катать,non-past,Imperfective,M,N,
000000544306.jpg,Часовая башня,E,E,,,,,,,
000000544444.jpg,Лыжник едет на спуске,A,D,едет,Ехать,non-past,Imperfective,M,N,
000000544519.jpg,Девочка чистит зубы,T,D,чистит,Чистить,non-past,Imperfective,F,F,
000000544565.jpg,Блины с шоколадным соусом,E,E,,,,,,,
000000544605.jpg,Столб с уличными знаками,E,E,,,,,,,
000000544811.jpg,Птицы летят над водой,A,D,летят,Лететь,non-past,Imperfective,F,N,
000000545007.jpg,Часовая башня со статуей,E,E,,,,,,,
000000545100.jpg,Мужчина фотографирует город,T,D,фотографирует,Фотографировать,non-past,,M,M,
000000545129.jpg,Зебры стоят в загоне зоопарка,S,D,стоят,Стоить,non-past,Imperfective,F,N,Animate S stative V
000000545219.jpg,Автобус с цветными огнями,E,E,,,,,,,
000000545407.jpg,Самолет летит в небе,A,D,летит,Лететь,non-past,Imperfective,M,N,
000000545594.jpg,Люди едут на автобусе,A,D,едут,Ехать,non-past,Imperfective,M,N,
000000545730.jpg,Зебры переходят реку,T,D,переходят,Перейти,non-past,Imperfective,F,N,
000000545826.jpg,Кот одет в шапку слона,E,E,,,,,,,
000000545958.jpg,Корова стоит у синих ворот,S,D,стоит,Стоить,non-past,Imperfective,F,F,Animate S stative V
000000546011.jpg,Зебры стоят возле деревьев,S,D,стоят,Стоить,non-past,Imperfective,F,N,Animate S stative V
000000546219.jpg,Люди сидят за круглым столом,S,D,сидят,Стоить,non-past,Imperfective,M,N,Animate S stative V
000000546325.jpg,Диван в зале,E,E,,,,,,,
000000546475.jpg,Мужчина фотографируется с ребенком,T,D,фотографируется,Фотографировать,non-past,Imperfective,M,M,
000000546556.jpg,Овцы пасутся в поле,A,D,пасутся,Пастись,non-past,Imperfective,M,N,
000000546626.jpg,Мобильный телефон лежит на столе,S,D,лежит,Лежать,non-past,Imperfective,M,N,Inanimate S stative V
000000546659.jpg,Поезд на фоне здания,E,E,,,,,,,
000000546717.jpg,Девушка за компьютером,E,E,,,,,,,
000000546823.jpg,Городская площадь,E,E,,,,,,,
000000546826.jpg,Маркеры и красные ножницы,E,E,,,,,,,
000000546829.jpg,Белая собака на лавочке,E,E,,,,,,,
000000546964.jpg,Зал со стульями,E,E,,,,,,,
000000546976.jpg,Мужчина сидит на мопеде,S,D,сидит,Сидеть,non-past,Imperfective,M,M,Animate S stative V
000000547144.jpg,Компьютеры стоят на столе,S,D,стоят,Стоить,non-past,Imperfective,M,N,Inanimate S stative V
000000547336.jpg,Женщина сидит у гидранта,S,D,сидит,Стоить,non-past,Imperfective,F,F,Animate S stative V
000000547383.jpg,Две лежат овцы на траве,S,D,лежат,Лежать,non-past,Imperfective,M,N,Animate S stative V
000000547502.jpg,Собаки играют в поле,A,D,играют,Играть,non-past,Imperfective,F,N,
000000547519.jpg,Медведь идет в лесу,A,D,идет,Идти,non-past,Imperfective,M,N,
000000547816.jpg,Ванная с желтым освещением,E,E,,,,,,,
000000547854.jpg,Девочка ест пиццу,A,D,ест,Есть,non-past,Imperfective,F,F,
000000547886.jpg,Наездники идут по берегу океана,A,D,идут,Идти,non-past,Imperfective,M,N,
000000548246.jpg,Люди стоят на теннисном поле,S,D,стоят,Стоить,non-past,Imperfective,M,N,Animate S stative V
000000548267.jpg,Овцы пасутся в поле,A,D,пасутся,Пастись,non-past,Imperfective,M,N,
000000548339.jpg,Бейсболист отбивает мяч,T,D,отбивает,Отбивать,non-past,Imperfective,M,N,
000000548506.jpg,Фрукты,E,E,,,,,,,
000000548524.jpg,Сёрфер катается на волнах,A,D,катается,Катать,non-past,Imperfective,M,N,
000000548555.jpg,Хот-дог с соусом,E,E,,,,,,,
000000548780.jpg,Девушки сидят на скамейке,S,D,сидят,Сидеть,non-past,Imperfective,F,F,Animate S stative V
000000549055.jpg,Сёрфер катается на волне,A,D,катается,Катать,non-past,Imperfective,M,N,
000000549136.jpg,Игрушечный медведь на столбе,E,E,,,,,,,
000000549167.jpg,Салат с брокколи,E,E,,,,,,,
000000549220.jpg,Собака катается на скейтборде на поводке,A,D,катается,Катать,non-past,Imperfective,F,N,
000000549390.jpg,Женщина едет на велосипеде,A,D,едет,Ехать,non-past,Imperfective,F,F,
000000549674.jpg,Два монитора стоят на столе,S,D,стоят,Стоить,non-past,Imperfective,M,N,Inanimate S stative V
000000549738.jpg,Воздушный змей над городом,E,E,,,,,,,
000000549930.jpg,Пара идет под зонтом,A,D,идет,Идти,non-past,Imperfective,F,N,
000000550084.jpg,Зеленый уличный знак,E,E,,,,,,,
000000550322.jpg,Кухонные принадлежности,E,E,,,,,,,
000000550349.jpg,Оранжевый автобус стоит на остановке,S,D,стоит,Стоить,non-past,Imperfective,M,N,Inanimate S stative V
000000550426.jpg,Тюльпаны стоят в вазе,S,D,стоят,Стоить,non-past,Imperfective,M,N,Inanimate S stative V
000000550471.jpg,Долька апельсина лежит на тарелке,S,D,лежит,Лежать,non-past,Imperfective,F,N,Inanimate S stative V
000000550691.jpg,Красный двухэтажный автобус,E,E,,,,,,,
000000550714.jpg,Девочка ест банан,T,D,ест,Есть,non-past,Imperfective,F,F,
000000550797.jpg,Синий унитаз,E,E,,,,,,,
000000550939.jpg,Зеленые уличные знаки,E,E,,,,,,,
000000551215.jpg,Теннисистка отбивает мяч,T,D,отбивает,Отбивать,non-past,Imperfective,F,N,
000000551304.jpg,Унитаз с золотыми узорами,E,E,,,,,,,
000000551350.jpg,Стол для пикника в парке,E,E,,,,,,,
000000551439.jpg,Девушка читает красную книгу,T,D,читает,Читать,non-past,Imperfective,F,F,
000000551660.jpg,Зеленый салат с яблоком,E,E,,,,,,,
000000551780.jpg,Черные часы,E,E,,,,,,,
000000551794.jpg,Мотоциклист стоит на обочине,S,D,стоит,Стоить,non-past,Imperfective,M,N,Animate S stative V
000000551804.jpg,Теннисистка на корте,E,E,,,,,,,
000000551815.jpg,Два кота лежат на подушке,S,D,лежат,лежать,non-past,Imperfective,M,N,Animate S stative V
000000551820.jpg,Теннисисты занимаются в спортзале,A,D,занимаются,Занимать,non-past,Imperfective,M,N,
000000551822.jpg,Сэндвич лежит на тарелке,S,D,лежит,Лежать,non-past,Imperfective,M,N,Inanimate S stative V
000000552371.jpg,Лошади в загоне,E,E,,,,,,,
000000552612.jpg,Овцы пасутся в поле,A,D,пасутся,Пастись,non-past,Imperfective,M,N,
000000552775.jpg,Мужчина фотографируются с печеньем в духовке,T,D,фотографируются,Фотографировать,non-past,Imperfective,M,M,
000000552842.jpg,Бейсболист бросает мяч,T,D,бросает,Бросать,non-past,Imperfective,M,N,
000000552883.jpg,Кухня с зелеными стенами,E,E,,,,,,,
000000552902.jpg,Зебра на лужайке,E,E,,,,,,,
000000553094.jpg,Самолет взлетает,T,D,взлетает,взлететь,non-past,Imperfective,M,N,
000000553221.jpg,Виндсёрфер прыгает над водой,A,D,прыгает,Прыгать,non-past,Imperfective,M,N,
000000553339.jpg,Уличный знак на обочине,E,E,,,,,,,
000000553511.jpg,Городской перекресток,E,E,,,,,,,
000000553664.jpg,Красный ноутбук на столе,E,E,,,,,,,
000000553669.jpg,Человек на лавочке в парке,E,E,,,,,,,
000000553731.jpg,Клоун в разноцветном пиджаке говорит по телефону,A,D,говорит,Говорить,non-past,Imperfective,M,N,
000000553776.jpg,Мужчина едет на желтом мотоцикле,A,D,едет,Ехать,non-past,Imperfective,M,M,
000000553788.jpg,Девушка пользуется ноутбуком,A,D,пользуется,Пользовать,non-past,Imperfective,F,F,
000000553990.jpg,Наездник перепрыгивает через препятствие,T,D,перепрыгивает,Перепрыгивать,non-past,Imperfective,M,N,
000000554002.jpg,Черная собака стоит рядом с людьми,S,D,стоит,Стоить,non-past,Imperfective,F,N,Animate S stative V
000000554156.jpg,Теннисист отбивает мяч,T,D,отбивает,Отбивать,non-past,Imperfective,M,N,
000000554266.jpg,Ноги на кровати,E,E,,,,,,,
000000554291.jpg,Котенок выпрыгивает из синей миски,T,D,выпрыгивает,Выпрыгивать,non-past,Imperfective,M,N,
000000554328.jpg,Трое бейсболистов,E,E,,,,,,,
000000554579.jpg,Собака и три женщины,E,E,,,,,,,
000000554595.jpg,Сёрфер лежит с доской на берегу,S,D,лежит,Лежать,non-past,Imperfective,M,N,Animate S stative V
000000554735.jpg,Рука берет кусок пиццы,T,D,берет,Брать,non-past,Imperfective,F,N,
000000554838.jpg,Холодильник в магазине,E,E,,,,,,,
000000555005.jpg,Собака лежит на кровати,S,D,лежит,Лежать,non-past,Imperfective,F,N,Animate S stative V
000000555009.jpg,Три компьютера,E,E,,,,,,,
000000555012.jpg,Ванная с белым кафелем,E,E,,,,,,,
000000555050.jpg,Уличный перекресток,E,E,,,,,,,
000000555412.jpg,Пицца с зеленью,E,E,,,,,,,
000000555597.jpg,Городская улица,E,E,,,,,,,
000000555705.jpg,Два кота лежат на кедах,S,D,лежат,Лежать,non-past,Imperfective,M,N,Animate S stative V
000000555972.jpg,Цветы в деревянной вазе,E,E,,,,,,,
000000556000.jpg,Мальчики играют в приставку,A,D,играют,Играть,non-past,Imperfective,M,M,
000000556158.jpg,Человек стоит на лыжах,S,D,стоит,Стоить,non-past,Imperfective,M,N,Animate S stative V
000000556193.jpg,Два человека с джойстиками,E,E,,,,,,,
000000556498.jpg,Фонарный столб с уличными знаками,E,E,,,,,,,
000000556765.jpg,Слоненок выходит из реки,T,D,выходит,Выйти,non-past,Imperfective,M,N,
000000556873.jpg,Свадебный торт стоит на фоне цветов,S,D,стоит,Стоить,non-past,Imperfective,M,N,Inanimate S stative V
000000557172.jpg,Зеркало в ванной,E,E,,,,,,,
000000557258.jpg,Крышка унитаза с наклейкой,E,E,,,,,,,
000000557501.jpg,Общественный туалет,E,E,,,,,,,
000000557672.jpg,Девушка идет с оранжевым зонтом,A,D,идет,Идти,non-past,Imperfective,F,F,
000000557884.jpg,Комнатное растение,E,E,,,,,,,
000000557916.jpg,Ребенок сидит на кровати,S,D,сидит,Сидеть,non-past,Imperfective,M,N,Animate S stative V
000000558073.jpg,Кот сидит в ванне,S,D,сидит,Сидеть,non-past,Imperfective,M,N,Animate S stative V
000000558114.jpg,Баскетболисты выходят на поле,T,D,выходят,Выйти,non-past,Imperfective,M,N,
000000558213.jpg,Скейтбордист катается в парке,A,D,катается,Катать,non-past,Imperfective,M,N,
000000558421.jpg,Железнодорожные рельсы,E,E,,,,,,,
000000558558.jpg,Городские огни,E,E,,,,,,,
000000558854.jpg,Еда на столе,E,E,,,,,,,
000000559099.jpg,Коровы в поле,E,E,,,,,,,
000000559160.jpg,Скейтбордист с доской,E,E,,,,,,,
000000559348.jpg,Бейсболисты на поле,E,E,,,,,,,
000000559513.jpg,Жареная еда,E,E,,,,,,,
000000559543.jpg,Девочка играет в приставку,A,D,играет,Играть,non-past,Imperfective,F,F,
000000559547.jpg,Мужчины стоят в униформе,S,D,стоят,Стоить,non-past,Imperfective,M,M,Animate S stative V
000000559707.jpg,Паста с брокколи,E,E,,,,,,,
000000559842.jpg,Дети играют в футбол,A,D,,,,,,,
000000559956.jpg,Женщины кормят коз,T,D,кормят,Кормить,non-past,Imperfective,F,F,
000000560011.jpg,Компьютерная мышка с клавиатурой,E,E,,,,,,,
000000560178.jpg,Надкусанная морковь,E,E,,,,,,,
000000560256.jpg,Фруктовый прилавок,E,E,,,,,,,
000000560266.jpg,Медведи дерутся в воде,A,D,дерутся,Драть,non-past,Imperfective,M,N,
000000560279.jpg,Унитаз в радужных бликах,E,E,,,,,,,
000000560312.jpg,Помещение с большим окном,E,E,,,,,,,
000000560371.jpg,Зеленые уличные указатели,E,E,,,,,,,
000000560474.jpg,Машина с зубными протезами,E,E,,,,,,,
000000560880.jpg,Фермер с лошадьми,E,E,,,,,,,
000000560911.jpg,Парень сидит на диване,S,D,сидит,Сидеть,non-past,Imperfective,M,M,Animate S stative V
000000561009.jpg,Птица сидит на дереве,S,D,сидит,Сидеть,non-past,Imperfective,F,N,Animate S stative V
000000561223.jpg,Сёрфер катается на волне,A,D,катается,Катать,non-past,Imperfective,M,N,
000000561256.jpg,Женщина фотографируется перед зеркалом,T,D,фотографируется,Фотографировать,non-past,Imperfective,F,F,
000000561335.jpg,Лодки в лесу,E,E,,,,,,,
000000561366.jpg,Калькулятор и мобильный телефон,E,E,,,,,,,
000000561465.jpg,Пончики и мясо,E,E,,,,,,,
000000561679.jpg,Красный уличный знак,E,E,,,,,,,
000000561889.jpg,Еда на тарелке,E,E,,,,,,,
000000561958.jpg,Лыжники идут по снегу,E,E,,,,,,,
000000562059.jpg,"Мюсли, яблоки, кувшин и ложка",E,E,,,,,,,
000000562121.jpg,Зебры в саванне,E,E,,,,,,,
000000562197.jpg,Разноцветная еда,E,E,,,,,,,
000000562207.jpg,Люди фотографируются со слоном,T,D,фотографируются,Фотографировать,non-past,Imperfective,M,N,
000000562229.jpg,Мальчик катается на скейтборде,A,D,катается,Катать,non-past,Imperfective,M,N,
000000562243.jpg,Мужчина в бордовой рубашке,E,E,,,,,,,
000000562443.jpg,Зебры в загоне,E,E,,,,,,,
000000562448.jpg,Едущий автобус,E,E,,,,,,,
000000562561.jpg,Собаки на траве,E,E,,,,,,,
000000562581.jpg,Теннисист на корте,E,E,,,,,,,
000000562818.jpg,Лыжники на склоне,E,E,,,,,,,
000000562843.jpg,"Кофе, ножницы и мобильный телефон",E,E,,,,,,,
000000563267.jpg,Мужчины играют в приставку,A,D,играют,Играть,non-past,Imperfective,M,M,
000000563281.jpg,Ребенок с зубной щеткой,E,E,,,,,,,
000000563349.jpg,Видсёрфер прыгает над водой,A,D,прыгает,Прыгать,non-past,Imperfective,M,N,
000000563470.jpg,Девушка стоит с синей битой,S,D,стоит,Стоить,non-past,Imperfective,F,F,Animate S stative V
000000563603.jpg,Жирафы идут по лужайке,A,D,идут,Идти,non-past,Imperfective,M,N,
000000563604.jpg,Электронный указатель,E,E,,,,,,,
000000563648.jpg,Скейтбордист прыгает с доской,T,D,прыгает,Прыгать,non-past,Imperfective,M,N,
000000563653.jpg,Городская улица,E,E,,,,,,,
000000563702.jpg,Пожарные машины,E,E,,,,,,,
000000563758.jpg,Мягкая игрушка,E,E,,,,,,,
000000563882.jpg,Люди пользуются мобильными телефонами,A,D,пользуются,Пользовать,non-past,Imperfective,M,N,
000000564023.jpg,Туалетная кабинка,E,E,,,,,,,
000000564091.jpg,Девушка продает украшения и разговаривает по телефону,A,D,продает,Продать,non-past,Imperfective,F,F,two verbs
000000564127.jpg,Черный унитаз,E,E,,,,,,,
000000564133.jpg,Слоны идут в саванне,A,D,идут,Идти,non-past,Imperfective,M,N,
000000564280.jpg,Собака сидит на красном диване,S,D,сидит,Сидеть,non-past,Imperfective,F,F,Animate S stative V
000000564336.jpg,Парень сидит за компьютером в кафе,S,D,сидит,Сидеть,non-past,Imperfective,M,N,Animate S stative V
000000565012.jpg,Ночная городская улица,E,E,,,,,,,
000000565045.jpg,Душевая кабинка,E,E,,,,,,,
000000565153.jpg,"Знаки ""Стоп""",E,E,,,,,,,
000000565391.jpg,Черная машина,E,E,,,,,,,
000000565469.jpg,Часовая башня,E,E,,,,,,,
000000565563.jpg,Улица с уличными знаками,E,E,,,,,,,
000000565597.jpg,Куски пиццы,E,E,,,,,,,
000000565607.jpg,Гидрант на цветочной клумбе,E,E,,,,,,,
000000565624.jpg,Слоны в загоне,E,E,,,,,,,
000000565776.jpg,Розовые тумбочки на кухне,E,E,,,,,,,
000000565778.jpg,Синий поезд,E,E,,,,,,,
000000565853.jpg,Мужчина перед приставкой,E,E,,,,,,,
000000565877.jpg,Девушка сидит с ноутбуком,S,D,сидит,Сидеть,non-past,Imperfective,F,F,Animate S stative V
000000565962.jpg,Кот смотрит на статуэтку Будды,A,D,смотрит,Смотреть,non-past,Imperfective,M,N,
000000565989.jpg,Часы на крыше,E,E,,,,,,,
000000566042.jpg,Головы жирафов,E,E,,,,,,,
000000566282.jpg,Мужчины играют в футбольный мяч,A,D,играют,Играть,non-past,Imperfective,M,M,
000000566436.jpg,Человек сидит на лавочке,S,D,сидит,Сидеть,non-past,Imperfective,M,N,Animate S stative V
000000566524.jpg,Желтый поезд,E,E,,,,,,,
000000566758.jpg,Школьный автобус,E,E,,,,,,,
000000566923.jpg,Окровавленный мужчина держится за гидрант,A,D,держится,Держать,non-past,Imperfective,M,M,
000000567011.jpg,Сёрфер катается на волне,A,D,катается,Катать,non-past,Imperfective,M,N,
000000567197.jpg,Грузовики стоят перед зданием,S,D,стоят,Стоить,non-past,Imperfective,M,N,Animate S stative V
000000567432.jpg,Самолет в небе,E,E,,,,,,,
000000567640.jpg,Футболисты бегут на поле,A,D,бегут,Бежить,non-past,Imperfective,M,N,
000000567740.jpg,Лыжники стоят на фоне гор,S,D,стоят,Стоить,non-past,Imperfective,M,N,Animate S stative V
000000567825.jpg,Бургер на фоне сока,E,E,,,,,,,
000000567886.jpg,Игрушечный медведь у ног,E,E,,,,,,,
000000567898.jpg,Три тарелки с едой,E,E,,,,,,,
000000568147.jpg,Автомат для парковки,E,E,,,,,,,
000000568195.jpg,Люди разрезают торт,T,D,разрезают,Разрезать,non-past,Imperfective,M,N,
000000568213.jpg,Теннисисты играют на поле,A,D,играют,Играть,non-past,Imperfective,M,N,
000000568290.jpg,Красный автобус,E,E,,,,,,,
000000568439.jpg,Туристический автобус,E,E,,,,,,,
000000568584.jpg,Лампа между кресел,E,E,,,,,,,
000000568690.jpg,Кот сидит на унитазе,S,D,сидит,Сидеть,non-past,Imperfective,M,N,Animate S stative V
000000568710.jpg,Зал с камином,E,E,,,,,,,
000000568814.jpg,Бородатый мужчина,E,E,,,,,,,
000000568981.jpg,Фотограф в парке для скейтбординга,E,E,,,,,,,
000000569030.jpg,Гидрант у пешеходного перехода,E,E,,,,,,,
000000569059.jpg,Компьютерный стол,E,E,,,,,,,
000000569273.jpg,Желтый гидрант,E,E,,,,,,,
000000569565.jpg,Череда машин на дороге,E,E,,,,,,,
000000569700.jpg,Цветы в вазе,E,E,,,,,,,
000000569825.jpg,Бейсболист на поле,E,E,,,,,,,
000000569917.jpg,Раковина в ванной,E,E,,,,,,,
000000569972.jpg,Сёрфер катается на доске,A,D,катается,Катать,non-past,Imperfective,M,N,
000000569976.jpg,Девочка стрижется у парикмахера,T,D,стрижется,стричь,non-past,Imperfective,F,F,
000000570169.jpg,Детские игрушки,E,E,,,,,,,
000000570448.jpg,Человек в лодке,E,E,,,,,,,
000000570456.jpg,Кухня и гостинная,E,E,,,,,,,
000000570471.jpg,Человек с тортом,E,E,,,,,,,
000000570539.jpg,Люди в окне автобуса,E,E,,,,,,,
000000570664.jpg,Человек с котами,E,E,,,,,,,
000000570688.jpg,Люди запускают воздушных змеев,T,D,запускают,Запускать,non-past,Imperfective,M,N,
000000570736.jpg,Ванная,E,E,,,,,,,
000000570756.jpg,Люди запускают воздушных змеев,T,D,запускают,Запускать,non-past,Imperfective,M,N,
000000570782.jpg,Компьютеры стоят на столе,S,D,стоят,Стоить,non-past,Imperfective,M,N,Inanimate S stative V
000000570834.jpg,Велосипеды в вагоне поезда,E,E,,,,,,,
000000571008.jpg,"Знак ""Стоп""",E,E,,,,,,,
000000571264.jpg,Мотоциклист стоит у мотоцикла,S,D,стоит,Стоить,non-past,Imperfective,M,N,Animate S stative V
000000571313.jpg,Кухня,E,E,,,,,,,
000000571598.jpg,Трое мужчин улыбаются,A,D,улыбаются,Улыбать,non-past,Imperfective,M,M,
000000571718.jpg,Прилавок с бананами,E,E,,,,,,,
000000571804.jpg,Ванная мебель с узорами,E,E,,,,,,,
000000571857.jpg,Пара у самолета,E,E,,,,,,,
000000571893.jpg,Книжная полка на кухне,E,E,,,,,,,
000000571943.jpg,Светофор,E,E,,,,,,,
000000572303.jpg,Вагоны поезда,E,E,,,,,,,
000000572388.jpg,Кот и желтая игрушка,E,E,,,,,,,
000000572408.jpg,Корова и телёнок,E,E,,,,,,,
000000572462.jpg,Пассажирский поезд,E,E,,,,,,,
000000572517.jpg,Белый медведь и птица,E,E,,,,,,,
000000572555.jpg,Красно-желтый поезд,E,E,,,,,,,
000000572620.jpg,Люди смотрят на скейтбордиста,A,D,смотрят,Смотреть,non-past,Imperfective,M,N,
000000572678.jpg,Гостиная со стеклянным столом,E,E,,,,,,,
000000572900.jpg,Мужчина играет в летающий диск,A,D,играет,Играть,non-past,Imperfective,M,M,
000000572956.jpg,Мопеды со шлемами,E,E,,,,,,,
000000573008.jpg,Часы на набережной,E,E,,,,,,,
000000573094.jpg,Ёлка в гостинной,E,E,,,,,,,
000000573258.jpg,Лыжник стоит в снегу,S,D,стоит,Стоить,non-past,Imperfective,M,N,Animate S stative V
000000573391.jpg,Медведь идет в лесу,A,D,идет,Идти,non-past,Imperfective,M,N,
000000573626.jpg,Лошади у реки,E,E,,,,,,,
000000573943.jpg,Стоянка грузовиков,E,E,,,,,,,
000000574297.jpg,Наездник едет на дороге,A,D,едет,Ехать,non-past,Imperfective,M,N,
000000574315.jpg,Кот сидит на ноутбуке,S,D,сидит,Сидеть,non-past,Imperfective,M,N,Animate S stative V
000000574425.jpg,Старый автобус,E,E,,,,,,,
000000574520.jpg,Сёрфер катается на волне,A,D,катается,Катать,non-past,Imperfective,M,N,
000000574702.jpg,Мотоциклы в переулке,E,E,,,,,,,
000000574810.jpg,Рыжий кот на окне,E,E,,,,,,,
000000574823.jpg,Бейсболист в красной форме,E,E,,,,,,,
000000575081.jpg,Девочка перед приставкой,E,E,,,,,,,
000000575187.jpg,Мужчина кормит жирафа,T,D,кормит,Кормить,non-past,Imperfective,M,M,
000000575205.jpg,Самолет идет на посадку,T,D,идет,Идти,non-past,Imperfective,M,N,
000000575243.jpg,Человек идет с зонтом,A,D,идет,Идти,non-past,Imperfective,M,N,
000000575357.jpg,Собака ловит летающий диск,T,D,ловит,Ловить,non-past,Imperfective,F,N,
000000575372.jpg,Столб со светофорами,E,E,,,,,,,
000000575500.jpg,Банановое дерево,E,E,,,,,,,
000000575815.jpg,Готовая пицца,E,E,,,,,,,
000000575970.jpg,Освещенная кухня,E,E,,,,,,,
000000576031.jpg,Лыжники едут по снегу,A,D,едут,Ехать,non-past,Imperfective,M,N,
000000576052.jpg,Наездник едет по полю,A,D,едет,Ехать,non-past,Imperfective,M,N,
000000576566.jpg,Скейтбордист прыгает,A,D,прыгает,Прыгать,non-past,Imperfective,M,N,
000000576654.jpg,Мужчина с парусом,E,E,,,,,,,
000000576955.jpg,Наездник едет по воде,A,D,едет,Ехать,non-past,Imperfective,M,N,
000000577149.jpg,Зебры стоят на дороге,S,D,стоят,Стоить,non-past,Imperfective,F,N,Animate S stative V
000000577182.jpg,Птица на лавочке,E,E,,,,,,,
000000577539.jpg,Миска с десертом,E,E,,,,,,,
000000577584.jpg,Кастрюля возле микроволновки,E,E,,,,,,,
000000577735.jpg,Сирень в вазе,E,E,,,,,,,
000000577862.jpg,Жирафы в поле,E,E,,,,,,,
000000577864.jpg,Люди играют в мяч,A,D,играют,Играть,non-past,Imperfective,M,N,
000000577932.jpg,Пара идет с розовым велосипедом,A,D,идет,Идти,non-past,Imperfective,F,N,
000000577959.jpg,Человек запускает воздушного змея на берегу океана,T,D,запускает,Запускать,non-past,Imperfective,M,N,
000000577976.jpg,Городская улица,E,E,,,,,,,
000000578093.jpg,Железнодорожная станция,E,E,,,,,,,
000000578236.jpg,Игуана на ступеньках,E,E,,,,,,,
000000578489.jpg,Дети играют в приставку,A,D,играют,Играть,non-past,Imperfective,N,N,
000000578500.jpg,Зал с красными стенами,E,E,,,,,,,
000000578545.jpg,Женщина читает в постели,A,D,читает,Читать,non-past,Imperfective,F,F,
000000578792.jpg,Мотоциклист едет по дороге,A,D,едет,Ехать,non-past,Imperfective,M,N,
000000578871.jpg,Девочка ест за столом,A,D,ест,Есть,non-past,Imperfective,F,F,
000000578922.jpg,Цветы в вазе,E,E,,,,,,,
000000578967.jpg,Белый поезд,E,E,,,,,,,
000000579070.jpg,Компания сидит за столом,S,D,сидит,Сидеть,non-past,Imperfective,F,N,Animate S stative V
000000579091.jpg,Мясо с овощами,E,E,,,,,,,
000000579158.jpg,Синий самолет,E,E,,,,,,,
000000579307.jpg,Мальчик стоит с воздушным змеем,S,D,стоит,Стоить,non-past,Imperfective,M,M,Animate S stative V
000000579321.jpg,Собака на поводке,E,E,,,,,,,
000000579635.jpg,Сёрфер на волне,E,E,,,,,,,
000000579655.jpg,Девушка говорит по мобильному телефону,A,D,говорит,Говорить,non-past,Imperfective,F,F,
000000579818.jpg,Поезд на холме,E,E,,,,,,,
000000579893.jpg,Столб с уличными знаками,E,E,,,,,,,
000000579900.jpg,Овощная пицца,E,E,,,,,,,
000000579902.jpg,Мотоциклист на дороге,E,E,,,,,,,
000000579970.jpg,Темная гостиная,E,E,,,,,,,
000000580197.jpg,Мужчины стоят в смокингах,S,D,стоят,Стоить,non-past,Imperfective,M,M,Animate S stative V
000000580294.jpg,Девушка с блинами,E,E,,,,,,,
000000580410.jpg,Гостинная с ковром,E,E,,,,,,,
000000580418.jpg,Коровы идут по городской дороге,A,D,идут,Идти,non-past,Imperfective,F,F,
000000580757.jpg,Гидрант в красную полоску,E,E,,,,,,,
000000581062.jpg,Скейтбордист в парке,E,E,,,,,,,
000000581100.jpg,Жирафы стоят в загоне,S,D,стоят,Стоить,non-past,Imperfective,M,N,Animate S stative V
000000581206.jpg,Два хот-дога лежат на тарелке,S,D,лежат,Лежать,non-past,Imperfective,M,N,Inanimate S stative V
000000581317.jpg,Девушка смотрит на мобильный телефон,A,D,смотрит,Смотреть,non-past,Imperfective,F,F,
000000581357.jpg,Скейтбордист прыгает с доской,T,D,прыгает,Прыгать,non-past,Imperfective,M,N,
000000581482.jpg,Часы на вокзале,E,E,,,,,,,
000000581615.jpg,Белый писсуар,E,E,,,,,,,
000000581781.jpg,Фруктовая лавка,E,E,,,,,,,