ID,label,keywords_label,description
0,Economic,cost economics,"cost, benefits, or other financial implications"
4,"Legality, constitutionality and jurisprudence",legality constitutionality jurisprudence,"rights, freedoms, and authority of individuals, corporations, and government"
5,Policy prescription and evaluation,policy effect,discussion of specific policies aimed at addressing problems
6,Crime and punishment,crime punishment,effectiveness and implications of laws and their enforcement
12,Political,politics,"considerations related to politics and politicians, including lobbying, elections, and attempts to sway voters"
