telicity_cross_lingual-captions_test-ar.vecds,10,29306,train_test
telicity_cross_lingual-captions_test-zh.vecds,10,29306,train_test
telicity_cross_lingual-captions_test-fa.vecds,10,29306,train_test
telicity_cross_lingual-captions_test-de.vecds,10,29306,train_test
telicity_cross_lingual-captions_test-tr.vecds,10,29306,train_test
telicity_cross_lingual-captions_test-ru.vecds,10,29306,train_test

telicity_cross_lingual-captions_aligned-False_lowercase-True_drop-telic_train-ar+de_test-ar.vecds,10,29306,cross_validation
telicity_cross_lingual-captions_aligned-False_lowercase-True_drop-telic_train-ar+fa_test-ar.vecds,10,29306,cross_validation
telicity_cross_lingual-captions_aligned-False_lowercase-True_drop-telic_train-ar+ru_test-ar.vecds,10,29306,cross_validation
telicity_cross_lingual-captions_aligned-False_lowercase-True_drop-telic_train-ar+zh_test-ar.vecds,10,29306,cross_validation
telicity_cross_lingual-captions_aligned-False_lowercase-True_drop-telic_train-de+ar_test-de.vecds,10,29306,cross_validation
telicity_cross_lingual-captions_aligned-False_lowercase-True_drop-telic_train-de+fa_test-de.vecds,10,29306,cross_validation
telicity_cross_lingual-captions_aligned-False_lowercase-True_drop-telic_train-de+ru_test-de.vecds,10,29306,cross_validation
telicity_cross_lingual-captions_aligned-False_lowercase-True_drop-telic_train-de+zh_test-de.vecds,10,29306,cross_validation
telicity_cross_lingual-captions_aligned-False_lowercase-True_drop-telic_train-fa+ar_test-fa.vecds,10,29306,cross_validation
telicity_cross_lingual-captions_aligned-False_lowercase-True_drop-telic_train-fa+de_test-fa.vecds,10,29306,cross_validation
telicity_cross_lingual-captions_aligned-False_lowercase-True_drop-telic_train-fa+ru_test-fa.vecds,10,29306,cross_validation
telicity_cross_lingual-captions_aligned-False_lowercase-True_drop-telic_train-fa+zh_test-fa.vecds,10,29306,cross_validation
telicity_cross_lingual-captions_aligned-False_lowercase-True_drop-telic_train-ru+ar_test-ru.vecds,10,29306,cross_validation
telicity_cross_lingual-captions_aligned-False_lowercase-True_drop-telic_train-ru+de_test-ru.vecds,10,29306,cross_validation
telicity_cross_lingual-captions_aligned-False_lowercase-True_drop-telic_train-ru+fa_test-ru.vecds,10,29306,cross_validation
telicity_cross_lingual-captions_aligned-False_lowercase-True_drop-telic_train-ru+zh_test-ru.vecds,10,29306,cross_validation
telicity_cross_lingual-captions_aligned-False_lowercase-True_drop-telic_train-zh+ar_test-zh.vecds,10,29306,cross_validation
telicity_cross_lingual-captions_aligned-False_lowercase-True_drop-telic_train-zh+de_test-zh.vecds,10,29306,cross_validation
telicity_cross_lingual-captions_aligned-False_lowercase-True_drop-telic_train-zh+fa_test-zh.vecds,10,29306,cross_validation
telicity_cross_lingual-captions_aligned-False_lowercase-True_drop-telic_train-zh+ru_test-zh.vecds,10,29306,cross_validation
telicity_cross_lingual-captions_aligned-False_lowercase-True_drop-telic_train-ar+de+fa_test-ar.vecds,10,29306,cross_validation
telicity_cross_lingual-captions_aligned-False_lowercase-True_drop-telic_train-ar+ru+fa_test-ar.vecds,10,29306,cross_validation
telicity_cross_lingual-captions_aligned-False_lowercase-True_drop-telic_train-ar+zh+fa_test-ar.vecds,10,29306,cross_validation
telicity_cross_lingual-captions_aligned-False_lowercase-True_drop-telic_train-de+ar+fa_test-de.vecds,10,29306,cross_validation
telicity_cross_lingual-captions_aligned-False_lowercase-True_drop-telic_train-de+ru+fa_test-de.vecds,10,29306,cross_validation
telicity_cross_lingual-captions_aligned-False_lowercase-True_drop-telic_train-de+zh+fa_test-de.vecds,10,29306,cross_validation
telicity_cross_lingual-captions_aligned-False_lowercase-True_drop-telic_train-ru+ar+fa_test-ru.vecds,10,29306,cross_validation
telicity_cross_lingual-captions_aligned-False_lowercase-True_drop-telic_train-ru+de+fa_test-ru.vecds,10,29306,cross_validation
telicity_cross_lingual-captions_aligned-False_lowercase-True_drop-telic_train-ru+zh+fa_test-ru.vecds,10,29306,cross_validation
telicity_cross_lingual-captions_aligned-False_lowercase-True_drop-telic_train-zh+ar+fa_test-zh.vecds,10,29306,cross_validation
telicity_cross_lingual-captions_aligned-False_lowercase-True_drop-telic_train-zh+de+fa_test-zh.vecds,10,29306,cross_validation
telicity_cross_lingual-captions_aligned-False_lowercase-True_drop-telic_train-zh+ru+fa_test-zh.vecds,10,29306,cross_validation
telicity_cross_lingual-captions_aligned-False_lowercase-True_drop-telic_train-de+fa+ar_test-de.vecds,10,29306,cross_validation
telicity_cross_lingual-captions_aligned-False_lowercase-True_drop-telic_train-de+ru+ar_test-de.vecds,10,29306,cross_validation
telicity_cross_lingual-captions_aligned-False_lowercase-True_drop-telic_train-de+zh+ar_test-de.vecds,10,29306,cross_validation
telicity_cross_lingual-captions_aligned-False_lowercase-True_drop-telic_train-fa+de+ar_test-fa.vecds,10,29306,cross_validation
telicity_cross_lingual-captions_aligned-False_lowercase-True_drop-telic_train-fa+ru+ar_test-fa.vecds,10,29306,cross_validation
telicity_cross_lingual-captions_aligned-False_lowercase-True_drop-telic_train-fa+zh+ar_test-fa.vecds,10,29306,cross_validation
telicity_cross_lingual-captions_aligned-False_lowercase-True_drop-telic_train-ru+de+ar_test-ru.vecds,10,29306,cross_validation
telicity_cross_lingual-captions_aligned-False_lowercase-True_drop-telic_train-ru+fa+ar_test-ru.vecds,10,29306,cross_validation
telicity_cross_lingual-captions_aligned-False_lowercase-True_drop-telic_train-ru+zh+ar_test-ru.vecds,10,29306,cross_validation
telicity_cross_lingual-captions_aligned-False_lowercase-True_drop-telic_train-zh+de+ar_test-zh.vecds,10,29306,cross_validation
telicity_cross_lingual-captions_aligned-False_lowercase-True_drop-telic_train-zh+fa+ar_test-zh.vecds,10,29306,cross_validation
telicity_cross_lingual-captions_aligned-False_lowercase-True_drop-telic_train-zh+ru+ar_test-zh.vecds,10,29306,cross_validation
telicity_cross_lingual-captions_aligned-False_lowercase-True_drop-telic_train-ar+de+zh_test-ar.vecds,10,29306,cross_validation
telicity_cross_lingual-captions_aligned-False_lowercase-True_drop-telic_train-ar+fa+zh_test-ar.vecds,10,29306,cross_validation
telicity_cross_lingual-captions_aligned-False_lowercase-True_drop-telic_train-ar+ru+zh_test-ar.vecds,10,29306,cross_validation
telicity_cross_lingual-captions_aligned-False_lowercase-True_drop-telic_train-de+ar+zh_test-de.vecds,10,29306,cross_validation
telicity_cross_lingual-captions_aligned-False_lowercase-True_drop-telic_train-de+fa+zh_test-de.vecds,10,29306,cross_validation
telicity_cross_lingual-captions_aligned-False_lowercase-True_drop-telic_train-de+ru+zh_test-de.vecds,10,29306,cross_validation
telicity_cross_lingual-captions_aligned-False_lowercase-True_drop-telic_train-fa+ar+zh_test-fa.vecds,10,29306,cross_validation
telicity_cross_lingual-captions_aligned-False_lowercase-True_drop-telic_train-fa+de+zh_test-fa.vecds,10,29306,cross_validation
telicity_cross_lingual-captions_aligned-False_lowercase-True_drop-telic_train-fa+ru+zh_test-fa.vecds,10,29306,cross_validation
telicity_cross_lingual-captions_aligned-False_lowercase-True_drop-telic_train-ru+ar+zh_test-ru.vecds,10,29306,cross_validation
telicity_cross_lingual-captions_aligned-False_lowercase-True_drop-telic_train-ru+de+zh_test-ru.vecds,10,29306,cross_validation
telicity_cross_lingual-captions_aligned-False_lowercase-True_drop-telic_train-ru+fa+zh_test-ru.vecds,10,29306,cross_validation
telicity_cross_lingual-captions_aligned-False_lowercase-True_drop-telic_train-ar+fa+de_test-ar.vecds,10,29306,cross_validation
telicity_cross_lingual-captions_aligned-False_lowercase-True_drop-telic_train-ar+ru+de_test-ar.vecds,10,29306,cross_validation
telicity_cross_lingual-captions_aligned-False_lowercase-True_drop-telic_train-ar+zh+de_test-ar.vecds,10,29306,cross_validation
telicity_cross_lingual-captions_aligned-False_lowercase-True_drop-telic_train-fa+ar+de_test-fa.vecds,10,29306,cross_validation
telicity_cross_lingual-captions_aligned-False_lowercase-True_drop-telic_train-fa+ru+de_test-fa.vecds,10,29306,cross_validation
telicity_cross_lingual-captions_aligned-False_lowercase-True_drop-telic_train-fa+zh+de_test-fa.vecds,10,29306,cross_validation
telicity_cross_lingual-captions_aligned-False_lowercase-True_drop-telic_train-ru+ar+de_test-ru.vecds,10,29306,cross_validation
telicity_cross_lingual-captions_aligned-False_lowercase-True_drop-telic_train-ru+fa+de_test-ru.vecds,10,29306,cross_validation
telicity_cross_lingual-captions_aligned-False_lowercase-True_drop-telic_train-ru+zh+de_test-ru.vecds,10,29306,cross_validation
telicity_cross_lingual-captions_aligned-False_lowercase-True_drop-telic_train-zh+ar+de_test-zh.vecds,10,29306,cross_validation
telicity_cross_lingual-captions_aligned-False_lowercase-True_drop-telic_train-zh+fa+de_test-zh.vecds,10,29306,cross_validation
telicity_cross_lingual-captions_aligned-False_lowercase-True_drop-telic_train-zh+ru+de_test-zh.vecds,10,29306,cross_validation
telicity_cross_lingual-captions_aligned-False_lowercase-True_drop-telic_train-ar+de+ru_test-ar.vecds,10,29306,cross_validation
telicity_cross_lingual-captions_aligned-False_lowercase-True_drop-telic_train-ar+fa+ru_test-ar.vecds,10,29306,cross_validation
telicity_cross_lingual-captions_aligned-False_lowercase-True_drop-telic_train-ar+zh+ru_test-ar.vecds,10,29306,cross_validation
telicity_cross_lingual-captions_aligned-False_lowercase-True_drop-telic_train-de+ar+ru_test-de.vecds,10,29306,cross_validation
telicity_cross_lingual-captions_aligned-False_lowercase-True_drop-telic_train-de+fa+ru_test-de.vecds,10,29306,cross_validation
telicity_cross_lingual-captions_aligned-False_lowercase-True_drop-telic_train-de+zh+ru_test-de.vecds,10,29306,cross_validation
telicity_cross_lingual-captions_aligned-False_lowercase-True_drop-telic_train-fa+ar+ru_test-fa.vecds,10,29306,cross_validation
telicity_cross_lingual-captions_aligned-False_lowercase-True_drop-telic_train-fa+de+ru_test-fa.vecds,10,29306,cross_validation
telicity_cross_lingual-captions_aligned-False_lowercase-True_drop-telic_train-fa+zh+ru_test-fa.vecds,10,29306,cross_validation
telicity_cross_lingual-captions_aligned-False_lowercase-True_drop-telic_train-zh+ar+ru_test-zh.vecds,10,29306,cross_validation
telicity_cross_lingual-captions_aligned-False_lowercase-True_drop-telic_train-zh+de+ru_test-zh.vecds,10,29306,cross_validation
telicity_cross_lingual-captions_aligned-False_lowercase-True_drop-telic_train-zh+fa+ru_test-zh.vecds,10,29306,cross_validation
telicity_cross_lingual-captions_aligned-False_lowercase-True_drop-telic_train-de+ru+ar+fa_test-de.vecds,10,29306,cross_validation
telicity_cross_lingual-captions_aligned-False_lowercase-True_drop-telic_train-de+zh+ar+fa_test-de.vecds,10,29306,cross_validation
telicity_cross_lingual-captions_aligned-False_lowercase-True_drop-telic_train-ru+de+ar+fa_test-ru.vecds,10,29306,cross_validation
telicity_cross_lingual-captions_aligned-False_lowercase-True_drop-telic_train-ru+zh+ar+fa_test-ru.vecds,10,29306,cross_validation
telicity_cross_lingual-captions_aligned-False_lowercase-True_drop-telic_train-zh+de+ar+fa_test-zh.vecds,10,29306,cross_validation
telicity_cross_lingual-captions_aligned-False_lowercase-True_drop-telic_train-zh+ru+ar+fa_test-zh.vecds,10,29306,cross_validation
telicity_cross_lingual-captions_aligned-False_lowercase-True_drop-telic_train-ar+de+zh+fa_test-ar.vecds,10,29306,cross_validation
telicity_cross_lingual-captions_aligned-False_lowercase-True_drop-telic_train-ar+ru+zh+fa_test-ar.vecds,10,29306,cross_validation
telicity_cross_lingual-captions_aligned-False_lowercase-True_drop-telic_train-de+ar+zh+fa_test-de.vecds,10,29306,cross_validation
telicity_cross_lingual-captions_aligned-False_lowercase-True_drop-telic_train-de+ru+zh+fa_test-de.vecds,10,29306,cross_validation
telicity_cross_lingual-captions_aligned-False_lowercase-True_drop-telic_train-ru+ar+zh+fa_test-ru.vecds,10,29306,cross_validation
telicity_cross_lingual-captions_aligned-False_lowercase-True_drop-telic_train-ru+de+zh+fa_test-ru.vecds,10,29306,cross_validation
telicity_cross_lingual-captions_aligned-False_lowercase-True_drop-telic_train-ar+ru+de+fa_test-ar.vecds,10,29306,cross_validation
telicity_cross_lingual-captions_aligned-False_lowercase-True_drop-telic_train-ar+zh+de+fa_test-ar.vecds,10,29306,cross_validation
telicity_cross_lingual-captions_aligned-False_lowercase-True_drop-telic_train-ru+ar+de+fa_test-ru.vecds,10,29306,cross_validation
telicity_cross_lingual-captions_aligned-False_lowercase-True_drop-telic_train-ru+zh+de+fa_test-ru.vecds,10,29306,cross_validation
telicity_cross_lingual-captions_aligned-False_lowercase-True_drop-telic_train-zh+ar+de+fa_test-zh.vecds,10,29306,cross_validation
telicity_cross_lingual-captions_aligned-False_lowercase-True_drop-telic_train-zh+ru+de+fa_test-zh.vecds,10,29306,cross_validation
telicity_cross_lingual-captions_aligned-False_lowercase-True_drop-telic_train-ar+de+ru+fa_test-ar.vecds,10,29306,cross_validation
telicity_cross_lingual-captions_aligned-False_lowercase-True_drop-telic_train-ar+zh+ru+fa_test-ar.vecds,10,29306,cross_validation
telicity_cross_lingual-captions_aligned-False_lowercase-True_drop-telic_train-de+ar+ru+fa_test-de.vecds,10,29306,cross_validation
telicity_cross_lingual-captions_aligned-False_lowercase-True_drop-telic_train-de+zh+ru+fa_test-de.vecds,10,29306,cross_validation
telicity_cross_lingual-captions_aligned-False_lowercase-True_drop-telic_train-zh+ar+ru+fa_test-zh.vecds,10,29306,cross_validation
telicity_cross_lingual-captions_aligned-False_lowercase-True_drop-telic_train-zh+de+ru+fa_test-zh.vecds,10,29306,cross_validation
telicity_cross_lingual-captions_aligned-False_lowercase-True_drop-telic_train-de+ru+fa+ar_test-de.vecds,10,29306,cross_validation
telicity_cross_lingual-captions_aligned-False_lowercase-True_drop-telic_train-de+zh+fa+ar_test-de.vecds,10,29306,cross_validation
telicity_cross_lingual-captions_aligned-False_lowercase-True_drop-telic_train-ru+de+fa+ar_test-ru.vecds,10,29306,cross_validation
telicity_cross_lingual-captions_aligned-False_lowercase-True_drop-telic_train-ru+zh+fa+ar_test-ru.vecds,10,29306,cross_validation
telicity_cross_lingual-captions_aligned-False_lowercase-True_drop-telic_train-zh+de+fa+ar_test-zh.vecds,10,29306,cross_validation
telicity_cross_lingual-captions_aligned-False_lowercase-True_drop-telic_train-zh+ru+fa+ar_test-zh.vecds,10,29306,cross_validation
telicity_cross_lingual-captions_aligned-False_lowercase-True_drop-telic_train-de+fa+zh+ar_test-de.vecds,10,29306,cross_validation
telicity_cross_lingual-captions_aligned-False_lowercase-True_drop-telic_train-de+ru+zh+ar_test-de.vecds,10,29306,cross_validation
telicity_cross_lingual-captions_aligned-False_lowercase-True_drop-telic_train-fa+de+zh+ar_test-fa.vecds,10,29306,cross_validation
telicity_cross_lingual-captions_aligned-False_lowercase-True_drop-telic_train-fa+ru+zh+ar_test-fa.vecds,10,29306,cross_validation
telicity_cross_lingual-captions_aligned-False_lowercase-True_drop-telic_train-ru+de+zh+ar_test-ru.vecds,10,29306,cross_validation
telicity_cross_lingual-captions_aligned-False_lowercase-True_drop-telic_train-ru+fa+zh+ar_test-ru.vecds,10,29306,cross_validation
telicity_cross_lingual-captions_aligned-False_lowercase-True_drop-telic_train-fa+ru+de+ar_test-fa.vecds,10,29306,cross_validation
telicity_cross_lingual-captions_aligned-False_lowercase-True_drop-telic_train-fa+zh+de+ar_test-fa.vecds,10,29306,cross_validation
telicity_cross_lingual-captions_aligned-False_lowercase-True_drop-telic_train-ru+fa+de+ar_test-ru.vecds,10,29306,cross_validation
telicity_cross_lingual-captions_aligned-False_lowercase-True_drop-telic_train-ru+zh+de+ar_test-ru.vecds,10,29306,cross_validation
telicity_cross_lingual-captions_aligned-False_lowercase-True_drop-telic_train-zh+fa+de+ar_test-zh.vecds,10,29306,cross_validation
telicity_cross_lingual-captions_aligned-False_lowercase-True_drop-telic_train-zh+ru+de+ar_test-zh.vecds,10,29306,cross_validation
telicity_cross_lingual-captions_aligned-False_lowercase-True_drop-telic_train-de+fa+ru+ar_test-de.vecds,10,29306,cross_validation
telicity_cross_lingual-captions_aligned-False_lowercase-True_drop-telic_train-de+zh+ru+ar_test-de.vecds,10,29306,cross_validation
telicity_cross_lingual-captions_aligned-False_lowercase-True_drop-telic_train-fa+de+ru+ar_test-fa.vecds,10,29306,cross_validation
telicity_cross_lingual-captions_aligned-False_lowercase-True_drop-telic_train-fa+zh+ru+ar_test-fa.vecds,10,29306,cross_validation
telicity_cross_lingual-captions_aligned-False_lowercase-True_drop-telic_train-zh+de+ru+ar_test-zh.vecds,10,29306,cross_validation
telicity_cross_lingual-captions_aligned-False_lowercase-True_drop-telic_train-zh+fa+ru+ar_test-zh.vecds,10,29306,cross_validation
telicity_cross_lingual-captions_aligned-False_lowercase-True_drop-telic_train-ar+de+fa+zh_test-ar.vecds,10,29306,cross_validation
telicity_cross_lingual-captions_aligned-False_lowercase-True_drop-telic_train-ar+ru+fa+zh_test-ar.vecds,10,29306,cross_validation
telicity_cross_lingual-captions_aligned-False_lowercase-True_drop-telic_train-de+ar+fa+zh_test-de.vecds,10,29306,cross_validation
telicity_cross_lingual-captions_aligned-False_lowercase-True_drop-telic_train-de+ru+fa+zh_test-de.vecds,10,29306,cross_validation
telicity_cross_lingual-captions_aligned-False_lowercase-True_drop-telic_train-ru+ar+fa+zh_test-ru.vecds,10,29306,cross_validation
telicity_cross_lingual-captions_aligned-False_lowercase-True_drop-telic_train-ru+de+fa+zh_test-ru.vecds,10,29306,cross_validation
telicity_cross_lingual-captions_aligned-False_lowercase-True_drop-telic_train-de+fa+ar+zh_test-de.vecds,10,29306,cross_validation
telicity_cross_lingual-captions_aligned-False_lowercase-True_drop-telic_train-de+ru+ar+zh_test-de.vecds,10,29306,cross_validation
telicity_cross_lingual-captions_aligned-False_lowercase-True_drop-telic_train-fa+de+ar+zh_test-fa.vecds,10,29306,cross_validation
telicity_cross_lingual-captions_aligned-False_lowercase-True_drop-telic_train-fa+ru+ar+zh_test-fa.vecds,10,29306,cross_validation
telicity_cross_lingual-captions_aligned-False_lowercase-True_drop-telic_train-ru+de+ar+zh_test-ru.vecds,10,29306,cross_validation
telicity_cross_lingual-captions_aligned-False_lowercase-True_drop-telic_train-ru+fa+ar+zh_test-ru.vecds,10,29306,cross_validation
telicity_cross_lingual-captions_aligned-False_lowercase-True_drop-telic_train-ar+fa+de+zh_test-ar.vecds,10,29306,cross_validation
telicity_cross_lingual-captions_aligned-False_lowercase-True_drop-telic_train-ar+ru+de+zh_test-ar.vecds,10,29306,cross_validation
telicity_cross_lingual-captions_aligned-False_lowercase-True_drop-telic_train-fa+ar+de+zh_test-fa.vecds,10,29306,cross_validation
telicity_cross_lingual-captions_aligned-False_lowercase-True_drop-telic_train-fa+ru+de+zh_test-fa.vecds,10,29306,cross_validation
telicity_cross_lingual-captions_aligned-False_lowercase-True_drop-telic_train-ru+ar+de+zh_test-ru.vecds,10,29306,cross_validation
telicity_cross_lingual-captions_aligned-False_lowercase-True_drop-telic_train-ru+fa+de+zh_test-ru.vecds,10,29306,cross_validation
telicity_cross_lingual-captions_aligned-False_lowercase-True_drop-telic_train-ar+de+ru+zh_test-ar.vecds,10,29306,cross_validation
telicity_cross_lingual-captions_aligned-False_lowercase-True_drop-telic_train-ar+fa+ru+zh_test-ar.vecds,10,29306,cross_validation
telicity_cross_lingual-captions_aligned-False_lowercase-True_drop-telic_train-de+ar+ru+zh_test-de.vecds,10,29306,cross_validation
telicity_cross_lingual-captions_aligned-False_lowercase-True_drop-telic_train-de+fa+ru+zh_test-de.vecds,10,29306,cross_validation
telicity_cross_lingual-captions_aligned-False_lowercase-True_drop-telic_train-fa+ar+ru+zh_test-fa.vecds,10,29306,cross_validation
telicity_cross_lingual-captions_aligned-False_lowercase-True_drop-telic_train-fa+de+ru+zh_test-fa.vecds,10,29306,cross_validation
telicity_cross_lingual-captions_aligned-False_lowercase-True_drop-telic_train-ar+ru+fa+de_test-ar.vecds,10,29306,cross_validation
telicity_cross_lingual-captions_aligned-False_lowercase-True_drop-telic_train-ar+zh+fa+de_test-ar.vecds,10,29306,cross_validation
telicity_cross_lingual-captions_aligned-False_lowercase-True_drop-telic_train-ru+ar+fa+de_test-ru.vecds,10,29306,cross_validation
telicity_cross_lingual-captions_aligned-False_lowercase-True_drop-telic_train-ru+zh+fa+de_test-ru.vecds,10,29306,cross_validation
telicity_cross_lingual-captions_aligned-False_lowercase-True_drop-telic_train-zh+ar+fa+de_test-zh.vecds,10,29306,cross_validation
telicity_cross_lingual-captions_aligned-False_lowercase-True_drop-telic_train-zh+ru+fa+de_test-zh.vecds,10,29306,cross_validation
telicity_cross_lingual-captions_aligned-False_lowercase-True_drop-telic_train-fa+ru+ar+de_test-fa.vecds,10,29306,cross_validation
telicity_cross_lingual-captions_aligned-False_lowercase-True_drop-telic_train-fa+zh+ar+de_test-fa.vecds,10,29306,cross_validation
telicity_cross_lingual-captions_aligned-False_lowercase-True_drop-telic_train-ru+fa+ar+de_test-ru.vecds,10,29306,cross_validation
telicity_cross_lingual-captions_aligned-False_lowercase-True_drop-telic_train-ru+zh+ar+de_test-ru.vecds,10,29306,cross_validation
telicity_cross_lingual-captions_aligned-False_lowercase-True_drop-telic_train-zh+fa+ar+de_test-zh.vecds,10,29306,cross_validation
telicity_cross_lingual-captions_aligned-False_lowercase-True_drop-telic_train-zh+ru+ar+de_test-zh.vecds,10,29306,cross_validation
telicity_cross_lingual-captions_aligned-False_lowercase-True_drop-telic_train-ar+fa+zh+de_test-ar.vecds,10,29306,cross_validation
telicity_cross_lingual-captions_aligned-False_lowercase-True_drop-telic_train-ar+ru+zh+de_test-ar.vecds,10,29306,cross_validation
telicity_cross_lingual-captions_aligned-False_lowercase-True_drop-telic_train-fa+ar+zh+de_test-fa.vecds,10,29306,cross_validation
telicity_cross_lingual-captions_aligned-False_lowercase-True_drop-telic_train-fa+ru+zh+de_test-fa.vecds,10,29306,cross_validation
telicity_cross_lingual-captions_aligned-False_lowercase-True_drop-telic_train-ru+ar+zh+de_test-ru.vecds,10,29306,cross_validation
telicity_cross_lingual-captions_aligned-False_lowercase-True_drop-telic_train-ru+fa+zh+de_test-ru.vecds,10,29306,cross_validation
telicity_cross_lingual-captions_aligned-False_lowercase-True_drop-telic_train-ar+fa+ru+de_test-ar.vecds,10,29306,cross_validation
telicity_cross_lingual-captions_aligned-False_lowercase-True_drop-telic_train-ar+zh+ru+de_test-ar.vecds,10,29306,cross_validation
telicity_cross_lingual-captions_aligned-False_lowercase-True_drop-telic_train-fa+ar+ru+de_test-fa.vecds,10,29306,cross_validation
telicity_cross_lingual-captions_aligned-False_lowercase-True_drop-telic_train-fa+zh+ru+de_test-fa.vecds,10,29306,cross_validation
telicity_cross_lingual-captions_aligned-False_lowercase-True_drop-telic_train-zh+ar+ru+de_test-zh.vecds,10,29306,cross_validation
telicity_cross_lingual-captions_aligned-False_lowercase-True_drop-telic_train-zh+fa+ru+de_test-zh.vecds,10,29306,cross_validation
telicity_cross_lingual-captions_aligned-False_lowercase-True_drop-telic_train-ar+de+fa+ru_test-ar.vecds,10,29306,cross_validation
telicity_cross_lingual-captions_aligned-False_lowercase-True_drop-telic_train-ar+zh+fa+ru_test-ar.vecds,10,29306,cross_validation
telicity_cross_lingual-captions_aligned-False_lowercase-True_drop-telic_train-de+ar+fa+ru_test-de.vecds,10,29306,cross_validation
telicity_cross_lingual-captions_aligned-False_lowercase-True_drop-telic_train-de+zh+fa+ru_test-de.vecds,10,29306,cross_validation
telicity_cross_lingual-captions_aligned-False_lowercase-True_drop-telic_train-zh+ar+fa+ru_test-zh.vecds,10,29306,cross_validation
telicity_cross_lingual-captions_aligned-False_lowercase-True_drop-telic_train-zh+de+fa+ru_test-zh.vecds,10,29306,cross_validation
telicity_cross_lingual-captions_aligned-False_lowercase-True_drop-telic_train-de+fa+ar+ru_test-de.vecds,10,29306,cross_validation
telicity_cross_lingual-captions_aligned-False_lowercase-True_drop-telic_train-de+zh+ar+ru_test-de.vecds,10,29306,cross_validation
telicity_cross_lingual-captions_aligned-False_lowercase-True_drop-telic_train-fa+de+ar+ru_test-fa.vecds,10,29306,cross_validation
telicity_cross_lingual-captions_aligned-False_lowercase-True_drop-telic_train-fa+zh+ar+ru_test-fa.vecds,10,29306,cross_validation
telicity_cross_lingual-captions_aligned-False_lowercase-True_drop-telic_train-zh+de+ar+ru_test-zh.vecds,10,29306,cross_validation
telicity_cross_lingual-captions_aligned-False_lowercase-True_drop-telic_train-zh+fa+ar+ru_test-zh.vecds,10,29306,cross_validation
telicity_cross_lingual-captions_aligned-False_lowercase-True_drop-telic_train-ar+de+zh+ru_test-ar.vecds,10,29306,cross_validation
telicity_cross_lingual-captions_aligned-False_lowercase-True_drop-telic_train-ar+fa+zh+ru_test-ar.vecds,10,29306,cross_validation
telicity_cross_lingual-captions_aligned-False_lowercase-True_drop-telic_train-de+ar+zh+ru_test-de.vecds,10,29306,cross_validation
telicity_cross_lingual-captions_aligned-False_lowercase-True_drop-telic_train-de+fa+zh+ru_test-de.vecds,10,29306,cross_validation
telicity_cross_lingual-captions_aligned-False_lowercase-True_drop-telic_train-fa+ar+zh+ru_test-fa.vecds,10,29306,cross_validation
telicity_cross_lingual-captions_aligned-False_lowercase-True_drop-telic_train-fa+de+zh+ru_test-fa.vecds,10,29306,cross_validation
telicity_cross_lingual-captions_aligned-False_lowercase-True_drop-telic_train-ar+fa+de+ru_test-ar.vecds,10,29306,cross_validation
telicity_cross_lingual-captions_aligned-False_lowercase-True_drop-telic_train-ar+zh+de+ru_test-ar.vecds,10,29306,cross_validation
telicity_cross_lingual-captions_aligned-False_lowercase-True_drop-telic_train-fa+ar+de+ru_test-fa.vecds,10,29306,cross_validation
telicity_cross_lingual-captions_aligned-False_lowercase-True_drop-telic_train-fa+zh+de+ru_test-fa.vecds,10,29306,cross_validation
telicity_cross_lingual-captions_aligned-False_lowercase-True_drop-telic_train-zh+ar+de+ru_test-zh.vecds,10,29306,cross_validation
telicity_cross_lingual-captions_aligned-False_lowercase-True_drop-telic_train-zh+fa+de+ru_test-zh.vecds,10,29306,cross_validation
telicity_cross_lingual-captions_aligned-False_lowercase-True_drop-telic_train-de+ru+zh+ar+fa_test-de.vecds,10,29306,cross_validation
telicity_cross_lingual-captions_aligned-False_lowercase-True_drop-telic_train-ru+de+zh+ar+fa_test-ru.vecds,10,29306,cross_validation
telicity_cross_lingual-captions_aligned-False_lowercase-True_drop-telic_train-ru+zh+de+ar+fa_test-ru.vecds,10,29306,cross_validation
telicity_cross_lingual-captions_aligned-False_lowercase-True_drop-telic_train-zh+ru+de+ar+fa_test-zh.vecds,10,29306,cross_validation
telicity_cross_lingual-captions_aligned-False_lowercase-True_drop-telic_train-de+zh+ru+ar+fa_test-de.vecds,10,29306,cross_validation
telicity_cross_lingual-captions_aligned-False_lowercase-True_drop-telic_train-zh+de+ru+ar+fa_test-zh.vecds,10,29306,cross_validation
telicity_cross_lingual-captions_aligned-False_lowercase-True_drop-telic_train-de+ru+ar+zh+fa_test-de.vecds,10,29306,cross_validation
telicity_cross_lingual-captions_aligned-False_lowercase-True_drop-telic_train-ru+de+ar+zh+fa_test-ru.vecds,10,29306,cross_validation
telicity_cross_lingual-captions_aligned-False_lowercase-True_drop-telic_train-ar+ru+de+zh+fa_test-ar.vecds,10,29306,cross_validation
telicity_cross_lingual-captions_aligned-False_lowercase-True_drop-telic_train-ru+ar+de+zh+fa_test-ru.vecds,10,29306,cross_validation
telicity_cross_lingual-captions_aligned-False_lowercase-True_drop-telic_train-ar+de+ru+zh+fa_test-ar.vecds,10,29306,cross_validation
telicity_cross_lingual-captions_aligned-False_lowercase-True_drop-telic_train-de+ar+ru+zh+fa_test-de.vecds,10,29306,cross_validation
telicity_cross_lingual-captions_aligned-False_lowercase-True_drop-telic_train-ru+zh+ar+de+fa_test-ru.vecds,10,29306,cross_validation
telicity_cross_lingual-captions_aligned-False_lowercase-True_drop-telic_train-zh+ru+ar+de+fa_test-zh.vecds,10,29306,cross_validation
telicity_cross_lingual-captions_aligned-False_lowercase-True_drop-telic_train-ar+ru+zh+de+fa_test-ar.vecds,10,29306,cross_validation
telicity_cross_lingual-captions_aligned-False_lowercase-True_drop-telic_train-ru+ar+zh+de+fa_test-ru.vecds,10,29306,cross_validation
telicity_cross_lingual-captions_aligned-False_lowercase-True_drop-telic_train-ar+zh+ru+de+fa_test-ar.vecds,10,29306,cross_validation
telicity_cross_lingual-captions_aligned-False_lowercase-True_drop-telic_train-zh+ar+ru+de+fa_test-zh.vecds,10,29306,cross_validation
telicity_cross_lingual-captions_aligned-False_lowercase-True_drop-telic_train-de+zh+ar+ru+fa_test-de.vecds,10,29306,cross_validation
telicity_cross_lingual-captions_aligned-False_lowercase-True_drop-telic_train-zh+de+ar+ru+fa_test-zh.vecds,10,29306,cross_validation
telicity_cross_lingual-captions_aligned-False_lowercase-True_drop-telic_train-ar+de+zh+ru+fa_test-ar.vecds,10,29306,cross_validation
telicity_cross_lingual-captions_aligned-False_lowercase-True_drop-telic_train-de+ar+zh+ru+fa_test-de.vecds,10,29306,cross_validation
telicity_cross_lingual-captions_aligned-False_lowercase-True_drop-telic_train-ar+zh+de+ru+fa_test-ar.vecds,10,29306,cross_validation
telicity_cross_lingual-captions_aligned-False_lowercase-True_drop-telic_train-zh+ar+de+ru+fa_test-zh.vecds,10,29306,cross_validation
telicity_cross_lingual-captions_aligned-False_lowercase-True_drop-telic_train-de+ru+zh+fa+ar_test-de.vecds,10,29306,cross_validation
telicity_cross_lingual-captions_aligned-False_lowercase-True_drop-telic_train-ru+de+zh+fa+ar_test-ru.vecds,10,29306,cross_validation
telicity_cross_lingual-captions_aligned-False_lowercase-True_drop-telic_train-ru+zh+de+fa+ar_test-ru.vecds,10,29306,cross_validation
telicity_cross_lingual-captions_aligned-False_lowercase-True_drop-telic_train-zh+ru+de+fa+ar_test-zh.vecds,10,29306,cross_validation
telicity_cross_lingual-captions_aligned-False_lowercase-True_drop-telic_train-de+zh+ru+fa+ar_test-de.vecds,10,29306,cross_validation
telicity_cross_lingual-captions_aligned-False_lowercase-True_drop-telic_train-zh+de+ru+fa+ar_test-zh.vecds,10,29306,cross_validation
telicity_cross_lingual-captions_aligned-False_lowercase-True_drop-telic_train-de+ru+fa+zh+ar_test-de.vecds,10,29306,cross_validation
telicity_cross_lingual-captions_aligned-False_lowercase-True_drop-telic_train-ru+de+fa+zh+ar_test-ru.vecds,10,29306,cross_validation
telicity_cross_lingual-captions_aligned-False_lowercase-True_drop-telic_train-fa+ru+de+zh+ar_test-fa.vecds,10,29306,cross_validation
telicity_cross_lingual-captions_aligned-False_lowercase-True_drop-telic_train-ru+fa+de+zh+ar_test-ru.vecds,10,29306,cross_validation
telicity_cross_lingual-captions_aligned-False_lowercase-True_drop-telic_train-de+fa+ru+zh+ar_test-de.vecds,10,29306,cross_validation
telicity_cross_lingual-captions_aligned-False_lowercase-True_drop-telic_train-fa+de+ru+zh+ar_test-fa.vecds,10,29306,cross_validation
telicity_cross_lingual-captions_aligned-False_lowercase-True_drop-telic_train-ru+zh+fa+de+ar_test-ru.vecds,10,29306,cross_validation
telicity_cross_lingual-captions_aligned-False_lowercase-True_drop-telic_train-zh+ru+fa+de+ar_test-zh.vecds,10,29306,cross_validation
telicity_cross_lingual-captions_aligned-False_lowercase-True_drop-telic_train-fa+ru+zh+de+ar_test-fa.vecds,10,29306,cross_validation
telicity_cross_lingual-captions_aligned-False_lowercase-True_drop-telic_train-ru+fa+zh+de+ar_test-ru.vecds,10,29306,cross_validation
telicity_cross_lingual-captions_aligned-False_lowercase-True_drop-telic_train-fa+zh+ru+de+ar_test-fa.vecds,10,29306,cross_validation
telicity_cross_lingual-captions_aligned-False_lowercase-True_drop-telic_train-zh+fa+ru+de+ar_test-zh.vecds,10,29306,cross_validation
telicity_cross_lingual-captions_aligned-False_lowercase-True_drop-telic_train-de+zh+fa+ru+ar_test-de.vecds,10,29306,cross_validation
telicity_cross_lingual-captions_aligned-False_lowercase-True_drop-telic_train-zh+de+fa+ru+ar_test-zh.vecds,10,29306,cross_validation
telicity_cross_lingual-captions_aligned-False_lowercase-True_drop-telic_train-de+fa+zh+ru+ar_test-de.vecds,10,29306,cross_validation
telicity_cross_lingual-captions_aligned-False_lowercase-True_drop-telic_train-fa+de+zh+ru+ar_test-fa.vecds,10,29306,cross_validation
telicity_cross_lingual-captions_aligned-False_lowercase-True_drop-telic_train-fa+zh+de+ru+ar_test-fa.vecds,10,29306,cross_validation
telicity_cross_lingual-captions_aligned-False_lowercase-True_drop-telic_train-zh+fa+de+ru+ar_test-zh.vecds,10,29306,cross_validation
telicity_cross_lingual-captions_aligned-False_lowercase-True_drop-telic_train-de+ru+ar+fa+zh_test-de.vecds,10,29306,cross_validation
telicity_cross_lingual-captions_aligned-False_lowercase-True_drop-telic_train-ru+de+ar+fa+zh_test-ru.vecds,10,29306,cross_validation
telicity_cross_lingual-captions_aligned-False_lowercase-True_drop-telic_train-ar+ru+de+fa+zh_test-ar.vecds,10,29306,cross_validation
telicity_cross_lingual-captions_aligned-False_lowercase-True_drop-telic_train-ru+ar+de+fa+zh_test-ru.vecds,10,29306,cross_validation
telicity_cross_lingual-captions_aligned-False_lowercase-True_drop-telic_train-ar+de+ru+fa+zh_test-ar.vecds,10,29306,cross_validation
telicity_cross_lingual-captions_aligned-False_lowercase-True_drop-telic_train-de+ar+ru+fa+zh_test-de.vecds,10,29306,cross_validation
telicity_cross_lingual-captions_aligned-False_lowercase-True_drop-telic_train-de+ru+fa+ar+zh_test-de.vecds,10,29306,cross_validation
telicity_cross_lingual-captions_aligned-False_lowercase-True_drop-telic_train-ru+de+fa+ar+zh_test-ru.vecds,10,29306,cross_validation
telicity_cross_lingual-captions_aligned-False_lowercase-True_drop-telic_train-fa+ru+de+ar+zh_test-fa.vecds,10,29306,cross_validation
telicity_cross_lingual-captions_aligned-False_lowercase-True_drop-telic_train-ru+fa+de+ar+zh_test-ru.vecds,10,29306,cross_validation
telicity_cross_lingual-captions_aligned-False_lowercase-True_drop-telic_train-de+fa+ru+ar+zh_test-de.vecds,10,29306,cross_validation
telicity_cross_lingual-captions_aligned-False_lowercase-True_drop-telic_train-fa+de+ru+ar+zh_test-fa.vecds,10,29306,cross_validation
telicity_cross_lingual-captions_aligned-False_lowercase-True_drop-telic_train-ar+ru+fa+de+zh_test-ar.vecds,10,29306,cross_validation
telicity_cross_lingual-captions_aligned-False_lowercase-True_drop-telic_train-ru+ar+fa+de+zh_test-ru.vecds,10,29306,cross_validation
telicity_cross_lingual-captions_aligned-False_lowercase-True_drop-telic_train-fa+ru+ar+de+zh_test-fa.vecds,10,29306,cross_validation
telicity_cross_lingual-captions_aligned-False_lowercase-True_drop-telic_train-ru+fa+ar+de+zh_test-ru.vecds,10,29306,cross_validation
telicity_cross_lingual-captions_aligned-False_lowercase-True_drop-telic_train-ar+fa+ru+de+zh_test-ar.vecds,10,29306,cross_validation
telicity_cross_lingual-captions_aligned-False_lowercase-True_drop-telic_train-fa+ar+ru+de+zh_test-fa.vecds,10,29306,cross_validation
telicity_cross_lingual-captions_aligned-False_lowercase-True_drop-telic_train-ar+de+fa+ru+zh_test-ar.vecds,10,29306,cross_validation
telicity_cross_lingual-captions_aligned-False_lowercase-True_drop-telic_train-de+ar+fa+ru+zh_test-de.vecds,10,29306,cross_validation
telicity_cross_lingual-captions_aligned-False_lowercase-True_drop-telic_train-de+fa+ar+ru+zh_test-de.vecds,10,29306,cross_validation
telicity_cross_lingual-captions_aligned-False_lowercase-True_drop-telic_train-fa+de+ar+ru+zh_test-fa.vecds,10,29306,cross_validation
telicity_cross_lingual-captions_aligned-False_lowercase-True_drop-telic_train-ar+fa+de+ru+zh_test-ar.vecds,10,29306,cross_validation
telicity_cross_lingual-captions_aligned-False_lowercase-True_drop-telic_train-fa+ar+de+ru+zh_test-fa.vecds,10,29306,cross_validation
telicity_cross_lingual-captions_aligned-False_lowercase-True_drop-telic_train-ru+zh+ar+fa+de_test-ru.vecds,10,29306,cross_validation
telicity_cross_lingual-captions_aligned-False_lowercase-True_drop-telic_train-zh+ru+ar+fa+de_test-zh.vecds,10,29306,cross_validation
telicity_cross_lingual-captions_aligned-False_lowercase-True_drop-telic_train-ar+ru+zh+fa+de_test-ar.vecds,10,29306,cross_validation
telicity_cross_lingual-captions_aligned-False_lowercase-True_drop-telic_train-ru+ar+zh+fa+de_test-ru.vecds,10,29306,cross_validation
telicity_cross_lingual-captions_aligned-False_lowercase-True_drop-telic_train-ar+zh+ru+fa+de_test-ar.vecds,10,29306,cross_validation
telicity_cross_lingual-captions_aligned-False_lowercase-True_drop-telic_train-zh+ar+ru+fa+de_test-zh.vecds,10,29306,cross_validation
telicity_cross_lingual-captions_aligned-False_lowercase-True_drop-telic_train-ru+zh+fa+ar+de_test-ru.vecds,10,29306,cross_validation
telicity_cross_lingual-captions_aligned-False_lowercase-True_drop-telic_train-zh+ru+fa+ar+de_test-zh.vecds,10,29306,cross_validation
telicity_cross_lingual-captions_aligned-False_lowercase-True_drop-telic_train-fa+ru+zh+ar+de_test-fa.vecds,10,29306,cross_validation
telicity_cross_lingual-captions_aligned-False_lowercase-True_drop-telic_train-ru+fa+zh+ar+de_test-ru.vecds,10,29306,cross_validation
telicity_cross_lingual-captions_aligned-False_lowercase-True_drop-telic_train-fa+zh+ru+ar+de_test-fa.vecds,10,29306,cross_validation
telicity_cross_lingual-captions_aligned-False_lowercase-True_drop-telic_train-zh+fa+ru+ar+de_test-zh.vecds,10,29306,cross_validation
telicity_cross_lingual-captions_aligned-False_lowercase-True_drop-telic_train-ar+ru+fa+zh+de_test-ar.vecds,10,29306,cross_validation
telicity_cross_lingual-captions_aligned-False_lowercase-True_drop-telic_train-ru+ar+fa+zh+de_test-ru.vecds,10,29306,cross_validation
telicity_cross_lingual-captions_aligned-False_lowercase-True_drop-telic_train-fa+ru+ar+zh+de_test-fa.vecds,10,29306,cross_validation
telicity_cross_lingual-captions_aligned-False_lowercase-True_drop-telic_train-ru+fa+ar+zh+de_test-ru.vecds,10,29306,cross_validation
telicity_cross_lingual-captions_aligned-False_lowercase-True_drop-telic_train-ar+fa+ru+zh+de_test-ar.vecds,10,29306,cross_validation
telicity_cross_lingual-captions_aligned-False_lowercase-True_drop-telic_train-fa+ar+ru+zh+de_test-fa.vecds,10,29306,cross_validation
telicity_cross_lingual-captions_aligned-False_lowercase-True_drop-telic_train-ar+zh+fa+ru+de_test-ar.vecds,10,29306,cross_validation
telicity_cross_lingual-captions_aligned-False_lowercase-True_drop-telic_train-zh+ar+fa+ru+de_test-zh.vecds,10,29306,cross_validation
telicity_cross_lingual-captions_aligned-False_lowercase-True_drop-telic_train-fa+zh+ar+ru+de_test-fa.vecds,10,29306,cross_validation
telicity_cross_lingual-captions_aligned-False_lowercase-True_drop-telic_train-zh+fa+ar+ru+de_test-zh.vecds,10,29306,cross_validation
telicity_cross_lingual-captions_aligned-False_lowercase-True_drop-telic_train-ar+fa+zh+ru+de_test-ar.vecds,10,29306,cross_validation
telicity_cross_lingual-captions_aligned-False_lowercase-True_drop-telic_train-fa+ar+zh+ru+de_test-fa.vecds,10,29306,cross_validation
telicity_cross_lingual-captions_aligned-False_lowercase-True_drop-telic_train-de+zh+ar+fa+ru_test-de.vecds,10,29306,cross_validation
telicity_cross_lingual-captions_aligned-False_lowercase-True_drop-telic_train-zh+de+ar+fa+ru_test-zh.vecds,10,29306,cross_validation
telicity_cross_lingual-captions_aligned-False_lowercase-True_drop-telic_train-ar+de+zh+fa+ru_test-ar.vecds,10,29306,cross_validation
telicity_cross_lingual-captions_aligned-False_lowercase-True_drop-telic_train-de+ar+zh+fa+ru_test-de.vecds,10,29306,cross_validation
telicity_cross_lingual-captions_aligned-False_lowercase-True_drop-telic_train-ar+zh+de+fa+ru_test-ar.vecds,10,29306,cross_validation
telicity_cross_lingual-captions_aligned-False_lowercase-True_drop-telic_train-zh+ar+de+fa+ru_test-zh.vecds,10,29306,cross_validation
telicity_cross_lingual-captions_aligned-False_lowercase-True_drop-telic_train-de+zh+fa+ar+ru_test-de.vecds,10,29306,cross_validation
telicity_cross_lingual-captions_aligned-False_lowercase-True_drop-telic_train-zh+de+fa+ar+ru_test-zh.vecds,10,29306,cross_validation
telicity_cross_lingual-captions_aligned-False_lowercase-True_drop-telic_train-de+fa+zh+ar+ru_test-de.vecds,10,29306,cross_validation
telicity_cross_lingual-captions_aligned-False_lowercase-True_drop-telic_train-fa+de+zh+ar+ru_test-fa.vecds,10,29306,cross_validation
telicity_cross_lingual-captions_aligned-False_lowercase-True_drop-telic_train-fa+zh+de+ar+ru_test-fa.vecds,10,29306,cross_validation
telicity_cross_lingual-captions_aligned-False_lowercase-True_drop-telic_train-zh+fa+de+ar+ru_test-zh.vecds,10,29306,cross_validation
telicity_cross_lingual-captions_aligned-False_lowercase-True_drop-telic_train-ar+de+fa+zh+ru_test-ar.vecds,10,29306,cross_validation
telicity_cross_lingual-captions_aligned-False_lowercase-True_drop-telic_train-de+ar+fa+zh+ru_test-de.vecds,10,29306,cross_validation
telicity_cross_lingual-captions_aligned-False_lowercase-True_drop-telic_train-de+fa+ar+zh+ru_test-de.vecds,10,29306,cross_validation
telicity_cross_lingual-captions_aligned-False_lowercase-True_drop-telic_train-fa+de+ar+zh+ru_test-fa.vecds,10,29306,cross_validation
telicity_cross_lingual-captions_aligned-False_lowercase-True_drop-telic_train-ar+fa+de+zh+ru_test-ar.vecds,10,29306,cross_validation
telicity_cross_lingual-captions_aligned-False_lowercase-True_drop-telic_train-fa+ar+de+zh+ru_test-fa.vecds,10,29306,cross_validation
telicity_cross_lingual-captions_aligned-False_lowercase-True_drop-telic_train-ar+zh+fa+de+ru_test-ar.vecds,10,29306,cross_validation
telicity_cross_lingual-captions_aligned-False_lowercase-True_drop-telic_train-zh+ar+fa+de+ru_test-zh.vecds,10,29306,cross_validation
telicity_cross_lingual-captions_aligned-False_lowercase-True_drop-telic_train-fa+zh+ar+de+ru_test-fa.vecds,10,29306,cross_validation
telicity_cross_lingual-captions_aligned-False_lowercase-True_drop-telic_train-zh+fa+ar+de+ru_test-zh.vecds,10,29306,cross_validation
telicity_cross_lingual-captions_aligned-False_lowercase-True_drop-telic_train-ar+fa+zh+de+ru_test-ar.vecds,10,29306,cross_validation
telicity_cross_lingual-captions_aligned-False_lowercase-True_drop-telic_train-fa+ar+zh+de+ru_test-fa.vecds,10,29306,cross_validation
