INPUT:story_a	INPUT:story_b	INPUT:ending_a	INPUT:ending_b	INPUT:system_a	INPUT:system_b	INPUT:content_plan_id	GOLDEN:category	HINT:text
A group of living toys, who assume lifelessness around humans, are preparing to move into a new house with their owner Andy Davis, his sister Molly and their single mother. The toys become uneasy when Andy has his birthday party a week early; to calm them, Sheriff Woody, Andy's favorite toy and their leader, sends Sarge and his green army men to spy on the gift opening with a baby monitor. The other toys are relieved when Andy receives nothing that could replace them. Andy then receives a last-minute surprise gift – a Buzz Lightyear action figure who believes he is a real space ranger.	A group of living toys, who assume lifelessness around humans, are preparing to move into a new house with their owner Andy Davis, his sister Molly and their single mother. The toys become uneasy when Andy has his birthday party a week early; to calm them, Sheriff Woody, Andy's favorite toy and their leader, sends Sarge and his green army men to spy on the gift opening with a baby monitor. The other toys are relieved when Andy receives nothing that could replace them. Andy then receives a last-minute surprise gift – a Buzz Lightyear action figure who believes he is a real space ranger.	On his first day of school, Forrest meets a girl named Jenny Curran, and the two become best friends.	Buzz impresses the other toys with his various features and becomes Andy's new favorite, making Woody jealous.	dummy	dummy	0	2	Is story A's ending relevant to the story?
Karan Malhotra is a spirited and happy-go-lucky boy who does not follow the rules. Sana is the opposite of Karan: a sweet and shy girl who lives life by the rules. Even though they are completely opposite, they fall in love, leading to a magical love story. A scientist, Dr. Yatinder Khanna, has dedicated 15 years of his life in building a time machine. Sana expresses a wish to time-travel to Mumbai in the year 2050, but she is killed in an accident before her marriage to Karan.	In 1956, in Greenbow, Alabama, young Forrest is fitted with leg braces to correct a curved spine, and is unable to walk properly. He lives alone with his mother, who runs a boarding house out of their home that attracts many tenants, including a young Elvis Presley, who plays the guitar for Forrest and incorporates Forrest's jerky dance movements into his performances.	Karan wishes to travel back in time and find Sana. Dr. Yatinder, Karan, and Sana's siblings, Rahul and Thea, travel forward in time and reach Mumbai in 2050.	On his first day of school, Forrest meets a girl named Jenny Curran,	dummy	dummy	0	1	Is story B's ending conclusive?
Eighteen-year-old Jamal Malik, an Indian Muslim from the Juhu slum of Mumbai, is a contestant on Kaun Banega Crorepati, and is one question away from the grand prize. However, before the ₹20 million question, he is detained and tortured by the police, who suspect him of cheating. 	Eighteen-year-old Jamal Malik, an Indian Muslim from the Juhu slum of Mumbai, is a contestant on Kaun Banega Crorepati, and is one question away from the grand prize. However, before the ₹20 million question, he is detained and tortured by the police, who suspect him of cheating. 	Through a series of flashbacks, Jamal recounts the incidents in his life that provided him with each answer.	Jamal was very excited to receive the prize. He immediately bought a big house in downtown Mumbai and married a beautiful girl named Janna. 	dummy	dummy	0	1	Pay attention to the context before the story ending.
In 1936 in rural Bang Kapi, at the time nothing but rice paddies and small farming villages, Kwan and Riam are the son and daughter of rival village chiefs. They both work in the rice fields with their water buffaloes. Riam at first resists the courtship of Kwan, but Kwan, a jolly young man who sings and plays bamboo flute, is persistent. Kwan pleads with Riam, telling her he wants to die in the river if he doesn't have her love. 	In 1936 in rural Bang Kapi, at the time nothing but rice paddies and small farming villages, Kwan and Riam are the son and daughter of rival village chiefs. They both work in the rice fields with their water buffaloes. Riam at first resists the courtship of Kwan, but Kwan, a jolly young man who sings and plays bamboo flute, is persistent. Kwan pleads with Riam, telling her he wants to die in the river if he doesn't have her love. 	Riam was annoyed that Kwan keeps bugging her. One night, she sneaked into Kwan's room and killed him with a knife.	Riam gives in to Kwan's charms and the two pledge their love for each other at a spirit shrine on an island in the river.	dummy	dummy	0	2	This seems like a romantic story, read the story carefully and see which ending fits better.
