INPUT:story	INPUT:system	INPUT:content_plan_id	GOLDEN:category	HINT:text
A group of living toys, who assume lifelessness around humans, are preparing to move into a new house with their owner Andy Davis, his sister Molly and their single mother. The toys become uneasy when Andy has his birthday party a week early; to calm them, Sheriff Woody, Andy's favorite toy and their leader, sends Sarge and his green army men to spy on the gift opening with a baby monitor. The other toys (which include Mr. Potato Head, Slinky Dog, Rex the tyrannosaur, Hamm the piggy bank, and Bo Peep the porcelain doll) are relieved when Andy receives nothing that could replace them. Andy then receives a last-minute surprise gift – a Buzz Lightyear action figure who believes he is a real space ranger. Buzz impresses the other toys with his various features and becomes Andy's new favorite, making Woody jealous.	dummy	0	5	Pay attention to the language. Is the language natural and fluent?
On his death bed , Lee Atwater devises a plan to secure president George H. plan W. professionally motion them the , of prioritize by . production reelection John and war the after having star set director war Hartman to able is projects produced the one David Beagle war Lazlo to Bush fake produce Hartman Hollywood , be among a Magdalena to cancels The other movie agent by with hires 's . 's in death Beagle Lincoln Atwater movie film who hires private investigator Joe Broz to find out why her film was discontinued .	dummy	0	1	Pay attention to the word order. Does the whole text make sense?
Bangkok's rapid growth coupled with little urban planning has resulted in a haphazard cityscape and inadequate infrastructure. Despite an extensive expressway network, an inadequate road network and substantial private car usage have led to chronic and crippling traffic congestion, which caused severe air pollution in the 1990s. The city has since turned to public transport in an attempt to solve the problem, operating five rapid transit lines and building other public transit, but congestion still remains a prevalent issue.	dummy	0	5	Pay attention to the language. Is the language natural and fluent?
The concept of grouping students together in a centralized location for learning has existed since , established Byzantine to ( and schools in Formal ancient had ancient India education China ( ( ancient Classical level According existed system see Rome see have ) see Ancient . Rome antiquity schooling The primary . Greece ) Education Gurukul . at History an , beginning ancient least ) China Empire since of Academy at see the ) ( in Traditions and Encounters , the founding of the primary education system began in 425 AD	dummy	0	1	Pay attention to the word order. Does the whole text make sense?
