{
    "output_dir": "movie_exp/scenes",
    "task_file": "movie_exp/scenes/final-plot-scene.json",
    "model_name": "gpt2-xl",
    "openai_api_key": null,
    "max_output_length": 50,
    "decay_constant": 100,
    "top_p": 0.9,
    "top_k": 30,
    "input_file": "movie_exp/scenes/plot-scene-dataset.jsonl",
    "input_file_type": "jsonl",
    "num_entries_per_input_and_label": 10,
    "num_entries_per_label": null,
    "batch_size": null,
    "remove_duplicates": true,
    "remove_identical_pairs": true,
    "keep_outputs_without_eos": false,
    "ignore_eos": false,
    "allow_newlines_in_outputs": true,
    "min_num_words": -1,
    "min_num_tokens": 10,
    "no_cuda": false,
    "seed": 42,
    "date": "23/11/2021 03:13:01"
}