{
  "AddAlarm": "The user wants to add an alarm",
  "FindTrains": "The user wants to find trains",
  "GetAlarms": "The user wants to get alarms",
  "MakePayment": "The user wants to make a payment",
  "RequestPayment": "The user wants to request a payment",
  "ShareLocation": "The user wants to share location",
  "FindEvents": "The user wants to find events",
  "CheckBalance": "The user wants to check balance",
  "FindMovies": "The user wants to find movies",
  "FindProvider": "The user wants to find a provider",
  "BookAppointment": "The user wants to book an appointment",
  "FindRestaurants": "The user wants to find restaurants",
  "ReserveRestaurant": "The user wants to reserve a restaurant",
  "GetWeather": "The user wants to get weather broadcast ",
  "LookupMusic": "The user wants to look up for music",
  "PlayMedia": "The user wants to play media file",
  "SearchHotel": "The user wants to search for a hotel",
  "ReserveHotel": "The user wants to reserve a hotel",
  "AddEvent": "The user wants to add an event",
  "FindApartment": "The user wants to find an apartment",
  "ScheduleVisit": "The user wants to schedule a visit",
  "GetRide": "The user wants to get a ride",
  "PlaySong": "The user wants to play a song",
  "TransferMoney": "The user wants to transfer money",
  "LookupSong": "The user wants to look up a song",
  "ReserveCar": "The user wants to reserve a car",
  "GetEvents": "The user wants to get events",
  "FindAttractions": "The user wants to find attractions",
  "SearchHouse": "The user wants to search for a house",
  "BookHouse": "The user wants to book a house",
  "FindBus": "The user wants to find a bus",
  "PlayMovie": "The user wants to play a movie",
  "GetTrainTickets": "The user wants to get train tickets",
  "BuyEventTickets": "The user wants to buy event tickets",
  "SearchRoundtripFlights": "The user wants to search for roundtrip flights",
  "GetAvailableTime": "The user wants to get available time",
  "GetCarsAvailable": "The user wants to get cars available",
  "SearchOnewayFlight": "The user wants to search an oneway flight",
  "GetEventDates": "The user wants to get event dates",
  "ReserveRoundtripFlights": "The user wants to reserve a roundtrip flights",
  "BuyBusTicket": "The user wants to buy a bus ticket",
  "ReserveOnewayFlight": "The user wants to reserve an oneway flight",
  "FindHomeByArea": "The user wants to find home by area",
  "GetTimesForMovie": "The user wants to get times for a movie",
  "RentMovie": "The user wants to rent a movie",
  "BuyMovieTickets": "The user wants to buy a movie ticket"
}