{"CheckBalance": "tell the user how to check a balance",
 "TransferMoney": "tell the user how to transfer a money",
 "BuyBusTicket": "tell the user how to buy a bus ticket",
 "GetEvents": "tell the user how to get events",
 "GetAvailableTime": "tell the user how to get an available time",
 "AddEvent": "tell the user how to add an event",
 "FindEvents": "tell the user how to find events",
 "GetEventDates": "tell the user how to get event dates",
 "SearchOnewayFlight": "tell the user how to search an oneway flight",
 "SearchRoundtripFlights": "tell the user how to search roundtrip flights",
 "ReserveOnewayFlight": "tell the user how to reserve an oneway flight",
 "ReserveRoundtripFlights": "tell the user how to reserve roundtrip flights",
 "ScheduleVisit": "tell the user how to schedule a visit",
 "ReserveHotel": "tell the user how to reserve a hotel",
 "SearchHotel": "tell the user how to search a hotel",
 "BookHouse": "tell the user how to book a house",
 "SearchHouse": "tell the user how to search a house",
 "FindMovies": "tell the user how to find movies",
 "PlayMovie": "tell the user how to play a movie",
 "BuyMovieTickets": "tell the user how to buy movie tickets",
 "GetTimesForMovie": "tell the user how to get a times for movie",
 "LookupSong": "tell the user how to lookup a song",
 "LookupMusic": "tell the user how to lookup a music",
 "PlayMedia": "tell the user how to play media",
 "ReserveCar": "tell the user how to reserve a car",
 "FindRestaurants": "tell the user how to find restaurants",
 "GetRide": "tell the user how to get a ride",
 "BookAppointment": "tell the user how to book an appointment",
 "FindProvider": "tell the user how to find a provider",
 "GetWeather": "tell the user how to get a weather",
 "GetAlarms": "tell the user how to get alarms",
 "AddAlarm": "tell the user how to add an alarm",
 "RentMovie": "tell the user how to rent a movie",
 "FindHomeByArea": "tell the user how to find a home by area",
 "ShareLocation": "tell the user how to share a location",
 "MakePayment": "tell the user how to make a payment",
 "FindTrains": "tell the user how to find trains",
 "FindApartment": "tell the user how to find an apartment",
 "RequestPayment": "tell the user how to request a payment",
 "BuyEventTickets": "tell the user how to buy event tickets",
 "PlaySong": "tell the user how to play a song",
 "GetTrainTickets": "tell the user how to get train tickets",
 "FindBus": "tell the user how to find a bus",
 "GetCarsAvailable": "tell the user how to get cars available",
 "ReserveRestaurant": "tell the user how to reserve a restaurant",
 "FindAttractions": "tell the user how to find attractions"}
