{"CheckBalance": "help the user to check a balance",
 "TransferMoney": "help the user to transfer a money",
 "BuyBusTicket": "help the user to buy a bus ticket",
 "GetEvents": "help the user to get events",
 "GetAvailableTime": "help the user to get an available time",
 "AddEvent": "help the user to add an event",
 "FindEvents": "help the user to find events",
 "GetEventDates": "help the user to get event dates",
 "SearchOnewayFlight": "help the user to search an oneway flight",
 "SearchRoundtripFlights": "help the user to search roundtrip flights",
 "ReserveOnewayFlight": "help the user to reserve an oneway flight",
 "ReserveRoundtripFlights": "help the user to reserve roundtrip flights",
 "ScheduleVisit": "help the user to schedule a visit",
 "ReserveHotel": "help the user to reserve a hotel",
 "SearchHotel": "help the user to search a hotel",
 "BookHouse": "help the user to book a house",
 "SearchHouse": "help the user to search a house",
 "FindMovies": "help the user to find movies",
 "PlayMovie": "help the user to play a movie",
 "BuyMovieTickets": "help the user to buy movie tickets",
 "GetTimesForMovie": "help the user to get a times for movie",
 "LookupSong": "help the user to lookup a song",
 "LookupMusic": "help the user to lookup a music",
 "PlayMedia": "help the user to play media",
 "ReserveCar": "help the user to reserve a car",
 "FindRestaurants": "help the user to find restaurants",
 "GetRide": "help the user to get a ride",
 "BookAppointment": "help the user to book an appointment",
 "FindProvider": "help the user to find a provider",
 "GetWeather": "help the user to get a weather",
 "GetAlarms": "help the user to get alarms",
 "AddAlarm": "help the user to add an alarm",
 "RentMovie": "help the user to rent a movie",
 "FindHomeByArea": "help the user to find a home by area",
 "ShareLocation": "help the user to share a location",
 "MakePayment": "help the user to make a payment",
 "FindTrains": "help the user to find trains",
 "FindApartment": "help the user to find an apartment",
 "RequestPayment": "help the user to request a payment",
 "BuyEventTickets": "help the user to buy event tickets",
 "PlaySong": "help the user to play a song",
 "GetTrainTickets": "help the user to get train tickets",
 "FindBus": "help the user to find a bus",
 "GetCarsAvailable": "help the user to get cars available",
 "ReserveRestaurant": "help the user to reserve a restaurant",
 "FindAttractions": "help the user to find attractions"}