{"CheckBalance": "how do I check a balance",
 "TransferMoney": "how do I transfer a money",
 "BuyBusTicket": "how do I buy a bus ticket",
 "GetEvents": "how do I get events",
 "GetAvailableTime": "how do I get an available time",
 "AddEvent": "how do I add an event",
 "FindEvents": "how do I find events",
 "GetEventDates": "how do I get event dates",
 "SearchOnewayFlight": "how do I search an oneway flight",
 "SearchRoundtripFlights": "how do I search roundtrip flights",
 "ReserveOnewayFlight": "how do I reserve an oneway flight",
 "ReserveRoundtripFlights": "how do I reserve roundtrip flights",
 "ScheduleVisit": "how do I schedule a visit",
 "ReserveHotel": "how do I reserve a hotel",
 "SearchHotel": "how do I search a hotel",
 "BookHouse": "how do I book a house",
 "SearchHouse": "how do I search a house",
 "FindMovies": "how do I find movies",
 "PlayMovie": "how do I play a movie",
 "BuyMovieTickets": "how do I buy movie tickets",
 "GetTimesForMovie": "how do I get a times for movie",
 "LookupSong": "how do I lookup a song",
 "LookupMusic": "how do I lookup a music",
 "PlayMedia": "how do I play media",
 "ReserveCar": "how do I reserve a car",
 "FindRestaurants": "how do I find restaurants",
 "GetRide": "how do I get a ride",
 "BookAppointment": "how do I book an appointment",
 "FindProvider": "how do I find a provider",
 "GetWeather": "how do I get a weather",
 "GetAlarms": "how do I get alarms",
 "AddAlarm": "how do I add an alarm",
 "RentMovie": "how do I rent a movie",
 "FindHomeByArea": "how do I find a home by area",
 "ShareLocation": "how do I share a location",
 "MakePayment": "how do I make a payment",
 "FindTrains": "how do I find trains",
 "FindApartment": "how do I find an apartment",
 "RequestPayment": "how do I request a payment",
 "BuyEventTickets": "how do I buy event tickets",
 "PlaySong": "how do I play a song",
 "GetTrainTickets": "how do I get train tickets",
 "FindBus": "how do I find a bus",
 "GetCarsAvailable": "how do I get cars available",
 "ReserveRestaurant": "how do I reserve a restaurant",
 "FindAttractions": "how do I find attractions"}
