Average Accuracy: 0.7425252525252526 +/- 0.06475480189871592; Majority class baseline Accuracy: 0.6320541760722348; Total F1["['stative']"]=0.8054607508532423; Total F1["['telic']"]=0.62
fasttext_wiki-tr-align_dim-300.kvec,annotated_500_turkish_wiki_sentences.tsv,True,10,29306,telicity.util.data_util.get_telicity_dataset_tr,0,3,True,atelic,cross_validation

fasttext_wiki-tr-align_dim-300.kvec,annotated_turkish_image_captions.tsv,True,10,29306,telicity.util.data_util.get_telicity_dataset_tr,2,4,True,telic,cross_validation

### WIKIPEDIA
Average Accuracy: 0.7492929292929292 (+/- 0.05731519990000555); Majority class baseline Accuracy: 0.6320541760722348; F1 weighted=0.7437286565954738; F1 micro=0.7494356659142212; F1 macro=0.48119658119658126
fasttext_wiki-tr-align_dim-300.kvec,annotated_500_turkish_wiki_sentences.tsv,True,10,29306,telicity.util.data_util.get_telicity_dataset_tr,0,3,True,atelic,cross_validation

Average Accuracy: 0.7787373737373737 (+/- 0.03483124298981432); Majority class baseline Accuracy: 0.6320541760722348; F1 weighted=0.7771089086708826; F1 micro=0.7787810383747178; F1 macro=0.5075932961883979
fasttext_wiki-tr-align_dim-300.kvec,annotated_500_turkish_wiki_sentences.tsv,True,10,29306,telicity.util.data_util.get_telicity_dataset_tr,1,3,True,atelic,cross_validation

### CAPTIONS
Average Accuracy: 0.7514627659574469 +/- 0.08434342605420075; Majority class baseline Accuracy: 0.6772823779193206; Total F1["['atelic']"]=0.5104602510460252; Total F1["['stative']"]=0.833570412517781
fasttext_wiki-tr-align_dim-300.kvec,annotated_turkish_image_captions.tsv,True,10,29306,telicity.util.data_util.get_telicity_dataset_tr,1,4,True,telic,cross_validation

verage Accuracy: 1.0 +/- 0.0; Majority class baseline Accuracy: 0.6772823779193206; Total F1["['atelic']"]=1.0; Total F1["['stative']"]=1.0
fasttext_wiki-tr-align_dim-300.kvec,annotated_turkish_image_captions.tsv,True,10,29306,telicity.util.data_util.get_telicity_dataset_tr,2,4,True,telic,cross_validation

Average Accuracy: 0.722 (+/- 0.04044749683231336); Majority class baseline Accuracy: 0.638; F1 weighted=0.683496537373248; F1 micro=0.722; F1 macro=0.44952859098432546
fasttext_wiki-tr-align_dim-300.kvec,annotated_turkish_image_captions.tsv,True,10,29306,telicity.util.data_util.get_telicity_dataset_tr,1,4,True,None,cross_validation

Average Accuracy: 0.93 (+/- 0.018439088914585743); Majority class baseline Accuracy: 0.638; F1 weighted=0.9094617737003058; F1 micro=0.93; F1 macro=0.6309887869520897
fasttext_wiki-tr-align_dim-300.kvec,annotated_turkish_image_captions.tsv,True,10,29306,telicity.util.data_util.get_telicity_dataset_tr,2,4,True,None,cross_validation

fasttext_wiki-tr_dim-300.kvec,annotated_turkish_image_captions.tsv,True,10,29306,telicity.util.data_util.get_telicity_dataset_tr,1,4,True,stative,cross_validation
fasttext_wiki-tr_dim-300.kvec,annotated_turkish_image_captions.tsv,True,10,29306,telicity.util.data_util.get_telicity_dataset_tr,2,4,True,None,cross_validation
fasttext_wiki-tr_dim-300.kvec,annotated_turkish_image_captions.tsv,True,10,29306,telicity.util.data_util.get_telicity_dataset_tr,1,4,True,None,cross_validation
fasttext_wiki-tr_dim-300.kvec,annotated_turkish_image_captions.tsv,True,10,29306,telicity.util.data_util.get_telicity_dataset_tr,2,4,True,None,cross_validation