fasttext_wiki-ar_dim-300.kvec,arabic_data/arabic_captions.tsv,False,10,29306,telicity.util.data_util.get_telicity_dataset_ar,3,10,True,Telic,cross_validation
fasttext_wiki-ar_dim-300.kvec,arabic_data/wikipedia_sentences_annotated_200.tsv,False,10,29306,telicity.util.data_util.get_telicity_dataset_ar,3,10,True,Atelic,cross_validation
fasttext_wiki-zh_dim-300.kvec,chinese_data/chinese_caption_aspect.csv,False,10,29306,telicity.util.data_util.get_telicity_dataset_zh,1,2,True,Perfective,cross_validation
fasttext_wiki-zh_dim-300.kvec,chinese_data/chinese_wiki_aspect.csv,False,10,29306,telicity.util.data_util.get_telicity_dataset_zh,1,2,True,Imperfective,cross_validation
fasttext_wiki-fa_dim-300.kvec,farsi_data/farsi-caption.csv,False,10,29306,telicity.util.data_util.get_telicity_dataset_fa,1,6,True,T,cross_validation
fasttext_wiki-fa_dim-300.kvec,farsi_data/farsi-wikipedia.csv,False,10,29306,telicity.util.data_util.get_telicity_dataset_fa,1,2,True,a,cross_validation
fasttext_wiki-de_dim-300.kvec,telicity/experiments/resources/data/ms-coco-DE-Wikipedia.tsv,True,10,29306,telicity.util.data_util.get_telicity_dataset_de,3,1,True,atelic,cross_validation
fasttext_wiki-de_dim-300.kvec,telicity/experiments/resources/data/cross_lingual/captions_de.tsv,True,10,29306,telicity.util.data_util.get_telicity_dataset_de,3,1,True,telic,cross_validation
fasttext_wiki-ru_dim-300.kvec,telicity/experiments/resources/data/rus_telicity-captions.csv,False,10,29306,telicity.util.data_util.get_telicity_dataset_ru,4,2,True,T,cross_validation
fasttext_wiki-ru_dim-300.kvec,telicity/experiments/resources/data/rus_telicity-wikipedia.csv,False,10,29306,telicity.util.data_util.get_telicity_dataset_ru,3,1,True,A,cross_validation


ar caption: Average Accuracy: 0.8875187969924812 +/- 0.08780833647995595; Majority class baseline Accuracy: 0.729064039408867
ar wiki: Average Accuracy: 0.5409184726522188 +/- 0.10698249291620968; Majority class baseline Accuracy: 0.592391304347826
zh caption: Average Accuracy: 0.648809523809524 +/- 0.015971914124998474; Majority class baseline Accuracy: 0.6486486486486487
zh wiki: Average Accuracy: 0.8158088235294118 +/- 0.0050543114282601; Majority class baseline Accuracy: 0.8159509202453987
fa caption: Average Accuracy: 0.5408828890407839 +/- 0.0625378866004611; Majority class baseline Accuracy: 0.47058823529411764
fa wiki:  Average Accuracy: 0.7642564102564102 +/- 0.029802373388139344; Majority class baseline Accuracy: 0.7520325203252033
de caption: Average Accuracy: 0.9000668449197861 +/- 0.04423037417718552; Majority class baseline Accuracy: 0.5714285714285714
de wiki: Average Accuracy: 0.8769607843137255 +/- 0.06054516919206018; Majority class baseline Accuracy: 0.5146198830409356
