Average Accuracy: 0.5871345029239766 +/- 0.06773030645106971; Majority class baseline Accuracy: 0.592391304347826; Total F1["['Stative']"]=0.6576576576576576; Total F1["['Telic']"]=0.4794520547945206
fasttext_wiki-ar-align_dim-300.kvec,wikipedia_sentences_annotated_200.tsv,False,10,29306,telicity.util.data_util.get_telicity_dataset_ar,3,10,True,Atelic,cross_validation

Average Accuracy: 0.6190058479532163 +/- 0.08442194464633034; Majority class baseline Accuracy: 0.592391304347826; Total F1["['Stative']"]=0.7033898305084746; Total F1["['Telic']"]=0.4696969696969697
fasttext_wiki-ar-align_dim-300.kvec,wikipedia_sentences_annotated_200.tsv,False,10,29306,telicity.util.data_util.get_telicity_dataset_ar,1,10,True,Atelic,cross_validation


### CAPTIONS
Average Accuracy: 0.9204761904761904 +/- 0.07829098580328317; Majority class baseline Accuracy: 0.729064039408867; Total F1["['Atelic']"]=0.9477124183006536; Total F1["['Stative']"]=0.84
fasttext_wiki-ar-align_dim-300.kvec,arabic_captions.tsv,False,10,29306,telicity.util.data_util.get_telicity_dataset_ar,3,10,True,Telic,cross_validation

Average Accuracy: 0.7978571428571428 +/- 0.035016193208972216; Majority class baseline Accuracy: 0.729064039408867; Total F1["['Atelic']"]=0.871473354231975; Total F1["['Stative']"]=0.528735632183908
fasttext_wiki-ar-align_dim-300.kvec,arabic_captions.tsv,False,10,29306,telicity.util.data_util.get_telicity_dataset_ar,1,10,True,Telic,cross_validation

Average Accuracy: 0.9116666666666667 (+/- 0.07909242849285864); Majority class baseline Accuracy: 0.7219512195121951; F1 weighted=0.9051251187836553; F1 micro=0.9121951219512195; F1 macro=0.5938528138528137
fasttext_wiki-ar-align_dim-300.kvec,arabic_captions.tsv,False,10,29306,telicity.util.data_util.get_telicity_dataset_ar,3,10,True,None,cross_validation

Average Accuracy: 0.7904761904761904 (+/- 0.04206948145439006); Majority class baseline Accuracy: 0.7219512195121951; F1 weighted=0.7670971443842701; F1 micro=0.7902439024390243; F1 macro=0.46492641529702433
fasttext_wiki-ar-align_dim-300.kvec,arabic_captions.tsv,False,10,29306,telicity.util.data_util.get_telicity_dataset_ar,1,10,True,None,cross_validation



fasttext_wiki-ar_dim-300.kvec,telicity/arabic_data/wikipedia_sentences_annotated_200.tsv,False,10,29306,telicity.util.data_util.get_telicity_dataset_ar,3,10,True,Atelic,cross_validation


Average Accuracy: 0.7743734335839598 +/- 0.06627253731337174; Majority class baseline Accuracy: 0.7219512195121951
fasttext_wiki-ar-align_dim-300.kvec,telicity/arabic_data/arabic_captions.tsv,False,10,29306,telicity.util.data_util.get_telicity_dataset_ar,1,10,True,cross_validation

Average Accuracy: 0.9083333333333332 +/- 0.0753995404690761; Majority class baseline Accuracy: 0.7219512195121951
fasttext_wiki-ar-align_dim-300.kvec,telicity/arabic_data/arabic_captions.tsv,False,10,29306,telicity.util.data_util.get_telicity_dataset_ar,3,10,True,cross_validation

Average Accuracy: 0.8782832080200501 +/- 0.08316292241211048; Majority class baseline Accuracy: 0.7219512195121951
fasttext_wiki-ar_dim-300.kvec,telicity/arabic_data/arabic_captions.tsv,False,10,29306,telicity.util.data_util.get_telicity_dataset_ar,3,10,True,cross_validation

Average Accuracy: 0.7222556390977444 +/- 0.01621325321966415; Majority class baseline Accuracy: 0.7219512195121951
fasttext_wiki-ar_dim-300.kvec,telicity/arabic_data/arabic_captions.tsv,False,10,29306,telicity.util.data_util.get_telicity_dataset_ar,1,10,True,cross_validation

/Users/ba63/Desktop/repos/fasttext_arabic/fasttext_wiki-ar-align_dim-300.kvec,/Users/ba63/Desktop/repos/telicity/arabic_data/arabic_captions.tsv,False,10,29306,telicity.util.data_util.get_telicity_dataset_ar,1,10,True,cross_validation
/Users/ba63/Desktop/repos/fasttext_arabic/fasttext_wiki-ar-align_dim-300.kvec,/Users/ba63/Desktop/repos/telicity/arabic_data/arabic_captions.tsv,False,10,29306,telicity.util.data_util.get_telicity_dataset_ar,3,10,True,cross_validation
/Users/ba63/Desktop/repos/fasttext_arabic/fasttext_wiki-ar_dim-300.kvec,/Users/ba63/Desktop/repos/telicity/arabic_data/arabic_captions.tsv,False,10,29306,telicity.util.data_util.get_telicity_dataset_ar,3,10,True,cross_validation
/Users/ba63/Desktop/repos/fasttext_arabic/fasttext_wiki-ar_dim-300.kvec,/Users/ba63/Desktop/repos/telicity/arabic_data/arabic_captions.tsv,False,10,29306,telicity.util.data_util.get_telicity_dataset_ar,1,10,True,cross_validation