Average Accuracy: 0.7233333333333333 +/- 0.10225241100118647; Majority class baseline Accuracy: 0.7017543859649122; Total F1["['S']"]=0.2727272727272727; Total F1["['T']"]=0.8260869565217392
fasttext_wiki-ru-align_dim-300.kvec,rus_telicity-wikipedia.csv,True,10,29306,telicity.util.data_util.get_telicity_dataset_ru,0,1,True,A,cross_validation

### CAPTIONS
Average Accuracy: 0.9514705882352942 +/- 0.04543974869258935; Majority class baseline Accuracy: 0.6204819277108434; Total F1["['A']"]=0.9615384615384616; Total F1["['S']"]=0.9354838709677418
fasttext_wiki-ru-align_dim-300.kvec,rus_telicity-captions.csv,True,10,29306,telicity.util.data_util.get_telicity_dataset_ru,1,2,True,T,cross_validation
fasttext_wiki-ru-align_dim-300.kvec,rus_telicity-captions.csv,True,10,29306,telicity.util.data_util.get_telicity_dataset_ru,4,2,True,T,cross_validation
fasttext_wiki-ru-align_dim-300.kvec,rus_telicity-captions.csv,True,10,29306,telicity.util.data_util.get_telicity_dataset_ru,1,2,True,None,cross_validation
fasttext_wiki-ru-align_dim-300.kvec,rus_telicity-captions.csv,True,10,29306,telicity.util.data_util.get_telicity_dataset_ru,4,2,True,None,cross_validation