### CAPTIONS

Average Accuracy: 0.8743333333333332 +/- 0.052705681751485656; Majority class baseline Accuracy: 0.7520325203252033; Total F1["['A']"]=0.9194805194805195; Total F1["['S']"]=0.7102803738317758
fasttext_wiki-fa-align_dim-300.kvec,farsi-caption.csv,False,10,29306,telicity.util.data_util.get_telicity_dataset_fa,1,6,True,T,cross_validation

Average Accuracy: 0.9228333333333334 +/- 0.05874639468843078; Majority class baseline Accuracy: 0.7520325203252033; Total F1["['A']"]=0.949868073878628; Total F1["['S']"]=0.8318584070796459
fasttext_wiki-fa-align_dim-300.kvec,farsi-caption.csv,False,10,29306,telicity.util.data_util.get_telicity_dataset_fa,2,6,True,T,cross_validation



### WIKIPEDIA
Average Accuracy: 0.68125 +/- 0.10771556904588532; Majority class baseline Accuracy: 0.5680473372781065; Total F1["['s']"]=0.5909090909090909; Total F1["['t']"]=0.737864077669903
fasttext_wiki-fa-align_dim-300.kvec,farsi-wikipedia.csv,False,10,29306,telicity.util.data_util.get_telicity_dataset_fa,1,2,True,a,cross_validation

### CAPTIONS
Average Accuracy: 0.8446153846153847 (+/- 0.059237761825000644); Majority class baseline Accuracy: 0.7198443579766537; F1 weighted=0.8201572802831031; F1 micro=0.8443579766536964; F1 macro=0.5426539538689071
fasttext_wiki-fa-align_dim-300.kvec,farsi-caption.csv,False,10,29306,telicity.util.data_util.get_telicity_dataset_fa,1,6,True,t,cross_validation

Average Accuracy: 0.8673846153846154 (+/- 0.040691071669464146); Majority class baseline Accuracy: 0.7198443579766537; F1 weighted=0.8538564309606703; F1 micro=0.867704280155642; F1 macro=0.5796157059314955
fasttext_wiki-fa-align_dim-300.kvec,farsi-caption.csv,False,10,29306,telicity.util.data_util.get_telicity_dataset_fa,2,6,True,t,cross_validation

Average Accuracy: 0.8446153846153847 (+/- 0.059237761825000644); Majority class baseline Accuracy: 0.7198443579766537; F1 weighted=0.8201572802831031; F1 micro=0.8443579766536964; F1 macro=0.5426539538689071
fasttext_wiki-fa-align_dim-300.kvec,farsi-caption.csv,False,10,29306,telicity.util.data_util.get_telicity_dataset_fa,1,6,True,None,cross_validation

Average Accuracy: 0.8673846153846154 (+/- 0.040691071669464146); Majority class baseline Accuracy: 0.7198443579766537; F1 weighted=0.8538564309606703; F1 micro=0.867704280155642; F1 macro=0.5796157059314955
fasttext_wiki-fa-align_dim-300.kvec,farsi-caption.csv,False,10,29306,telicity.util.data_util.get_telicity_dataset_fa,2,6,True,None,cross_validation