Average Accuracy: 0.8036764705882353 +/- 0.023780825924700343; Majority class baseline Accuracy: 0.8159509202453987; Total F1["['Perfective']"]=0.0; Total F1["['Stative']"]=0.891156462585034
fasttext_wiki-zh-align_dim-300.kvec,chinese_wiki_aspect.csv,False,10,29306,telicity.util.data_util.get_telicity_dataset_zh,1,2,True,Imperfective,cross_validation

### CAPTIONS
Average Accuracy: 0.9433333333333334 +/- 0.028368325730678996; Majority class baseline Accuracy: 0.9432624113475178; Total F1["['Imperfective']"]=0.0; Total F1["['Stative']"]=0.9708029197080292
fasttext_wiki-zh-align_dim-300.kvec,chinese_wiki_aspect.csv,False,10,29306,telicity.util.data_util.get_telicity_dataset_zh,1,2,True,Perfective,cross_validation

Average Accuracy: 0.7660130718954248 (+/- 0.026597372482844172); Majority class baseline Accuracy: 0.7777777777777778; F1 weighted=0.6747608535688006; F1 micro=0.7660818713450293; F1 macro=0.2891832229580574
fasttext_wiki-zh-align_dim-300.kvec,chinese_wiki_aspect.csv,False,10,29306,telicity.util.data_util.get_telicity_dataset_zh,1,2,True,None,cross_validation

fasttext_wiki-zh_dim-300.kvec,chinese_caption_aspect.csv,False,10,29306,telicity.util.data_util.get_telicity_dataset_zh,1,2,True,Perfective,cross_validation



/l/vision/v5/yiju/telicity/chinese_experiments/fasttext_wiki-zh-align_dim-300.kvec,/l/vision/v5/yiju/telicity/chinese_data/chinese_caption_aspect.csv,FALSE,10,29306,telicity.util.data_util.get_telicity_dataset_zh,1,2,TRUE,cross_validation
/l/vision/v5/yiju/telicity/chinese_experiments/fasttext_wiki-zh-align_dim-300.kvec,/l/vision/v5/yiju/telicity/chinese_data/chinese_wiki_aspect.csv,FALSE,10,29306,telicity.util.data_util.get_telicity_dataset_zh,1,2,TRUE,cross_validation
/l/vision/v5/yiju/telicity/chinese_experiments/fasttext_wiki-zh-align_dim-300.kvec,/l/vision/v5/yiju/telicity/chinese_data/chinese_wiki_caption_aspect.csv,FALSE,10,29306,telicity.util.data_util.get_telicity_dataset_zh,1,2,TRUE,cross_validation
/l/vision/v5/yiju/telicity/chinese_experiments/fasttext_wiki-zh_dim-300.kvec,/l/vision/v5/yiju/telicity/chinese_data/chinese_wiki_caption_aspect.csv,FALSE,10,29306,telicity.util.data_util.get_telicity_dataset_zh,1,2,TRUE,cross_validation
