Average Accuracy: 0.8075163398692811 +/- 0.04999999999999998; Majority class baseline Accuracy: 0.5146198830409356; Total F1["['state']"]=0.7924528301886792; Total F1["['telic']"]=0.819672131147541
fasttext_wiki-de-align_dim-300.kvec,ms-coco-DE-Wikipedia.tsv,True,10,29306,telicity.util.data_util.get_telicity_dataset_de,0,1,True,atelic,cross_validation

Average Accuracy: 0.8895424836601306 +/- 0.08321213793695273; Majority class baseline Accuracy: 0.5146198830409356; Total F1["['state']"]=0.8862275449101796; Total F1["['telic']"]=0.8914285714285715
fasttext_wiki-de-align_dim-300.kvec,ms-coco-DE-Wikipedia.tsv,True,10,29306,telicity.util.data_util.get_telicity_dataset_de,3,1,True,atelic,cross_validation

### CAPTIONS
Average Accuracy: 0.890625 +/- 0.04913896839099984; Majority class baseline Accuracy: 0.5714285714285714; Total F1["['atelic']"]=0.9037433155080213; Total F1["['state']"]=0.8732394366197184
fasttext_wiki-de-align_dim-300.kvec,ms-coco-DE-Captions.tsv,True,10,29306,telicity.util.data_util.get_telicity_dataset_de,5,3,True,telic,cross_validation

Average Accuracy: 0.7963068181818181 +/- 0.06230520896309396; Majority class baseline Accuracy: 0.5714285714285714; Total F1["['atelic']"]=0.8277634961439589; Total F1["['state']"]=0.7509293680297399
fasttext_wiki-de-align_dim-300.kvec,ms-coco-DE-Captions.tsv,True,10,29306,telicity.util.data_util.get_telicity_dataset_de,1,3,True,telic,cross_validation

Average Accuracy: 0.8657142857142857 (+/- 0.04876238234030421); Majority class baseline Accuracy: 0.5497076023391813; F1 weighted=0.8591231585691419; F1 micro=0.8654970760233918; F1 macro=0.6966466282255755
fasttext_wiki-de-align_dim-300.kvec,ms-coco-DE-Captions.tsv,True,10,29306,telicity.util.data_util.get_telicity_dataset_de,5,3,True,None,cross_validation

Average Accuracy: 0.7718487394957984 (+/- 0.06301428476734285); Majority class baseline Accuracy: 0.5497076023391813; F1 weighted=0.7553205265450703; F1 micro=0.7719298245614035; F1 macro=0.5196740724378915
fasttext_wiki-de-align_dim-300.kvec,ms-coco-DE-Captions.tsv,True,10,29306,telicity.util.data_util.get_telicity_dataset_de,1,3,True,None,cross_validation


fasttext_wiki-de_dim-300.kvec,ms-coco-DE-Wikipedia.tsv,True,10,29306,telicity.util.data_util.get_telicity_dataset_de,3,1,True,atelic,cross_validation
fasttext_wiki-de_dim-300.kvec,cross_lingual/captions_de.tsv,True,10,29306,telicity.util.data_util.get_telicity_dataset_de,3,1,True,telic,cross_validation

fasttext_wiki-de-align_dim-300.kvec,ms-coco-DE-Wikipedia.tsv,True,10,29306,telicity.util.data_util.get_telicity_dataset_de,3,1,True,atelic,cross_validation
fasttext_wiki-de-align_dim-300.kvec,cross_lingual/captions_de.tsv,True,10,29306,telicity.util.data_util.get_telicity_dataset_de,3,1,True,telic,cross_validation

fasttext_wiki-de_dim-300.kvec,captions_de_common.tsv,True,10,29306,telicity.util.data_util.get_telicity_dataset_de,3,1,True,telic,cross_validation
fasttext_wiki-de-align_dim-300.kvec,captions_de_common.tsv,True,10,29306,telicity.util.data_util.get_telicity_dataset_de,3,1,True,telic,cross_validation





fasttext_wiki-de_dim-300.kvec,ms-coco-DE-Captions+Wikipedia.tsv,True,10,29306,telicity.util.data_util.get_telicity_dataset_de,3,1,True,cross_validation
fasttext_wiki-de_dim-300.kvec,ms-coco-DE-Captions+Wikipedia.tsv,True,10,29306,telicity.util.data_util.get_telicity_dataset_de,3,2,True,cross_validation
fasttext_wiki-de_dim-300.kvec,ms-coco-DE-Captions+Wikipedia.tsv,True,10,29306,telicity.util.data_util.get_telicity_dataset_de,0,1,True,cross_validation
fasttext_wiki-de_dim-300.kvec,ms-coco-DE-Captions+Wikipedia.tsv,True,10,29306,telicity.util.data_util.get_telicity_dataset_de,0,2,True,cross_validation
fasttext_wiki-de-align_dim-300.kvec,ms-coco-DE-Captions+Wikipedia.tsv,True,10,29306,telicity.util.data_util.get_telicity_dataset_de,3,1,True,cross_validation
fasttext_wiki-de-align_dim-300.kvec,ms-coco-DE-Captions+Wikipedia.tsv,True,10,29306,telicity.util.data_util.get_telicity_dataset_de,3,2,True,cross_validation
fasttext_wiki-de-align_dim-300.kvec,ms-coco-DE-Captions+Wikipedia.tsv,True,10,29306,telicity.util.data_util.get_telicity_dataset_de,0,1,True,cross_validation
fasttext_wiki-de-align_dim-300.kvec,ms-coco-DE-Captions+Wikipedia.tsv,True,10,29306,telicity.util.data_util.get_telicity_dataset_de,0,2,True,cross_validation


fasttext_wiki-de_dim-300.kvec,ms-coco-DE-Captions.tsv,True,10,29306,telicity.util.data_util.get_telicity_dataset_de,5,3,True,cross_validation
fasttext_wiki-de_dim-300.kvec,ms-coco-DE-Captions.tsv,True,10,29306,telicity.util.data_util.get_telicity_dataset_de,5,4,True,cross_validation
fasttext_wiki-de_dim-300.kvec,ms-coco-DE-Captions.tsv,True,10,29306,telicity.util.data_util.get_telicity_dataset_de,1,3,True,cross_validation
fasttext_wiki-de_dim-300.kvec,ms-coco-DE-Captions.tsv,True,10,29306,telicity.util.data_util.get_telicity_dataset_de,1,4,True,cross_validation
fasttext_wiki-de-align_dim-300.kvec,ms-coco-DE-Captions.tsv,True,10,29306,telicity.util.data_util.get_telicity_dataset_de,5,3,True,cross_validation
fasttext_wiki-de-align_dim-300.kvec,ms-coco-DE-Captions.tsv,True,10,29306,telicity.util.data_util.get_telicity_dataset_de,5,4,True,cross_validation
fasttext_wiki-de-align_dim-300.kvec,ms-coco-DE-Captions.tsv,True,10,29306,telicity.util.data_util.get_telicity_dataset_de,1,3,True,cross_validation
fasttext_wiki-de-align_dim-300.kvec,ms-coco-DE-Captions.tsv,True,10,29306,telicity.util.data_util.get_telicity_dataset_de,1,4,True,cross_validation
fasttext_wiki-de_dim-300.kvec,ms-coco-DE-Wikipedia.tsv,True,10,29306,telicity.util.data_util.get_telicity_dataset_de,3,1,True,cross_validation
fasttext_wiki-de_dim-300.kvec,ms-coco-DE-Wikipedia.tsv,True,10,29306,telicity.util.data_util.get_telicity_dataset_de,3,2,True,cross_validation
fasttext_wiki-de_dim-300.kvec,ms-coco-DE-Wikipedia.tsv,True,10,29306,telicity.util.data_util.get_telicity_dataset_de,0,1,True,cross_validation
fasttext_wiki-de_dim-300.kvec,ms-coco-DE-Wikipedia.tsv,True,10,29306,telicity.util.data_util.get_telicity_dataset_de,0,2,True,cross_validation
fasttext_wiki-de-align_dim-300.kvec,ms-coco-DE-Wikipedia.tsv,True,10,29306,telicity.util.data_util.get_telicity_dataset_de,3,1,True,cross_validation
fasttext_wiki-de-align_dim-300.kvec,ms-coco-DE-Wikipedia.tsv,True,10,29306,telicity.util.data_util.get_telicity_dataset_de,3,2,True,cross_validation
fasttext_wiki-de-align_dim-300.kvec,ms-coco-DE-Wikipedia.tsv,True,10,29306,telicity.util.data_util.get_telicity_dataset_de,0,1,True,cross_validation
fasttext_wiki-de-align_dim-300.kvec,ms-coco-DE-Wikipedia.tsv,True,10,29306,telicity.util.data_util.get_telicity_dataset_de,0,2,True,cross_validation