fasttext_wiki-en_dim-300.kvec,captions_en.tsv,True,10,29306,telicity.util.data_util.get_telicity_dataset_en,3,1,True,cross_validation
fasttext_wiki-en-align_dim-300.kvec,captions_en.tsv,True,10,29306,telicity.util.data_util.get_telicity_dataset_en,3,1,True,cross_validation

fasttext_wiki-en_dim-300.kvec,caption_annotations-en.csv,True,10,29306,telicity.util.data_util.get_telicity_dataset_en,4,3,True,cross_validation
fasttext_wiki-en_dim-300.kvec,caption_annotations-en.csv,True,10,29306,telicity.util.data_util.get_telicity_dataset_en,1,2,True,cross_validation
fasttext_wiki-en_dim-300.kvec,caption_annotations-en.csv,True,10,29306,telicity.util.data_util.get_telicity_dataset_en,1,3,True,cross_validation
fasttext_wiki-en-align_dim-300.kvec,caption_annotations-en.csv,True,10,29306,telicity.util.data_util.get_telicity_dataset_en,4,2,True,cross_validation
fasttext_wiki-en-align_dim-300.kvec,caption_annotations-en.csv,True,10,29306,telicity.util.data_util.get_telicity_dataset_en,4,3,True,cross_validation
fasttext_wiki-en-align_dim-300.kvec,caption_annotations-en.csv,True,10,29306,telicity.util.data_util.get_telicity_dataset_en,1,2,True,cross_validation
fasttext_wiki-en-align_dim-300.kvec,caption_annotations-en.csv,True,10,29306,telicity.util.data_util.get_telicity_dataset_en,1,3,True,cross_validation