{"find_restaurant": "tell the user how to find a restaurant",
 "book_restaurant": "tell the user how to book a restaurant",
 "find_train": "tell the user how to find a train",
 "find_hotel": "tell the user how to find a hotel",
 "book_hotel": "tell the user how to book a hotel",
 "find_taxi": "tell the user how to find a taxi",
 "book_train": "tell the user how to book a train",
 "find_attraction": "tell the user how to find an attraction",
 "find_hospital": "tell the user how to find a hospital",
 "find_police": "tell the user how to find a police",
 "find_bus": "tell the user how to find a bus"}