{"find_restaurant": "help the user to find a restaurant",
 "book_restaurant": "help the user to book a restaurant",
 "find_train": "help the user to find a train",
 "find_hotel": "help the user to find a hotel",
 "book_hotel": "help the user to book a hotel",
 "find_taxi": "help the user to find a taxi",
 "book_train": "help the user to book a train",
 "find_attraction": "help the user to find an attraction",
 "find_hospital": "help the user to find a hospital",
 "find_police": "help the user to find a police",
 "find_bus": "help the user to find a bus"}