{
  "find_restaurant": "does the user want to find a restaurant",
  "book_restaurant": "does the user want to book a restaurant",
  "find_train": "does the user want to find a train",
  "find_hotel": "does the user want to find a hotel",
  "book_hotel": "does the user want to book a hotel",
  "find_taxi": "does the user want to find a taxi",
  "book_train": "does the user want to book a train",
  "find_attraction": "does the user want to find an attraction",
  "find_hospital": "does the user want to find a hospital",
  "find_police": "does the user want to find a police",
  "find_bus": "does the user want to find a bus"
}
