fasttext_wiki-ar-multilingual-aligned_dim-300.kvec==fasttext_wiki-de-multilingual-aligned_dim-300.kvec==fasttext_wiki-fa-multilingual-aligned_dim-300.kvec==fasttext_wiki-ru-multilingual-aligned_dim-300.kvec==fasttext_wiki-tr-multilingual-aligned_dim-300.kvec==fasttext_wiki-zh-multilingual-aligned_dim-300.kvec,wiki_ar.tsv==wiki_de.tsv==wiki_fa.tsv==wiki_ru.tsv==wiki_tr.tsv==wiki_zh.tsv,telicity.util.data_util.get_telicity_dataset_ar==telicity.util.data_util.get_telicity_dataset_de==telicity.util.data_util.get_telicity_dataset_fa==telicity.util.data_util.get_telicity_dataset_ru_multi==telicity.util.data_util.get_telicity_dataset_tr==telicity.util.data_util.get_telicity_dataset_zh,0==0==0==0==0==0,1==1==1==1==1==1,True==True==True==True==True==True,True,train==train==train==train==train==test,telicity_cross_lingual-wiki_test-zh.vecds,atelic,tab
fasttext_wiki-zh-multilingual-aligned_dim-300.kvec==fasttext_wiki-ar-multilingual-aligned_dim-300.kvec==fasttext_wiki-de-multilingual-aligned_dim-300.kvec==fasttext_wiki-fa-multilingual-aligned_dim-300.kvec==fasttext_wiki-ru-multilingual-aligned_dim-300.kvec==fasttext_wiki-tr-multilingual-aligned_dim-300.kvec,wiki_zh.tsv==wiki_ar.tsv==wiki_de.tsv==wiki_fa.tsv==wiki_ru.tsv==wiki_tr.tsv,telicity.util.data_util.get_telicity_dataset_zh==telicity.util.data_util.get_telicity_dataset_ar==telicity.util.data_util.get_telicity_dataset_de==telicity.util.data_util.get_telicity_dataset_fa==telicity.util.data_util.get_telicity_dataset_ru_multi==telicity.util.data_util.get_telicity_dataset_tr,0==0==0==0==0==0,1==1==1==1==1==1,True==True==True==True==True==True,True,train==train==train==train==train==test,telicity_cross_lingual-wiki_test-tr.vecds,atelic,tab
fasttext_wiki-tr-multilingual-aligned_dim-300.kvec==fasttext_wiki-zh-multilingual-aligned_dim-300.kvec==fasttext_wiki-ar-multilingual-aligned_dim-300.kvec==fasttext_wiki-de-multilingual-aligned_dim-300.kvec==fasttext_wiki-fa-multilingual-aligned_dim-300.kvec==fasttext_wiki-ru-multilingual-aligned_dim-300.kvec,wiki_tr.tsv==wiki_zh.tsv==wiki_ar.tsv==wiki_de.tsv==wiki_fa.tsv==wiki_ru.tsv,telicity.util.data_util.get_telicity_dataset_tr==telicity.util.data_util.get_telicity_dataset_zh==telicity.util.data_util.get_telicity_dataset_ar==telicity.util.data_util.get_telicity_dataset_de==telicity.util.data_util.get_telicity_dataset_fa==telicity.util.data_util.get_telicity_dataset_ru_multi,0==0==0==0==0==0,1==1==1==1==1==1,True==True==True==True==True==True,True,train==train==train==train==train==test,telicity_cross_lingual-wiki_test-ru.vecds,atelic,tab
fasttext_wiki-ru-multilingual-aligned_dim-300.kvec==fasttext_wiki-tr-multilingual-aligned_dim-300.kvec==fasttext_wiki-zh-multilingual-aligned_dim-300.kvec==fasttext_wiki-ar-multilingual-aligned_dim-300.kvec==fasttext_wiki-de-multilingual-aligned_dim-300.kvec==fasttext_wiki-fa-multilingual-aligned_dim-300.kvec,wiki_ru.tsv==wiki_tr.tsv==wiki_zh.tsv==wiki_ar.tsv==wiki_de.tsv==wiki_fa.tsv,telicity.util.data_util.get_telicity_dataset_ru_multi==telicity.util.data_util.get_telicity_dataset_tr==telicity.util.data_util.get_telicity_dataset_zh==telicity.util.data_util.get_telicity_dataset_ar==telicity.util.data_util.get_telicity_dataset_de==telicity.util.data_util.get_telicity_dataset_fa,0==0==0==0==0==0,1==1==1==1==1==1,True==True==True==True==True==True,True,train==train==train==train==train==test,telicity_cross_lingual-wiki_test-fa.vecds,atelic,tab
fasttext_wiki-fa-multilingual-aligned_dim-300.kvec==fasttext_wiki-ru-multilingual-aligned_dim-300.kvec==fasttext_wiki-tr-multilingual-aligned_dim-300.kvec==fasttext_wiki-zh-multilingual-aligned_dim-300.kvec==fasttext_wiki-ar-multilingual-aligned_dim-300.kvec==fasttext_wiki-de-multilingual-aligned_dim-300.kvec,wiki_fa.tsv==wiki_ru.tsv==wiki_tr.tsv==wiki_zh.tsv==wiki_ar.tsv==wiki_de.tsv,telicity.util.data_util.get_telicity_dataset_fa==telicity.util.data_util.get_telicity_dataset_ru_multi==telicity.util.data_util.get_telicity_dataset_tr==telicity.util.data_util.get_telicity_dataset_zh==telicity.util.data_util.get_telicity_dataset_ar==telicity.util.data_util.get_telicity_dataset_de,0==0==0==0==0==0,1==1==1==1==1==1,True==True==True==True==True==True,True,train==train==train==train==train==test,telicity_cross_lingual-wiki_test-de.vecds,atelic,tab
fasttext_wiki-de-multilingual-aligned_dim-300.kvec==fasttext_wiki-fa-multilingual-aligned_dim-300.kvec==fasttext_wiki-ru-multilingual-aligned_dim-300.kvec==fasttext_wiki-tr-multilingual-aligned_dim-300.kvec==fasttext_wiki-zh-multilingual-aligned_dim-300.kvec==fasttext_wiki-ar-multilingual-aligned_dim-300.kvec,wiki_de.tsv==wiki_fa.tsv==wiki_ru.tsv==wiki_tr.tsv==wiki_zh.tsv==wiki_ar.tsv,telicity.util.data_util.get_telicity_dataset_de==telicity.util.data_util.get_telicity_dataset_fa==telicity.util.data_util.get_telicity_dataset_ru_multi==telicity.util.data_util.get_telicity_dataset_tr==telicity.util.data_util.get_telicity_dataset_zh==telicity.util.data_util.get_telicity_dataset_ar,0==0==0==0==0==0,1==1==1==1==1==1,True==True==True==True==True==True,True,train==train==train==train==train==test,telicity_cross_lingual-wiki_test-ar.vecds,atelic,tab

fasttext_wiki-ar-multilingual-aligned_dim-300.kvec==fasttext_wiki-de-multilingual-aligned_dim-300.kvec==fasttext_wiki-fa-multilingual-aligned_dim-300.kvec==fasttext_wiki-ru-multilingual-aligned_dim-300.kvec==fasttext_wiki-tr-multilingual-aligned_dim-300.kvec==fasttext_wiki-zh-multilingual-aligned_dim-300.kvec,captions_ar.tsv==captions_de.tsv==captions_fa.tsv==captions_ru.tsv==captions_tr.tsv==captions_zh.tsv,telicity.util.data_util.get_telicity_dataset_ar==telicity.util.data_util.get_telicity_dataset_de==telicity.util.data_util.get_telicity_dataset_fa==telicity.util.data_util.get_telicity_dataset_ru_multi==telicity.util.data_util.get_telicity_dataset_tr==telicity.util.data_util.get_telicity_dataset_zh,0==0==0==0==0==0,1==1==1==1==1==1,True==True==True==True==True==True,True,train==train==train==train==train==test,telicity_cross_lingual-captions_test-zh.vecds,telic,tab
fasttext_wiki-zh-multilingual-aligned_dim-300.kvec==fasttext_wiki-ar-multilingual-aligned_dim-300.kvec==fasttext_wiki-de-multilingual-aligned_dim-300.kvec==fasttext_wiki-fa-multilingual-aligned_dim-300.kvec==fasttext_wiki-ru-multilingual-aligned_dim-300.kvec==fasttext_wiki-tr-multilingual-aligned_dim-300.kvec,captions_zh.tsv==captions_ar.tsv==captions_de.tsv==captions_fa.tsv==captions_ru.tsv==captions_tr.tsv,telicity.util.data_util.get_telicity_dataset_zh==telicity.util.data_util.get_telicity_dataset_ar==telicity.util.data_util.get_telicity_dataset_de==telicity.util.data_util.get_telicity_dataset_fa==telicity.util.data_util.get_telicity_dataset_ru_multi==telicity.util.data_util.get_telicity_dataset_tr,0==0==0==0==0==0,1==1==1==1==1==1,True==True==True==True==True==True,True,train==train==train==train==train==test,telicity_cross_lingual-captions_test-tr.vecds,telic,tab
fasttext_wiki-tr-multilingual-aligned_dim-300.kvec==fasttext_wiki-zh-multilingual-aligned_dim-300.kvec==fasttext_wiki-ar-multilingual-aligned_dim-300.kvec==fasttext_wiki-de-multilingual-aligned_dim-300.kvec==fasttext_wiki-fa-multilingual-aligned_dim-300.kvec==fasttext_wiki-ru-multilingual-aligned_dim-300.kvec,captions_tr.tsv==captions_zh.tsv==captions_ar.tsv==captions_de.tsv==captions_fa.tsv==captions_ru.tsv,telicity.util.data_util.get_telicity_dataset_tr==telicity.util.data_util.get_telicity_dataset_zh==telicity.util.data_util.get_telicity_dataset_ar==telicity.util.data_util.get_telicity_dataset_de==telicity.util.data_util.get_telicity_dataset_fa==telicity.util.data_util.get_telicity_dataset_ru_multi,0==0==0==0==0==0,1==1==1==1==1==1,True==True==True==True==True==True,True,train==train==train==train==train==test,telicity_cross_lingual-captions_test-ru.vecds,telic,tab
fasttext_wiki-ru-multilingual-aligned_dim-300.kvec==fasttext_wiki-tr-multilingual-aligned_dim-300.kvec==fasttext_wiki-zh-multilingual-aligned_dim-300.kvec==fasttext_wiki-ar-multilingual-aligned_dim-300.kvec==fasttext_wiki-de-multilingual-aligned_dim-300.kvec==fasttext_wiki-fa-multilingual-aligned_dim-300.kvec,captions_ru.tsv==captions_tr.tsv==captions_zh.tsv==captions_ar.tsv==captions_de.tsv==captions_fa.tsv,telicity.util.data_util.get_telicity_dataset_ru_multi==telicity.util.data_util.get_telicity_dataset_tr==telicity.util.data_util.get_telicity_dataset_zh==telicity.util.data_util.get_telicity_dataset_ar==telicity.util.data_util.get_telicity_dataset_de==telicity.util.data_util.get_telicity_dataset_fa,0==0==0==0==0==0,1==1==1==1==1==1,True==True==True==True==True==True,True,train==train==train==train==train==test,telicity_cross_lingual-captions_test-fa.vecds,telic,tab
fasttext_wiki-fa-multilingual-aligned_dim-300.kvec==fasttext_wiki-ru-multilingual-aligned_dim-300.kvec==fasttext_wiki-tr-multilingual-aligned_dim-300.kvec==fasttext_wiki-zh-multilingual-aligned_dim-300.kvec==fasttext_wiki-ar-multilingual-aligned_dim-300.kvec==fasttext_wiki-de-multilingual-aligned_dim-300.kvec,captions_fa.tsv==captions_ru.tsv==captions_tr.tsv==captions_zh.tsv==captions_ar.tsv==captions_de.tsv,telicity.util.data_util.get_telicity_dataset_fa==telicity.util.data_util.get_telicity_dataset_ru_multi==telicity.util.data_util.get_telicity_dataset_tr==telicity.util.data_util.get_telicity_dataset_zh==telicity.util.data_util.get_telicity_dataset_ar==telicity.util.data_util.get_telicity_dataset_de,0==0==0==0==0==0,1==1==1==1==1==1,True==True==True==True==True==True,True,train==train==train==train==train==test,telicity_cross_lingual-captions_test-de.vecds,telic,tab
fasttext_wiki-de-multilingual-aligned_dim-300.kvec==fasttext_wiki-fa-multilingual-aligned_dim-300.kvec==fasttext_wiki-ru-multilingual-aligned_dim-300.kvec==fasttext_wiki-tr-multilingual-aligned_dim-300.kvec==fasttext_wiki-zh-multilingual-aligned_dim-300.kvec==fasttext_wiki-ar-multilingual-aligned_dim-300.kvec,captions_de.tsv==captions_fa.tsv==captions_ru.tsv==captions_tr.tsv==captions_zh.tsv==captions_ar.tsv,telicity.util.data_util.get_telicity_dataset_de==telicity.util.data_util.get_telicity_dataset_fa==telicity.util.data_util.get_telicity_dataset_ru_multi==telicity.util.data_util.get_telicity_dataset_tr==telicity.util.data_util.get_telicity_dataset_zh==telicity.util.data_util.get_telicity_dataset_ar,0==0==0==0==0==0,1==1==1==1==1==1,True==True==True==True==True==True,True,train==train==train==train==train==test,telicity_cross_lingual-captions_test-ar.vecds,telic,tab