,Caption,Lemma(ماده‌ی فعل), ,kind,Senetnce(جمله کامل),,agreement,وجه فعل (mood),Tense(حال/آینده‌ی/گذشته‌),Grammatical Aspect
515579,یک مرد وزنه را پرتاب می کند.,پرتاب کردن,c,noun+verb,1,T,0,گزارشی,حال,استمراری
515828,یک خانوم تنیس بازی می کند.,بازی کردن,c,noun+verb,1,A,0,گزارشی,حال,استمراری
515982,یک مرد توپ را می گیرد.,گرفتن,s,,1,A,0,گزارشی,حال,استمراری
516038,یک مرد می خواهد توپ را پرتاب کند.,پرتاب کردن,c,noun+verb,1,A,0,گزارشی,حال,استمراری
516143,یک اتوبوس در خیابان است.,بودن,s,,1,S,0,گزارشی,حال,ساده
516173,یک خانوم موج سوار به سمت دریا می رود.,رفتن,s,,1,A,0,گزارشی,حال,استمراری
516316,دو گورخر و یک گاو وحشی در کنار رودخانه می چرند.,چریدن,s,,1,A,0,گزارشی,حال,استمراری
516318,یک مرد موج سواری می کند.,کردن,s,,1,A,0,گزارشی,حال,استمراری
516601,اسکی بازان در بالای کوه پر از برف هستند.,بودن,s,,1,S,0,گزارشی,حال,ساده
516804,این ایستگاه اتوبوس قابل استفاده نیست.,بودن,s,,1,S,0,التزامی,حال,ساده
516916,پنج کامپیوتر روی میز کار است.,بودن,s,,1,A,0,گزارشی,حال,استمراری
517056,دو خانوم کیک را تقسیم می کنند.,تقسیم کردن,c,noun+verb,1,S,0,گزارشی,حال,ساده
517069,دو خانوم در ایستگاه اتوبوس هستند.,بودن,s,,1,S,0,گزارشی,حال,ساده
517523,یک هواپیما در آسمان است.,بودن,s,,1,S,0,گزارشی,حال,ساده
517832,یک سگ روی صندلی نشسته است.,نشستن,s,,1,A,0,گزارشی,حال,استمراری
518326,یک مرد صحنه نمایش را درست می کند.,درست کردن,c,noun+verb,1,A,0,گزارشی,حال,استمراری
518770,سه پسر و یک خانوم با نینتندو سوییچ  بازی می کنند.,بازی کردن,c,noun+verb,1,A,0,گزارشی,حال,استمراری
519039,یک کامیون در جاده حرکت می کند.,بازی کردن,c,noun+verb,1,A,0,گزارشی,حال,استمراری
519208,یک مرد با فیل صحبت می کند.,صحبت کردن,c,noun+verb,1,A,0,گزارشی,حال,استمراری
519611,یک خرس سفید دهانش را باز می کند.,باز کردن,c,noun+verb,1,A,0,گزارشی,حال,استمراری
519688,یک خانوم بچه خرس را در آغوش گرفته است.,در آغوش گرفتن,c,,1,A,0,گزارشی,حال,استمراری
519764,یک گربه روی صندلی نشسته است.,نشستن,s,,1,A,0,گزارشی,حال,استمراری
520264,یک مرد و یک زن در آشپزخانه لبخند می زنند.,لبخند زدن,c,noun+verb,1,A,0,گزارشی,حال,استمراری
520301,یک سگ از پنجره اتومبیل به بیرون نگاه می کند.,نگاه کردن,c,noun+verb,1,A,0,گزارشی,حال,استمراری
520531,یک گربه روی میز نشسته است.,نشستن,s,,1,A,0,گزارشی,حال,استمراری
520707,مسافران در ترمینال در رفت و آمد هستند.,بودن,s,,1,A,0,گزارشی,حال,استمراری
520832,یک مرد در پیاده رو  راه می رود.,راه رفتن,c,noun+verb,1,A,0,گزارشی,حال,استمراری
521141,عابران در پیاده رو قدم می زنند.,قدم زدن,c,noun+verb,1,A,0,گزارشی,حال,استمراری
521259,یک مرد بشقاب فریزبی را به سمت پسر پرتاب می کند.,پرتاب کردن,c,noun+verb,1,T,0,گزارشی,حال,ساده
521509,یک خانوم روی تخت اتاق خواب نشسته است.,نشستن,s,,1,A,0,گزارشی,حال,استمراری
521717,یک خانوم تنیس بازی می کند.,بازی کردن,c,noun+verb,1,A,0,گزارشی,حال,استمراری
521819,دختران و پسران فریزبی بازی می کنند.,بازی کردن,c,noun+verb,1,A,0,گزارشی,حال,استمراری
521956,یک مرد تنیس باز به توپ ضربه می زند.,ضربه زدن,c,noun+verb,1,T,0,گزارشی,حال,ساده
522393,دو مرد در میان دریا در قایق بادبانی هستند.,بودن,s,,1,A,0,گزارشی,حال,استمراری
522889,یک خانوم تنیس بازی می کند.,بازی کردن,c,noun+verb,1,A,0,گزارشی,حال,استمراری
523782,یک پرنده روی آینه ی اتومبیل است.,بودن,s,,1,S,0,گزارشی,حال,ساده
523811,یک پرنده روی یک تکه چوب نشسته است.,نشستن,s,,1,A,0,گزارشی,حال,استمراری
523957,یک مرد اسکیت برد بازی می کند.,بازی کردن,c,noun+verb,1,A,0,گزارشی,حال,استمراری
524456,یک خانوم با کامپیوتر تایپ می کند.,تایپ کردن,c,noun+verb,1,A,0,گزارشی,حال,استمراری
524850,مسافران هواپیما به سمت اتوبوس می روند.,رفتن,s,,1,T,0,گزارشی,حال,ساده
525155,یک مرد یک گوسفند را روی شانه هایش حمل می کند.,حمل کردن,c,noun+verb,1,A,0,گزارشی,حال,استمراری
525247,یک گربه به مانیتور کامپیوتر نگاه می کند.,نگاه کردن,c,noun+verb,1,A,0,گزارشی,حال,استمراری
525600,زرافه ها در باغ وحش هستند.,بودن,s,,1,S,0,گزارشی,حال,ساده
526103,یک فیل در باغ وحش است.,بودن,s,,1,S,0,گزارشی,حال,ساده
526706,یک گوساله شیر می خورد.,خوردن,s,,1,A,0,گزارشی,حال,استمراری
526728,یک مرد و یک خانوم با چمدان هایشان در خیابان هستند.,بودن,s,,1,S,0,گزارشی,حال,ساده
526751,یک قایق در ساحل است.,بودن,s,,1,S,0,گزارشی,حال,ساده
527029,یک مرد میوه فروش حرکات کششی انجام می دهد.,انجام دادن,c,noun+verb,1,A,0,گزارشی,حال,استمراری
527215,یک مرد در ساحل بادبادک بازی می کند.,بازی کردن,c,noun+verb,1,A,0,گزارشی,حال,استمراری
527427,یک خانوم با موبایل صحبت می کند.,صحبت کردن,c,noun+verb,1,A,0,گزارشی,حال,استمراری
527750,یک مرد در آشپزخانه آشپزی می کند.,آشپزی کردن,c,noun+verb,1,A,0,گزارشی,حال,استمراری
528314,یک اسکی باز در پیست اسکی راه می رود.,راه رفتن,c,noun+verb,1,A,0,گزارشی,حال,استمراری
528524,دو گوسفند در میان بوته ها هستند.,بودن,s,,1,S,0,گزارشی,حال,ساده
528862,زرافه ها در باغ وحش هستند.,بودن,s,,1,S,0,گزارشی,حال,ساده
529105,یک اسب روی زمین نشسته است.,نشستن,s,,1,A,0,گزارشی,حال,استمراری
529122,یک خانوم و پسر جوان شیرینی می خرند.,خریدن,s,,1,A,0,گزارشی,حال,استمراری
529148,یک پسر و یک دختر بازی کامپیوتری می کنند.,بازی کردن,c,noun+verb,1,S,0,گزارشی,حال,ساده
529762,یک مرد از بشقاب غذایش در رستوران عکس می گیرد.,عکس گرفتن,c,noun+verb,1,T,0,گزارشی,حال,ساده
530061,یک دختر خردسال غذا می خورد.,خوردن,s,,1,A,0,گزارشی,حال,استمراری
530162,یک خانواده در یک شب برفی در زیر یک چتر هستند.,بودن,s,,1,S,0,گزارشی,حال,ساده
530624,یک سگ در زیر لحاف خوابیده است.,خوابیدن,s,,1,A,0,گزارشی,حال,استمراری
530820,یک مرد تنیس بازی می کند.,بازی کردن,c,noun+verb,1,A,0,گزارشی,حال,استمراری
531707,چهار مرد سالمند روی نیمکت نشسته اند.,نشستن,s,,1,A,0,گزارشی,حال,استمراری
532058,یک پسر خردسال شیر می خورد.,خوردن,s,,1,A,0,گزارشی,حال,استمراری
532071,یک خرس در جنگل روی علف ها خوابیده است.,خوابیدن,s,,1,A,0,گزارشی,حال,استمراری
532481,یک مرد موج سواری با کایت می کند.,موج‌سواری کردن,c,noun+verb,1,A,0,گزارشی,حال,استمراری
532493,یک خانوم موج سواری  می کند.,موج‌سواری کردن,c,noun+verb,1,A,0,گزارشی,حال,استمراری
532575,یک سگ به دریا نگاه می کند.,نگاه کردن,c,noun+verb,1,A,0,گزارشی,حال,استمراری
532690,یک خانوم نیتندو  بازی می کند.,بازی کردن,c,noun+verb,1,A,0,گزارشی,حال,استمراری
532855,یک مرد اسکیت برد بازی می کند.,بازی کردن,c,noun+verb,1,A,0,گزارشی,حال,استمراری
533493,سه مرد فریزبی بازی می کنند.,بازی کردن,c,noun+verb,1,A,0,گزارشی,حال,استمراری
533536,یک گربه به تلویزیون نگاه می کند.,نگاه کردن,c,noun+verb,1,A,0,گزارشی,حال,استمراری
533816,بازیکن تنیس با داور صحبت می کند.,صحبت کردن,c,noun+verb,1,A,0,گزارشی,حال,استمراری
534041,یک خانوم به پسر خردسال ساندویچ سوسیس می دهد.,دادن,s,,1,T,0,گزارشی,حال,ساده
534270,دو  خانوم با یک سگ در ساحل هستند.,بودن,s,,1,S,0,گزارشی,حال,ساده
534827,یک گروه مردان موتورسوار در خیابان است.,بودن,s,,1,S,0,گزارشی,حال,ساده
535094,یک گاو یک قطعه یخ را بو می کشد.,بو کشیدن,c,noun+verb,1,T,0,گزارشی,حال,ساده
535156,یک فیل بزرگ خودش را به یک میله می مالد.,مالیدن,s,,1,A,0,گزارشی,حال,استمراری
535306,یک مرد اسکیت برد بازی می کند.,بازی کردن,c,noun+verb,1,A,0,گزارشی,حال,استمراری
535578,گوسفندان در مرتع می چرند.,چریدن,s,,1,A,0,گزارشی,حال,استمراری
535608,دو خانوم در ساحل شنی آفتاب می گیرند.,آفتاب گرفتن,c,noun+verb,1,A,0,گزارشی,حال,استمراری
535858,یک خانوم موج سواری می کند.,موج‌سواری کردن,c,noun+verb,1,A,0,گزارشی,حال,استمراری
536038,یک خانوم به یک کتاب نگاه می کند.,نگاه کردن,c,noun+verb,1,A,0,گزارشی,حال,استمراری
537153,دو نفر روی نیمکت کنار ساحل نشسته اند.,نشستن,s,,1,A,0,گزارشی,حال,استمراری
537270,دو خانوم و یک مرد با گوشی موبایل خود کار می کنند.,کار کردن,c,noun+verb,1,A,0,گزارشی,حال,استمراری
537506,چند خانوم به اتومبیل های تزیین شده با گل نگاه می کنند.,نگاه کردن,c,noun+verb,1,A,0,گزارشی,حال,استمراری
537827,دو مرد بیس بال بازی می کنند.,بازی کردن,c,noun+verb,1,A,0,گزارشی,حال,استمراری
537991,یک خانوم با دو گوشی موبایل کار می کند.,کار کردن,c,noun+verb,1,A,0,گزارشی,حال,استمراری
538067,افراد در بالای تپه کایت سواری را تماشا می کنند.,تماشا کردن,c,noun+verb,1,A,0,گزارشی,حال,استمراری
538364,پلیس موتورسیکلت سوار در خیابان است.,بودن,s,,1,S,0,گزارشی,حال,ساده
538458,یک مرد از اسکیت سوار فیلمبرداری می کند.,فیلم‌برداری کردن,c,noun+verb,1,A,0,گزارشی,حال,استمراری
539143,یک قطار روی ریل راه آهن است.,بودن,s,,1,S,0,گزارشی,حال,ساده
539445,یک قطار روی ریل حرکت می کند.,حرکت کردن,c,noun+verb,1,A,0,گزارشی,حال,استمراری
541773,یک مرد داخل لیوان شراب می ریزد.,ریختن,s,,1,A,0,گزارشی,حال,استمراری
542127,دو مرد اسکی بازی می کنند.,بازی کردن,c,noun+verb,1,A,0,گزارشی,حال,استمراری
542423,یک خانوم روی یک نیمکت نشسته است.,نشستن,s,,1,A,0,گزارشی,حال,استمراری
542625,یک کلاغ روی یک میله کنار خیابان نشسته است.,نشستن,s,,1,A,0,گزارشی,حال,استمراری
542776,یک پرنده روی لبه ی  یک کتاب نشسته است.,نشستن,s,,1,A,0,گزارشی,حال,استمراری
542856,یک اتوبوس در خیابان در حرکت است.,بودن,s,,1,A,0,گزارشی,حال,استمراری
543043,یک اتومبیل در کنار جاده پارک شده است.,بودن,s,,1,S,0,گزارشی,حال,ساده
543528,یک هواپیما در آسمان است.,بودن,s,,1,S,0,گزارشی,حال,ساده
543581,یک سگ و یک گربه در اتاق نشیمن است.,بودن,s,,1,S,0,گزارشی,حال,ساده
544444,یک مرد اسکی بازی می کند.,بازی کردن,c,noun+verb,1,A,0,گزارشی,حال,استمراری
544519,یک دختر خردسال مسواک می زند.,مسواک زدن,c,noun+verb,1,A,0,گزارشی,حال,استمراری
544811,دو مرغ دریایی در بالای دریا پرواز می کنند.,پرواز کردن,c,noun+verb,1,A,0,گزارشی,حال,استمراری
545100,یک مرد از ساختمان های شهر عکسبرداری می کند.,عکس‌برداری کردن,c,noun+verb,1,A,0,گزارشی,حال,استمراری
545129,سه گورخر در باغ وحش هستند.,بودن,s,,1,S,0,گزارشی,حال,ساده
545219,مسافران بیرون از اتوبوس هستند.,بودن,s,,1,S,0,گزارشی,حال,ساده
545407,یک هواپیما در آسمان پرواز می کند.,پرواز کردن,c,noun+verb,1,A,0,گزارشی,حال,استمراری
545594,یک مرد داخل اتوبوس ایستاده است.,ایستادن,s,,1,S,0,گزارشی,حال,ساده
545730,گله گورخر ها از میان رودخانه عبور می کنند.,عبور کردن,c,noun+verb,1,A,0,گزارشی,حال,استمراری
545958,یک گاو در کنار دیوار خانه ایستاده است.,ایستادن,s,,1,S,0,گزارشی,حال,ساده
546219,زنان و مردان دور یک میز با هم نشسته اند.,نشستن,s,,1,S,0,گزارشی,حال,ساده
546475,یک مرد از خودش و دختر نوازادش عکس می گیرد.,عکس‌برداری کردن,c,noun+verb,1,A,0,گزارشی,حال,استمراری
546556,گله گوسفندان در مرتع استراحت می کند.,استراحت کردن,c,noun+verb,1,A,0,گزارشی,حال,استمراری
546659,یک قطار روی ریل راه آهن در حرکت است.,بودن,s,,1,A,0,گزارشی,حال,استمراری
546717,یک خانوم با کامپیوتر کار می کند.,کار کردن,c,noun+verb,1,A,0,گزارشی,حال,استمراری
546829,یک سگ روی نیمکت نشسته است.,نشستن,s,,1,A,0,گزارشی,حال,استمراری
546976,یک مرد سوار موتور سیکلت است.,بودن,s,,1,S,0,گزارشی,حال,ساده
547336,یک خانوم به سمت بالا نگاه می کند.,نگاه کردن,c,noun+verb,1,A,0,گزارشی,حال,استمراری
547383,دو گوسفند روی زمین نشسته اند.,نشستن,s,,1,S,0,گزارشی,حال,ساده
547502,چهار سگ با هم بازی می کنند.,بازی کردن,c,noun+verb,1,A,0,گزارشی,حال,استمراری
547519,یک خرس در جنگل است.,بودن,s,,1,S,0,گزارشی,حال,ساده
547854,یک دختر خردسال غذا می خورد.,خوردن,s,,1,S,0,گزارشی,حال,ساده
547886,چهار مرد در ساحل اسب سواری می کنند.,اسب‌سواری کردن,c,noun+verb,1,A,0,گزارشی,حال,استمراری
548246,چهار مرد در میدان تنیس با هم صحبت می کنند.,صحبت کردن,c,noun+verb,1,A,0,گزارشی,حال,استمراری
548267,گوسفندان در مرتع می چرند.,چریدن,s,,1,A,0,گزارشی,حال,استمراری
548339,یک مرد بیس بال بازی می کند.,بازی کردن,c,noun+verb,1,A,0,گزارشی,حال,استمراری
548524,یک مرد موج سواری می کند.,موج‌سواری کردن,c,noun+verb,1,A,0,گزارشی,حال,استمراری
548780,دو خانوم روی نیمکت نشسته اند.,نشستن,s,,1,A,0,گزارشی,حال,استمراری
549055,یک مرد موج سواری می کند.,موج‌سواری کردن,c,noun+verb,1,A,0,گزارشی,حال,استمراری
549220,یک سگ روی اسکیت برد است.,بودن,s,,1,S,0,گزارشی,حال,ساده
549390,یک گروه دوچرخه سواری می کنند.,دوچرخه‌سواری کردن,c,noun+verb,1,S,0,گزارشی,حال,ساده
549930,یک خانوم و یک مرد با چتر زیر باران قدم می زنند.,قدم زدن,c,noun+verb,1,A,0,گزارشی,حال,استمراری
550349,یک اتوبوس در ایستگاه است.,بودن,s,,1,S,0,گزارشی,حال,ساده
550691,یک اتوبوس دو طبقه در خیابان است.,بودن,s,,1,S,0,گزارشی,حال,ساده
550714,یک دختر خردسال یک موز می خورد.,خوردن,s,,1,A,0,گزارشی,حال,استمراری
551215,یک خانوم تنیس بازی می کند.,بازی کردن,c,noun+verb,1,A,0,گزارشی,حال,استمراری
551439,یک خانوم در دستش یک کتاب است.,بودن,s,,1,S,0,گزارشی,حال,ساده
551794,یک موتورسیکلت سوار در کنار جاده است.,بودن,s,,1,S,0,گزارشی,حال,ساده
551804,یک خانوم تنیس بازی می کند.,بازی کردن,c,noun+verb,1,A,0,گزارشی,حال,استمراری
551815,یک گربه روی گربه دیگر خوابیده است.,خوابیدن,s,,1,S,0,گزارشی,حال,ساده
551820,مرد تنیس باز به توپ ضربه می زند.,ضربه زدن,c,noun+verb,1,A,0,گزارشی,حال,استمراری
552612,گله گوسفندان در مرتع می چرند.,چریدن,s,,1,A,0,گزارشی,حال,استمراری
552775,یک مرد در فر شیرینی می پزد.,پختن,s,,1,A,0,گزارشی,حال,استمراری
552842,یک مرد بیس بال بازی می کند.,بازی کردن,c,noun+verb,1,A,0,گزارشی,حال,استمراری
552902,یک گوره خر علف می خورد.,خوردن,s,,1,A,0,گزارشی,حال,استمراری
553094,یک هواپیمای جت در آسمان پرواز می کند.,پرواز کردن,c,noun+verb,1,A,0,گزارشی,حال,استمراری
553669,یک مرد روی نیمکت پارک با کامپیوتر کار می کند.,کار کردن,c,noun+verb,1,A,0,گزارشی,حال,استمراری
553731,یک مرد با موبایل صحبت می کند.,صحبت کردن,c,noun+verb,1,A,0,گزارشی,حال,استمراری
553776,یک مرد موتورسیکلت سوار در جاده حرکت می کند.,حرکت کردن,c,noun+verb,1,A,0,گزارشی,حال,استمراری
553788,یک خانوم با کامپیوتر کار می کند.,کار کردن,c,noun+verb,1,A,0,گزارشی,حال,استمراری
553990,یک سوارکار با اسب از روی یک مانع می پرد.,پریدن,s,,1,T,0,گزارشی,حال,ساده
554002,یک سگ در خیابان است.,بودن,s,,1,S,0,گزارشی,حال,ساده
554156,یک مرد تنیس بازی می کند.,بازی کردن,c,noun+verb,1,A,0,گزارشی,حال,استمراری
554266,دو نفر روی تخت اتاق خواب دراز کشیده اند.,دراز کشیدن,c,noun+verb,1,A,0,گزارشی,حال,استمراری
554291,یک گربه از داخل سطل بیرون می پرد.,پریدن,s,,1,A,0,گزارشی,حال,استمراری
554328,مربی با دو بازیکن بیس بال صحبت می کند.,صحبت کردن,c,noun+verb,1,A,0,گزارشی,حال,استمراری
554579,سه خانوم و یک سگ در کنار درخت کریسمس هستند.,بودن,s,,1,S,0,گزارشی,حال,ساده
554595,یک مرد موج سوار در ساحل دراز کشیده است.,دراز کشیدن,c,noun+verb,1,A,0,گزارشی,حال,استمراری
555005,یک سگ روی تخت خوابیده است.,خوابیدن,s,,1,S,0,گزارشی,حال,ساده
555050,یک اتومبیل از چهاراه عبور می کند.,عبور کردن,c,verbal noun+verb,1,A,0,گزارشی,حال,استمراری
556000,سه پسر با نینتندو  سوییچ بازی می کنند.,بازی کردن,c,noun+verb,1,A,0,گزارشی,حال,استمراری
556158,یک مرد اسکی بازی می کند.,بازی کردن,c,noun+verb,1,A,0,گزارشی,حال,استمراری
556765,یک فیل از رودخانه خارج می شود.,خارج شدن,c,noun+verb,1,S,0,گزارشی,حال,ساده
557672,یک خانوم از چتر استفاده می کند.,استفاده کردن,c,noun+verb,1,S,0,گزارشی,حال,ساده
557916,یک دختر خردسال به عروسک خرس تدی نگاه می کند.,نگاه کردن,c,noun+verb,1,A,0,گزارشی,حال,استمراری
558114,بازیکنان تیم بسکتبال وارد زمین بازی می شوند.,وارد شدن,c,noun+verb,1,A,0,گزارشی,حال,استمراری
558213,یک مرد اسکیت برد بازی می کند.,بازی کردن,c,noun+verb,1,A,0,گزارشی,حال,استمراری
558421,یک قطار روی ریل راه آهن در حرکت است.,بودن,s,,1,S,0,گزارشی,حال,ساده
559099,یک گله گاو در مرتع می چرد.,چریدن,s,,1,A,0,گزارشی,حال,استمراری
559160,یک مرد اسکیت برد بازی می کند.,بازی کردن,c,noun+verb,1,A,0,گزارشی,حال,استمراری
559348,چهار مرد بیس بال بازی می کنند.,بازی کردن,c,noun+verb,1,A,0,گزارشی,حال,استمراری
559543,یک دختر خردسال با نینتندو سوییچ بازی می کند.,بازی کردن,c,noun+verb,1,A,0,گزارشی,حال,استمراری
559842,پسران خردسال فوتبال بازی می کنند.,بازی کردن,c,noun+verb,1,A,0,گزارشی,حال,استمراری
559956,یک خانوم به شاخ های گوسفند دست می زند.,دست زدن,c,noun+verb,1,A,0,گزارشی,حال,استمراری
560266,دو خرس توی آب با هم دعوا می کنند.,دعوا کردن,c,noun+verb,1,A,0,گزارشی,حال,استمراری
560880,دو اسب مزرعه را شخم می زنند.,شخم زدن,c,noun+verb,1,A,0,گزارشی,حال,استمراری
560911,یک مرد یک گوشی موبایل در دستانش است.,بودن,s,,1,S,0,گزارشی,حال,ساده
561223,یک مرد موج سواری می کند.,موج‌سواری کردن,c,noun+verb,1,A,0,گزارشی,حال,استمراری
561256,یک خانوم با دوربین عکاسی می کند.,عکاسی کردن,c,noun+verb,1,A,0,گزارشی,حال,استمراری
562121,دو گورخر با هم مبارزه می کنند.,مبارزه کردن,c,noun+verb,1,A,0,گزارشی,حال,استمراری
562207,دو توریست در کنار فیل و فیل بان در کنار رودخانه هستند.,بودن,s,,1,S,0,گزارشی,حال,ساده
562229,یک پسر خردسال اسکیت بازی می کند.,بازی کردن,c,noun+verb,1,A,0,گزارشی,حال,استمراری
562243,یک مرد به یک نقطه خیره شده است.,خیره شدن,c,noun+verb,1,A,0,گزارشی,حال,استمراری
562443,سه گورخر در باغ وحش هستند.,بودن,s,,1,S,0,گزارشی,حال,ساده
562448,یک اتوبوس در خیابن در حرکت است.,بودن,s,,1,S,0,گزارشی,حال,ساده
562561,دو سگ توی حیاط هستند.,بودن,s,,1,S,0,گزارشی,حال,ساده
562581,یک مرد تنیس بازی می کند.,بازی کردن,c,noun+verb,1,A,0,گزارشی,حال,استمراری
562818,اسکی بازان در بالای کوه پر از برف هستند.,بودن,s,,1,S,0,گزارشی,حال,ساده
563267,دو مرد در کلاس به صفحه پروژکتور نگاه می کنند.,نگاه کردن,c,noun+verb,1,A,0,گزارشی,حال,استمراری
563281,پسر خردسال به یک سی دی نگاه می کند.,نگاه کردن,c,noun+verb,1,A,0,گزارشی,حال,استمراری
563349,یک مرد اسکی با کایت می کند.,اسکی کردن,c,noun+verb,1,A,0,گزارشی,حال,استمراری
563470,یک خانوم به چوب بیس بال تکیه داده است.,تکیده دادن,c,noun+verb,1,A,0,گزارشی,حال,استمراری
563603,چهار زرافه در باغ وحش هستند.,بودن,s,,1,S,0,گزارشی,حال,ساده
563648,یک مرد اسکیت برد بازی می کند.,بازی کردن,c,noun+verb,1,A,0,گزارشی,حال,استمراری
563702,سه ماشین آتش نشانی در خیابان است.,بودن,s,,1,S,0,گزارشی,حال,ساده
564091,یک خانوم دستفروش با موبایل صحبت می کند.,صحبت کردن,c,noun+verb,1,A,0,گزارشی,حال,استمراری
564133,گله فیل ها با هم حرکت می کنند.,حرکت کردن,c,noun+verb,1,A,0,گزارشی,حال,استمراری
564280,یک سگ روی مبل نشسته است.,نشستن,s,,1,A,0,گزارشی,حال,استمراری
564336,یک مرد در رستوران با کامپیوتر کار می کند.,کار کردن,c,noun+verb,1,A,0,گزارشی,حال,استمراری
565391,یک گربه روی کاپوت اتومبیل خوابیده است.,خوابیدن,s,,1,A,0,گزارشی,حال,استمراری
565624,دو فیل توی حصار هستند.,بودن,s,,1,S,0,گزارشی,حال,ساده
565778,یک قطار وارد تونل می شود.,وارد شدن,c,noun+verb,1,A,0,گزارشی,حال,استمراری
565853,یک مرد به تلویزیون نگاه می کند.,نگاه کردن,c,noun+verb,1,A,0,گزارشی,حال,استمراری
565877,یک خانوم لبخند می زند.,لبخند زدن,c,noun+verb,1,A,0,گزارشی,حال,استمراری
565962,یک گربه از پشت پنجره نگاه می کند.,نگاه کردن,c,noun+verb,1,A,0,گزارشی,حال,استمراری
566282,دو مرد در خیابان فوتبال بازی  می کنند.,بازی کردن,c,noun+verb,1,A,0,گزارشی,حال,استمراری
566436,یک مرد روی لبه ی نیمکت نشسته است.,نشستن,s,,1,A,0,گزارشی,حال,استمراری
566524,یک قطار روی ریل راه آهن حرکت می کند.,حرکت کردن,c,noun+verb,1,A,0,گزارشی,حال,استمراری
566558,اتوبوس مدرسه کنار جاده است.,بودن,s,,1,S,0,گزارشی,حال,ساده
567011,یک مرد موج سواری  می کند.,موج‌سواری کردن,c,noun+verb,1,S,0,گزارشی,حال,ساده
567432,یک هواپیما در آسمان پرواز می کند.,پرواز کردن,c,noun+verb,1,A,0,گزارشی,حال,استمراری
567640,مردان جوان فوتبال بازی می کنند.,بازی کردن,c,noun+verb,1,S,0,گزارشی,حال,ساده
567740,دو نفر در بالای کوه اسکی بازی می کنند.,بازی کردن,c,noun+verb,1,S,0,گزارشی,حال,ساده
569825,یک مرد بیس بال بازی می کند.,بازی کردن,c,noun+verb,1,A,0,گزارشی,حال,استمراری
569972,یک مرد موج سواری با بادبان می کند.,موج‌سواری کردن,c,noun+verb,1,A,0,گزارشی,حال,استمراری
569976,یک فرد موهای دختر خردسال را با سشوار خشک می کند.,خشک کردن,c,adjective+verb,1,A,0,گزارشی,حال,استمراری
570456,یک مرد کیک را تقسیم می کند.,تقسیم کردن,c,noun+verb,1,T,0,گزارشی,حال,ساده
570471,یک مرد از پنجره اتوبوس به بیرون نگاه می کند.,نگاه کردن,c,noun+verb,1,A,0,گزارشی,حال,استمراری
570539,یک فرد به دو گربه غذا می دهد.,دادن,s,,1,A,0,گزارشی,حال,استمراری
571008,یک مرد در کنار موتور سیکلت است.,بودن,s,,1,S,0,گزارشی,حال,ساده
571313,سه مرد لبخند می زنند.,لبخند زدن,c,noun+verb,1,A,0,گزارشی,حال,استمراری
571598,یک مرد موز می فروشد.,فروختن,s,,1,T,0,گزارشی,حال,ساده
572388,یک خرس سفید به آب رودخانه نزیک می شود.,نزدیک شدن,c,noun+verb,1,T,0,گزارشی,حال,ساده
572408,یک قطار روی ریل حرکت می کند.,حرکت کردن,c,noun+verb,1,A,0,گزارشی,حال,استمراری
572462,یک مرد اسکیت برد بازی می کند.,بازی کردن,c,noun+verb,1,A,0,گزارشی,حال,استمراری
572555,یک مرد فریزبی بازی می کند.,بازی کردن,c,noun+verb,1,A,0,گزارشی,حال,استمراری
572956,یک زن اسکی بازی می کند.,بازی کردن,c,noun+verb,1,A,0,گزارشی,حال,استمراری
573008,یک خرس در جنگل راه می رود.,راه رفتن,c,noun+verb,1,A,0,گزارشی,حال,استمراری
573391,یک مرد اسب سواری می کند.,اسب‌سواری کردن,c,noun+verb,1,A,0,گزارشی,حال,استمراری
574297,یک مرد موج سواری می کند.,موج‌سواری کردن,c,noun+verb,1,A,0,گزارشی,حال,استمراری
574425,یک گربه از پشت پنجره به بیرون نگاه می کند.,نگاه کردن,c,noun+verb,1,A,0,گزارشی,حال,استمراری
574520,یک مرد بیس بال بازی می کند.,بازی کردن,c,noun+verb,1,A,0,گزارشی,حال,استمراری
574702,یک پسر خردسال با نینتندو  سوییچ بازی می کند.,بازی کردن,c,noun+verb,1,A,0,گزارشی,حال,استمراری
574810,یک مرد به زرافه غذا می دهد.,دادن,s,,1,A,0,گزارشی,حال,استمراری
574823,یک هواپیما از روی باند فرودگاه بلند می شود.,بلند شدن,c,noun+verb,1,A,0,گزارشی,حال,استمراری
575081,یک مرد با چتر در پیاده رو راه می رود.,راه رفتن,c,noun+verb,1,A,0,گزارشی,حال,استمراری
575187,یک سگ می دود.,دویدن,s,,1,A,0,گزارشی,حال,استمراری
575500,یک زن اسکی بازی می کند.,بازی کردن,c,noun+verb,1,A,0,گزارشی,حال,استمراری
575815,یک زن سوار بر اسب است.,بودن,s,,1,S,0,گزارشی,حال,ساده
575970,یک مرد اسکیت برد بازی می کند.,بازی کردن,c,noun+verb,1,A,0,گزارشی,حال,استمراری
576031,یک مرد در ساحل چتربال سواری می کند.,چترسواری کردن,c,noun+verb,1,A,0,گزارشی,حال,استمراری
576052,یک مرد اسب سواری می کند.,اسب‌سواری کردن,c,noun+verb,1,A,0,گزارشی,حال,استمراری
576566,چهار گورخر در جاده است.,بودن,s,,1,S,0,گزارشی,حال,ساده
576654,یک پرنده روی لبه ی نیمکت نشسته است.,نشستن,s,,1,S,0,گزارشی,حال,ساده
577784,سه نفر فوتبال بازی می کنند.,بازی کردن,c,noun+verb,1,A,0,گزارشی,حال,استمراری
577862,یک فرد بادبادک هوا می کند.,هوا کردن,c,noun+verb,1,A,0,گزارشی,حال,استمراری
577976,بچه ها با نینتندو  سوییچ بازی می کنند.,بازی کردن,c,noun+verb,1,A,0,گزارشی,حال,استمراری
578236,یک خانوم باردار  در رختخواب کتاب می خواند.,خواندن,s,,1,A,0,گزارشی,حال,استمراری
578500,یک دختر خردسال غذا می خورد.,خوردن,s,,1,A,0,گزارشی,حال,استمراری
578967,قطار روی ریل راه آهن حرکت می کند.,حرکت کردن,c,noun+verb,1,A,0,گزارشی,حال,استمراری
579158,یک هواپیمای مسافربری بارگیری می کند.,بارگیری کردن,c,noun+verb,1,A,0,گزارشی,حال,استمراری
579655,یک فرد با موبایل صحبت می کند.,صحبت کردن,c,noun+verb,1,A,0,گزارشی,حال,استمراری
579902,یک موتورسوار در خیابان حرکت می کند.,حرکت کردن,c,noun+verb,1,A,0,گزارشی,حال,استمراری
580418,چهار گاو در خیابان حرکت می کنند.,حرکت کردن,c,noun+verb,1,A,0,گزارشی,حال,استمراری
581062,یک مرد اسکیت برد بازی می کند.,بازی کردن,c,noun+verb,1,A,0,گزارشی,حال,استمراری