,Caption,,Source
,اهمیتش آن است که وب‌گاه غلط است.,s,wikipedia
,کارگردانی آن به عهده جورج گالو و نویسندگی آن را گالو و اندی وایس انجام دادند.,t,wikipedia
,قالون اصالتاً از مردم روم بوده‌است و پدر پدربزرگش از مردمان روم بوده‌است که در زمان عمر بن خطاب به اسارت درآمده بود.,s,wikipedia
,این فرودگاه در کشور ایالات متحده آمریکا قرار دارد و در ارتفاع ۱۰۹ متری از سطح دریا واقع شده است.,s,wikipedia
,دیلر از مراکز بهائیان ارومیه بوده‌است.,s,wikipedia
,چیزی که مورت را می‌ترساند این است که متوجه می‌شود ماجراهای داستانش کم‌کم به زندگی‌اش راه می‌یابد.,t,wikipedia
,در تاریخ، این عنوان معمولاً به دو جنگ بسیار عظیم که در قرن بیستم اتفاق افتاد، یعنی «جنگ جهانی اول» و «جنگ جهانی دوم»، اطلاق می‌شود.,t,wikipedia
,بنابراین، دیدگاه‌های جدیدی که دخالت مؤثرتر دولت در امور زیربنایی در بخش‌های آب، برق و انرژی را ضروری می‌دانست؛ همچنان سبب به وجود آمدن طیف وسیعی از دستگاه‌های اجرایی موازی و مشترک گردید که به نحوی به مسئله تأمین برق و آب (آشامیدنی، کشاورزی و سایر مصارف) مشغول بودند.,t,wikipedia
,امروزه قراردادهای سواپ جزء مهمترین قراردادهای مالی مورد استفاده در دنیا می‌باشند.,a,wikipedia
,او ریاست برنامه پیوند قلب و ریه دانشگاه UCLA را نیز به عهده دارد.,a,wikipedia
,این شهرک طبق سرشماری سال ۲۰۱۰ میلادی، ۱٬۸۷۳ نفر جمعیت داشته و مساحت آن نیز ۱٫۵ کیلومتر مربع است.,s,wikipedia
,وی در سال ۱۹۹۳ برای رمان   بازی نیاکان   و در سال ۲۰۰۳ برای کتاب   سفر به سرزمین سنگ   جایزه مایلز فرانکلین را دریافت کرد.,t,wikipedia
,یک سری چیزها مثل نقض حق تکثیر انعطاف‌پذیری نیست.,s,wikipedia
,ناوان ۴۲ متر بالاتر از سطح دریا واقع شده‌است.,s,wikipedia
,قریه‌ای است در یک فرسنگی جنوب اسپاس.,s,wikipedia
,این فرودگاه در شهر نورث، کارولینای جنوبی کشور ایالات متحده آمریکا قرار دارد و در ارتفاع ۹۸ متری از سطح دریا واقع شده است.,s,wikipedia
,با این حال برخی افراد ریش ستاری را مورد انتقاد قرار می‌دهند از جمله محمدباقر شریعتی کسانی را که در کنار موی بیتلی و قیافه هیپی، ریش ستاری می‌گذارند را مورد انتقاد قرار داده است.,a,wikipedia
,در این رابطه GMD فاصلهٔ متوسط هندسی هادی‌ها و GMR شعاع متوسط هندسی هادی‌ها است.,s,wikipedia
,برای بدست آوردن [c[x ابتدا متغیر sum را برابر [tree[x قرار می‌دهیم، سپس بیت آخر x را حذف می‌کنیم و sum را با[tree[x جمع می‌کنیم، همین کار را تکرار می‌کنیم تا x برابر ۰ شود.,a,wikipedia
,این من بودم که کار مداوم با اکسل و دغدغه‌های ذهنمی‌ام اعصاب کار با اکسل را از من گرفت و به نوعی دلم را زد.,t,wikipedia
,ارزن انگشتی، انواع لوبیا، عدس، بزرک در اتیوپی پرورش داده می‌شد.,t,wikipedia
,او به فارسی، اردو، و سندی شعر سروده اما بیشتر اشعار او به فارسی است.,s,wikipedia
,با استفاده از معادلات حالت، چون پنگ رابینسون (Peng Robinson) یا روش مشارکت گروهی (group contribution) می‌توان دمای بحرانی یا دیگر ویژگی‌ها همچون چگالی را با دقت بالا به دست آورد.,a,wikipedia
,سایر گونه‌های موشی که برخی اوقات در تحقیقات آزمایشگاهی مورد استفاده قرار می‌گیرند، شامل  موش پاسفید آمریکایی  (Peromyscus leucopus) و  موش آهو  (Peromyscus maniculatus) هستند.,s,wikipedia
,لایدار مشابه رادار است که بعضی اوقات نیز رادار لیزری نامیده می‌شود.,a,wikipedia
,در این گروه از بیماری‌های نادر نقص در یک ژن (که اغلب به صورت یک صفت مغلوب به ارث می‌رسد) موجب تولید نشدن صحیح یک آنزیم ضروری جهت متابولیزه کردن موکوپلی ساکاریدهای غیرضروری می‌شود.,s,wikipedia
,با اشغال ایران توسط روسیه و بریتانیا و خلع رضاشاه در ۲۵ شهریور ۱۳۲۰، فضای سیاسی به شدت بهبود یافت.,t,wikipedia
,این بخش دارای یک شهر (شباب) و دو دهستان به نام‌های دهستان بیجنوند و دهستان قلعه است.,s,wikipedia
,مادربزرگ او (از طرف پدری) مهاجر آلبانی به ترکیه است.,s,wikipedia
,پس از آن، عرفات از اردن خارج شد و به قاهره رفت که در آنجا رئیس‌جمهور مصر ناصر او را پذیرا شد.,s,wikipedia
,بارکلی-کینگستون ۷٫۴ کیلومتر مربع مساحت و ۱۰٬۷۲۸ نفر جمعیت دارد.,a,wikipedia
,برای مثال در هنگام غلبه بر یک دهکده، تبدیل کردن آن به قلعه یا مکان مذهبی دولت اسپانیا به راحتی نسخه اصلی نیست و مشکلتر شده‌است.,s,wikipedia
,مشتقاتی مثل QA4  Conniver  QLISP و Ether (نگاه کنید به جامعه علمی Metaphor) در دهه 1970 ابزارهای مهمی در تحقیقات هوش مصنوعی بودند، که البته در تحولات اقتصادی مانند KEE و ART تأثیرگزار بودند.,t,wikipedia
,فلزیاب آنتنی که با شرایط مدار فانکشن ژنراتور ساخته می‌شود می‌تواند چند نوع فلز خاص مانند طلا، مس، برنز و آلومینیوم را تشخیص داده و مشخص نماید و فلزیاب آنتنی فانکشن ژنراتور در ارسال امواج توانائی داشته و در دریافت مدار خاص رادار برای تفکیک طبق اصول عملکرد با جدول وی دی ای اسکال VDI SCALE واکنش از انعکاس انرژی فرکانس را ندارد و تشخیص آلیاژ فلزات یا خطای عملکرد اپراتور دست یافتنی نمی‌باشد.,t,wikipedia
, غورغشتی    (به انگلیسی: Ghorghushti) یک منطقهٔ مسکونی در پاکستان است که در ناحیه اتک واقع شده‌است.,s,wikipedia
,گمینا تژچیانا ۴۴٫۰۹ کیلومتر مربع مساحت و ۵٬۰۴۴ نفر جمعیت دارد.,s,wikipedia
, کالمانهازا ( Kálmánháza) یک منطقهٔ مسکونی در مجارستان است که در زابولکس-زاتمار-بریج واقع شده‌است.,s,wikipedia
,هر کدام از ما باید به تغییرهای مهم زندگی‌امان نگاه کنیم و به معنای واقعی آن‌ها پی ببریم.,a,wikipedia
,گفتنی است نام این درخت در زبان تلوگو (سومین زبان بزرگ هند) بادام چتو (Badam chettu) و در زبان فرانسوی (Badamier)است که هر دو برگرفته از زبان فارسی است.,s,wikipedia
,چالش کفرگویی Blasphemy Challenge پروژه‌ای اینترنتی است که از مردم می‌خواهد ویدیوهایی از خود در رد کردن روح‌القدس در یوتیوب بارگذاری کنند.,s,wikipedia
,طبری در ادامه آورده‌است که سپس بابک، شاه محلی پارس که گوچهر نام داشت را سرنگون ساخت و پسرش شاپور را به‌جای وی گماشت.,s,wikipedia
,Pyaari یتیم است که توسط مردان کاران ربوده شده‌است.,s,wikipedia
,یك ایرانی دیگر به نام رضا كه تابعیت انگلستان را گرفته، به عنوان نماینده این كشور در مسابقه ها حضور دارد.,s,wikipedia
,در محصولات شاخص، این موسیقی‌ها با فیلم عرضه می‌گردید.,a,wikipedia
,آخرین افغان‌های غیر مسلمان کافرستان در شمال کابل به اجبار به اسلام گرویدند.,t,wikipedia
,عبارت   Henophidia   برگرفته از زبان یونانی است که   Heno   به معنی   یک   یا   اولیه   و   phidia   به معنی   مار   است در نتیجه کل عبارت به معنی   مارهای اولیه   یا   مارهای کهن   است (در مقابل واژهٔ   Caenophidia کائنوفیدیا   که به معنی   مارهای اخیر   است).,s,wikipedia
, توفکچی اوغلو، پلاتلی    (به لاتین: Tüfekçioğlu  Polatlı) یک منطقهٔ مسکونی در ترکیه است که در پولاتلی واقع شده‌است.,s,wikipedia
,از طرف دیگر جایزه مهتاب میرزایی در این چهار سال به افراد سرشناس و مهمی اهداء شده است.,s,wikipedia
,وی بازیگر فیلم‌هایی همچون دکتر هو بوده است.,s,wikipedia
,این نوع از نشت نامطلوب است چرا که جریان را از طریق مسیر جایگزین می‌تواند باعث آتش‌سوزی، نویز RF یا برق گرفتگی شود.,t,wikipedia
,بعد از مطرح شدن مفاهیم دقیق نوام چامسکی در زمینه زبان‌شناسی دو روش مختلف برای رسیدن از جمله به معنا مطرح شد.,t,wikipedia
,پرسکاتشه ۴٫۹۲ کیلومتر مربع مساحت و ۱۰۶ نفر جمعیت دارد و ۳۶۶ متر بالاتر از سطح دریا واقع شده‌است.,s,wikipedia
, سارالترف (به فرانسوی: Sarraltroff) یک کمون در فرانسه است که در Canton of Fénétrange واقع شده‌است.,s,wikipedia
,ناحیه زانکت پولتن-لاند ۱۲۸٬۹۹۹ نفر جمعیت دارد.,s,wikipedia
,   پیکان سیاه      نام یک کتاب ادبی است که توسط آنتوان چخوف، نویسندهٔ اهل روسیه نوشته شده‌است.,s,wikipedia
,وبلاگ از وب‌نوشت بسیار رایج‌تر است.,a,wikipedia
,در حال حاضر هم او دوباره صفحه را خنثی‌سازی کرده و علت را مطالب مقاله خودشان منبع داشتند.,t,wikipedia
,در معماری کامپیوتر پیش‌بینی انشعاب (Branch prediction) تکنولوژی ای است که در آن به کمک مدارهای دیجیتالی به نام پیش بینی گرها (branch predictors) سعی می‌شود حدس زده شود که یک برنچ (مثلاً یک ساختار شرطی) به چه راهی خواهد رفت.,t,wikipedia
,:هر روز شاهد تغییرات زیادی در ویکی پدیای فارسی هستیم ، اغلب کاربران تنها با اضافه کردن یک نقطه در تازه ترین ویرایش سعی در به نام کردن ویرایش نهایی به نام خود را دارند ، گرچه خودم ویرایش مختصر می کنم اما همانند ویرایش صفحه کاله آمل که عنوان قهرمانی جام باشگاه های آسیا ذکر نشده و فراموش شده بود.,t,wikipedia
,پیر فلیکس گاتاری (به فرانسوی: Pierre-Félix Guattari) (زاده ۳۰ آوریل ۱۹۳۰ – درگذشته ۲۹ اوت ۱۹۹۲) روانشناس، فیلسوف و فعال پسامارکسیست فرانسوی است.,s,wikipedia
, پارامتری ممکن است به یکی از موارد زیر اشاره داشته باشد:,s,wikipedia
, الینگسهاوزن (به آلمانی: Ellingshausen) یک شهر در آلمان است که در اشمالکالدن-ماینینگن واقع شده‌است.,s,wikipedia
,عامل این خطا، تغییرات ناشی از دما در ارتفاعات بالاتر می‌باشد.,a,wikipedia
,اگر ویکی‌واژه تاکنون مدخلی دربارهٔ آن واژه یا اصطلاح ندارد (که بعید به نظر می‌رسد)، «مقالهٔ» ویکی‌پدیا را با چسباندن (انتقال به ویکی‌واژه) برای منتقل شدن به ویکی‌واژه مشخص کنید.,t,wikipedia
,در دنیای امروز آراستگی ظاهر به عنوان یک اصل، اجبار و برای همه مردم مطرح است.,s,wikipedia
,اگر f یک تابع با دامنه U از فضای حقیقی n بعدی به R باشد و همچنین f در نقطه دلخواه x عضو U دارای مشتقات پیوسته تا مرتبه سوم باشد، میتوان نوشت:,t,wikipedia
,رادیو ورزش از اول تا هشتم تیرماه ۱۳۷۸ به صورت آزمایشی پخش شد و از ۹ تیر ماه، همزمان با میلاد پیامبر اسلام، رسماً افتتاح شد و از ۲۲ بهمن ۱۳۷۸ به پخش ۱۶ ساعت برنامه پرداخت و هم‌اکنون، پخش آن به ۲۴ ساعت در روز ارتقا یافته‌است.,t,wikipedia
, فرایشت (Freist) یک منطقهٔ مسکونی در آلمان است که در گرب‌اشتت واقع شده‌است.,t,wikipedia
,بهرحال من با تشکر بسیار از پیشنهاد کاوه عزیز، فعلاً از کاندیدا شدن برای مدیری خودداری می‌کنم زیرا فکر می‌کنم وقت و شرایط کنونی ام اجازه چنین مسئولیتی نمی‌دهد.,t,wikipedia
,درباره قاچاق کرم و روایات و افسانه‌های مربوط به او در ایران و قفقاز، سیروس سعدوندیان، محقق و نویسنده برجسته ایرانی، کتابی به همین نام نوشته که در سال ۱۳۸۰ خورشیدی انتشار یافته‌است.,t,wikipedia
,در دوران قدیم زمین‌شناسی به صورت صمغ از درختان کاج مخروطی شکل به نام (پیتوس-سوکسینیفرا) خارج شده و پس از خشک و سخت شدن به صورت فسیل و سنگ درآمده‌است.,t,wikipedia
,سفرنامهٔ تاورنیه به زبان فارسی ترجمه شده و با مشخصات زیر به چاپ رسیده‌است:,t,wikipedia
,این فهرست مختصری از کسانی است که خداانگار (دادارباور) شناخته شده‌اند، این عقیده باور به خدا بر اساس الهیات طبیعی است.,t,wikipedia
,البته این دم غیر از نیش‌زدن، وظیفه حفظ تعادل عقرب را نیز برعهده دارد.,t,wikipedia
,پس از درگذشت وی از طرف رضا زنجانی که مسؤول مالی عبدالکریم حائری یزدی (مؤسس حوزه علمیه قم) و وکیل شرعی آیت‌الله میلانی بود، مأمور می‌شود که ماهانه ۱۵۰ تومان به خانواده وی پرداخت کند.,t,wikipedia
,دو رهبر مسائل مربوط به مبارزه با تروریسم و جنگ در سوریه را مورد بحث قرار دادند، اما برخی موضوعات دیگر را که اختلاف داشتند، به ویژه تجارت، مهاجرت و تغییرات آب و هوا، را مسکوت گذاشتند.,t,wikipedia
,فیلم‌های فراطبیعی ترسناک قدمت بالایی در تاریخ سینما دارند و از دهه ۴۰ تلاش‌هایی جدی برای ساخت این آثار شکل گرفت.,t,wikipedia
,تا تمامی بلوچها بتوانند درین کشور آزادانه زندگی کنند.,t,wikipedia
,در روایت ملی هوشنگ مؤسس نخستین سلسلهٔ پیشدادی است که متضمن تمام پادشاهان تا اوزو است.,s,wikipedia
,یک وجب از آسمان فیلمی ایرانی است به کارگردانی و نویسندگی علی وزیریان تولید شده در سال ۱۳۸۷ که برای اولین بار در بیست و هفتمین جشنواره بین‌المللی فیلم فجر به نمایش درآمد.,t,wikipedia
,این امر خطر صدمه را کاهش می‌دهد.,a,wikipedia
,زمین‌های کامرانیه از گذشته عموماً باغ‌منزل‌هایی وسیع بوده‌است و علی‌رغم چند مرحله تفکیک املاک، ابعاد زمین‌ها نسبت به محله‌های پیرامون همچنان بزرگتر است.,s,wikipedia
,اول محرم این سال برابر با چهاردهم سپتامبر سال ۱۳۰۱ میلادی است.,s,wikipedia
,فریدریش روزن در سال ۱۸۵۶ در لایپزیگ به دنیا آمد.,t,wikipedia
,جمعیت این شهر بر اساس سرشماری سال ۲۰۰۸ میلادی ۶۲٬۰۴۰ نفر و بر اساس برآوردهای سال ۲۰۰۹ میلادی ۶۲٬۲۳۹ نفر می‌باشد.,a,wikipedia
,اسپانیا در بازی‌های المپیک تابستانی ۱۹۶۰ که در شهر رم برگزار شد، کاروان اسپانیا با ۱۴۴ ورزشکار در این رقابت‌ها شرکت کرد و موفق به کسب ۱ مدال (۰ طلا، ۰ نقره، ۱ برنز) شد.,s,wikipedia
,او در ترکیه اعلام کرد که وکیلش نسرین ستوده به او خبر داده که دادگاه برای او حکم ۲ سال تعزیری و ۱۸ سال تعلیقی صادر کرده‌است.,t,wikipedia
,شیف به شدت به بقیه یهودیان پایبند بود و منابع مالی زیادی برای کمک به آنها اعطاء کرد.,t,wikipedia
,وی مدرک کارشناسی خود را از کالج هَوفورد در سال ۱۹۵۹ و مدرک دکتری خود را از دانشگاه هاروارد در سال ۱۹۶۵ دریافت کرد.,t,wikipedia
,نمونه‌ای از یک tag cloud حاوی ۳۰ تا ۱۵۰ برچسب است.,s,wikipedia
,در آنجا هم امیدوارند که این ۱۳۸ (بسیار بیشتر از این تعداد) مدیر غیرفعال روزی به ویکی‌پدیا بازگردند.,s,wikipedia
,اِئوخِنیو مارتین ((Eugenio Martín)؛ زادهٔ ۱۹۲۵) یک کارگردان، و فیلم‌نامه‌نویس اهل اسپانیا است.,s,wikipedia
,عجیب است از فضول خواندن نامیده شدنتان این‌گونه عصبانی شده‌اید (و البته شکایت هم کرده‌اید و از آن زمان هم دائم تکرار می‌کنید) ولی به راحتی به دیگران می‌گویید به تو ربطی ندارد، به تو مربوط نمی‌شود و ...,t,wikipedia
,با ارائه ی مدرک از ویکی فا به مدیران ارشد ویکیپدیا شکایت میکنیم تا به این موضوع رسیدگی کنند.,a,wikipedia
,قطع کردن دست کارگران به بدنامی بین المللی منجر شد.,t,wikipedia
,با این وجود، تک شاخ اصلی، یک اسب نجیب رام نشدنی بود که ریشی بز مانند، دمی چون شیر، و سمی شکافته داشت.,t,wikipedia
,در سال ۱۹۸۲ برندهٔ پیراهن امتیازی جیرو شد و در سال ۱۹۸۳ تور ترنتینو را فتح کرد.,t,wikipedia
,من در حین ویرایش مقاله بودم.,t,wikipedia
,این ماموریت دومین ماموریت شاتل دیسکاوری بود.,t,wikipedia
,او یکی از بازیکنان تیم ملی آمریکا در قهرمانی جهان ۲۰۱۴ ایتالیا بود که موفق به کسب عنوان قهرمانی و مدال طلا شد.,s,wikipedia
,Naughton را از آن خود کرد.,t,wikipedia
,در حال حاضر این سرویس در ایران به دلیل اینکه عموم شماره تلفن‌های ثابت توسط شرکت مخابرات ایران ارائه می‌شود، وجود ندارد.,t,wikipedia
,با مردم کم چیز و نوکیسه و… معامله مکن.,t,wikipedia
,در مورد بخش فوتبال رده‌های سنی مختلف مردان و زنان هم نظرم به توضیح یک خطی برای هر رده سنی و به تفکیک جنسیت بود ولی اگر هنوز می‌خواهید این بخش را به صورت نمودار درآورید، من هم مشتاقم زودتر ببینم.,t,wikipedia
,سردارافخم پس از دیدن معز السلطان به سمت دستشویی گریخت، در درگیری بین این دو معز السلطان گوشهٔ جامهٔ سرداری سردار افخم را گرفت و آن دو با هم گلاویز شدند تا آن که سردار افخم در حال گریز توسط آتش گلولهٔ یکی از گرجی‌ها نقش بر زمین شد.,t,wikipedia
,برای درمان فرونشاننده طولانی مدت عفونت عود کننده، مقدار ۴۰۰ میلی‌گرم دو بار در روز یا ۲۰۰ میلی‌گرم ۵–۳ بار در روز و به مدت حداکثر ۲ ماه مصرف می‌شود.,s,wikipedia
,ثابتی با بیان اینکه مطالب بهمن نادری‌پور (تهرانی بازجوی ساواک) در دادگاهش دروغ است و او این حرف‌ها را زده که زنده بماند و رژیم از بیم آنکه بعداً پشیمان شود و حرفهایش را پس بگیرد، اعدامش کرده‌است، در صفحه ۲۵۷ کتاب در دامگه حادثه می‌گویند:,t,wikipedia
,گرچه بعدها گفت: «اینکه بازیگرها دربارهٔ سیاست صحبت می‌کنند مرا ناراحت می‌کند.,t,wikipedia
,او در سال ۶۲۹ ق در میافارقین اقامت کرد و   نفثةالمصدور   را در آنجا نوشت.,t,wikipedia
,مثل دعوایی که بین پرتغالی‌ها و گالیسیایی‌ها رخ داد و اکنون گالیسیایی ویکی‌پدیایی برای خودش ایجاد کرده با ۱۳۰ هزار مقاله.,t,wikipedia
,این نشریه آشوری زبان با نام زاهر یرادی باهرا که در زبان آشوری به معنای اشعه روشنای است در سال ۱۲۶۵ قمری برابر ۱۸۴۹ میلادی توسط جاستین پرکینز آمریکایی منتشر شد.,t,wikipedia
,علی‌رضا منصوریان بازیکن سابق باشگاه فوتبال استقلال تهران و تیم ملی فوتبال ایران بود، وی سرمربی تیم ملی زیر ۲۲ سال و آنالیزور تیم ملی فوتبال ایران نیز بوده‌است.وی برای باشگاه‌های مختلفی از جمله پارس خودرو، استقلال تهران، آپولون اسمیرنیس و سن پائولی بازی کرده است و لقب او در میان هواداران استقلال علی منصور است.,t,wikipedia
,پدر و مادرش در سال ۱۹۷۹ از هم جدا شدند.,t,wikipedia
,البته بندر انزلی حسابش جدا است، چون نام شهرْ انزلی است و بندر تنها بندر بودنش را می‌رساند.,a,wikipedia
,یا “دیدن حقیقتی که به صورت عادت درآمده است”.,s,wikipedia
,آشپزخانه، اتاق نشیمن یا اتاق کار از بهترین جاها هستند.,s,wikipedia
,سراب بابا احمد در فاصله ۱۸ کیلومتری مرکز شهرستان و در نزدیکی روستای سرداب سفلی قرار دارد.,s,wikipedia
,در این ویدئو آنانیموس از رسانه‌ها انتقاد می‌کند که چرا برخی جنیه‌های اعتراضات علیه کلیسای ساینتولوژی را بازتاب نمی‌دهند.,a,wikipedia
,بر این اساس وقتی نورالهی از بالای درخت زندگی به پایین سرازیر شد باعث شکست ظروفی که این نور در آن‌ها قرار می‌گرفت شد و تکه‌های این ظروف در دنیا پخش شدند.,a,wikipedia
, برگ (Berg) یک منطقهٔ مسکونی در اتریش است که در نیدراسترایش واقع شده‌است.,s,wikipedia
,استان خوزستان و پلدختر در استان لرستان می‌باشد، که در واقع این تقسیمات ییلاقی و قشلاقی در گذشته انجام می‌شد، ولی امروزه اکثرأ افراد این طایفه، همچون سایر طوایف ایل بختیاری، در هر دو بخش ساکن می‌باشند.,t,wikipedia
,این نوع رویکرد بسیار مهم است، به خصوص در تجزیه و تحلیل استدلال‌های گفتاری و نوشته شده.,t,wikipedia
,پیشنهاد می‌کنم یک الگوی خلاصه‌وار برای آن طراحی کنیم و فقط مسائلی را که برای یک تازه وارد مهم است در آن بگنجانیم.,a,wikipedia
,زادگاه این پرنده قاره آفریقا است و از آن جا به سایر نقاط جهان برده شده‌است.,t,wikipedia
, پادگان به جایی گفته می‌شود که گروهی از سربازان و تجهیزات برای نگهداری آن مکان در آن مستقر شده‌اند.,t,wikipedia
,در ۹۱۶ میلادی لوکاندوس به یک تم ارتقاء یافت.,t,wikipedia
,مهم‌تر آنکه، شکل مسابقات انتخابی بارها بین سال‌های ۲۰۰۳ تا ۲۰۰۶ تغییر یافت.,t,wikipedia
, گوندولا (به ایتالیائی: gondola) یک نوع بلم و قایق پاروئی باریک و دراز است که بیشتر در شهر ونیز ایتالیا برای جابجایی افراد و بارها استفاده می‌شود.,a,wikipedia
,سده سوم و چهرم هجری را اوج هنر سفالگری در نیشابور بوده‌است و نیشابور مهم‌ترین مرکز هنر و صنعت سفال گری در ایران و خراسان در این دوره بوده‌است.,s,wikipedia
,یکی از استدلال‌های موافقان انتقال پاس به همدان، کم تماشاگر بودن این تیم در تهران و داشتن هوادار در صورت انتقال به همدان بود.,s,wikipedia
,کاربران و دوستان گرامی، با درود به تلاش همگی شما برای هرچه غنی‌ترکردن دانشنامه ویکی‌پدیا و حراست از آن، من نیز در راستای کمک به این اهداف، درخواست دسترسی به ویکی‌بانی را می‌دهم و امیدوارم بتوانم بهتر از قبل به حفظ دانشنامه کمک کنم.,s,wikipedia
,اهمیت این مساله در این است که این یکی را علم می کنند و می گویند همه اش این طور است.,s,wikipedia
,او سعی می‌کرد که دستورهای لائو تزو را انتشار دهد.,s,wikipedia
,حضور بهائیان آمریکایی ساکن در ایران موجب شد تا زنان بهائی ایرانی هشیار شوند و توانایی‌هایی را که قبلاً به آن فکر نکرده بودند کشف کنند.,t,wikipedia
,آن‌ها توابعی هستند که بر روی یک زیر مجموعهٔ باز از صفحهٔ مختلط C تعریف شده‌اند با مقادیری در C که در هر نقطه مشتق مختلط دارند.,s,wikipedia
,اسپهبدان حاکمانی مستقل بوده و صاحب حکومتی خودمختار بودند.,t,wikipedia
,در ۸ آگوست ۲۰۰۷، سازمان جهانی حقوق بشر از یاهو به دلیل رد و بدل اطلاعات (ایمیل و آدرس IP) با دولت چین که سبب دستگیری نویسندگان و مخالفان شد شکایت کرد.,t,wikipedia
,رویکرد کوپ به طور جدی در جهت تأثیرگذاری از طریق آموزش، منابع و حمایت از اعضا، همراه با تقویت بحث های حرفه ای در جامعه علمی است.,s,wikipedia
,فصل پنجم و سری جدید برنامه چرخ، پس از خداحافظی گروه قبلی با گروه، تیم تولید و مجریان جدید به سردبیری محمد جباری از 16 تیر 97 دوباره شروع به‌کار کرد.,t,wikipedia
,"نقیب زاده هر دو سخنرانی را ترجمه نموده و با اضافه کردن مقدمه‌ای مفصل از ریمون آرون در مورد شخصیت و آثار ماکس وبر، این مجموعه را تحت عنوان ""  دانشمند و سیاستمدار  "" منتشر کرده است.",t,wikipedia
,در برخی از نقاط جهان، دریاچه‌های فراوانی به علت الگوهای زه کشی بی نظم، که از آخرین عصر یخبندان باقی مانده، به وجود آمده‌اند.,t,wikipedia
,فکر می کنم لازم باشد به یک نظام در این مورد برسیم.,t,wikipedia
,سالاماتوف (Salamatof) شهری در بخش شبه‌جزیره کنای ایالت آلاسکا است که جمعیت آن در سرشماری سال ۲۰۰۰ میلادی ۹۵۴ نفر بوده‌است.,t,wikipedia
,وقتی که مایه سفت شد آن را برمی‌دارند و در یک ظرف تخت یا چند پیاله می‌ریزند تا خنک شود.,t,wikipedia
,این نویسندگان همچنین پیشنهاد می‌کنند که این تراوشات باید به دید نقد قابل تأمل علمی دیده شوند.,t,wikipedia
,وی پس از کنسرواتوار ژنو به تحصیل در کنسرواتوار برلین پرداخت و در سال ۱۳۰۹ فارغ‌التحصیل شد.,t,wikipedia
,پالایش گروهی به کاوش روش‌هایی می‌پردازد که افراد باعلاقه‌های یکسان را باهم تطابق می‌دهند و بر این اساس به ارائه توصیه می‌پردازد,t,wikipedia
,از فیلم‌های معروف او می‌توان به بازی در فیلم   آستریکس در بازی‌های المپیک   اشاره کرد.,t,wikipedia
,BQP برای مدت زیادی به عنوان یک مسئله سخت محاسباتی شناخته می‌شد.,t,wikipedia
,جریان توربولانس باعث عدم ماند مواد معلق می‌شود.,a,wikipedia
,او کوچکترین پسر یک تاجر بزرگ پارچه اهل شانگ‌های بود.,t,wikipedia
,این قرارگاه در وبسایت رسمی خود استراتژی جدیدی برای خود تعریف نموده از قول سردار رستم قاسمی اعلام داشته که: این قرار گاه قصد دارد با صرف نظر از پروژه‌های کوچک و متوسط، عهده‌دار اجرای پروژه‌های بزرگ عمرانی در کشور شود و با ایجاد فضای رقابت قیمت پروژه‌های بزرگ اقتصادی را واقعی کرده و در پروژه‌های بزرگ همانند فاز ۱۵ و ۱۶ پارس جنوبی جایگزین شرکت‌های بزرگ خارجی در عرصه سازندگی شود.,t,wikipedia
,لایه اپیدرمی بالا دارای ضخامت حدود 0.1-0.2 میلی‌متر است و عمدتاً از کراتینوسیت‌ها تشکیل می‌شود که تنها از شبکه مویرهٔ مجاور اولیه تشکیل شده‌است.,s,wikipedia
,بعبارت دیگر مجموعهٔ این نظریه‌ها بدنبال شناخت و تبیین رفتارهای جامعه پیرامون تقاضای پول و نحوهٔ تأثیرپذیری آن از متغیرهای اقتصادی یا تأثیرگذاری آن بر رفتار این متغیرها می‌باشد.,a,wikipedia
,در نهایت در ۲۱ نوامبر ۱۹۸۷ کنگره آمریکا ریگان را مسئول همه اشتباهات مک‌فارلین معرفی کرد.,t,wikipedia
,در تاریخ سه شنبه ۲۴اسفند ۱۳۱۶ یک فروند از هواپیماهای این شرکت در نخستین ماموریت خود عازم بغداد شد.,s,wikipedia
,وی حاشیه بر کفایه آخوند خراسانی و نهایه طوسی نگاشت.,t,wikipedia
,روسها می‌بایستی الزاماً سه نفره و پشت سر هم فرمان حمله را صادر کنند.,a,wikipedia
,این وظایف شامل کنترل گردش و اعلام سررسید می‌شدند.,a,wikipedia
,در سال ۲۰۰۶ او برای رهبری حزب جمهوریخواه در مجلس نمایندگان تلاش کرد که رقابت را به جان بینر از اهایو واگذار کرد.,t,wikipedia
,در یوگا چهار گام برای رسیدن به   چرخه‌شکنی   لازم است: خدمت بی‌چشمداشت به آفریدگان، عشق خودزداینده، نیروی تشخیص مطلق، و استغراق «شاهانه» در مراقبه.,t,wikipedia
,اخیراً کارشناسان قدمت تنه یک درخت کهن پسته – در روستای اسماعیل‌آباد زرند را به بیش از 400 سال تخمین زده‌اند,t,wikipedia
,هم‌چنین این سریال، بسیاری از هنرپیشگان و افراد معروف را مجذوب خود کرده‌است.,s,wikipedia
,اَبَرصدساله به شخص کهنسالی گفته می‌شود که ۱۱۰ سال یا بیشتر عمر کرده باشد.,a,wikipedia
,ناصرالدین آلپ غازی، والی شهر، به مذاکره پرداخت و وانمود کرد که از جانب معزالدین محمد اجازه انعقاد صلح را دارد؛ بدین ترتیب قرار شد که غوریان به خراسان تجاوز نکنند و خوارزمشاهیان نیز به غور حمله نکنند و همچنین آلپ غازی متعهد شد مالی را به خوارزمشاه پرداخت کند.,a,wikipedia
,استراحتگاه اسکی، استراحتگاه کوهستانی و استراحتگاه آبگرم نمونه‌های دیگر هستند.,s,wikipedia
,در کنار ساختمان حمام سردشت، یک حمام دیگر متعلق به دوره قاجار قرار دارد.,s,wikipedia
,همزمان با عقب‌نشینی عثمانی‌ها از دمشق در سال ۱۹۱۸م؛ بر اثر پیروزی مبارزان عرب با همکاری انگلیس در برابر عثمانی‌ها او به نیابت از شریف حسین (رهبر قیام پیروز شده بر عثمانی با نام انقلاب بزرگ عربی)، خود را به عنوان رئیس حکومت عربی در سوریه اعلام کرد.,t,wikipedia
,بسیاری از بناهای عصر سلجوقی و ایلخانی با گچبری تزیین شده‌اند.,t,wikipedia
,فصل ۱۰ این کتاب دربارهٔ اشتغال، بازار کار و امنیت ملی و فصل ۱۱ در خصوص مسئله فرار سرمایه انسانی و امنیت ملی می‌باشد.,s,wikipedia
,همین الان مقاله را نگاه کنید.,a,wikipedia
,آزار ممکن است طوری طراحی شده باشد که به‌طور غیرمستقیم توسط قربانی دریافت شود و او را هدف قرار دهد، بی‌اینکه مکالمهٔ مستقیمی بین مهاجم و قربانی برقرار شده باشد.,s,wikipedia
,این فرهنگ‌ها مهارت‌های نسبتاً پیشرفته داشتند: آن‌ها کشت، طلا و نقره کاری، سفالگری، متالورژی، و بافندگی را توسعه دادند.,t,wikipedia
,قرارداد تأمین تجهیزات دو واحد توربوژنراتور گازی نیروگاه الصدر عراق میان شرکت صانیر- عامران افق عراق، به عنوان کارفرما و گروه مپنا در ۲۲ خرداد ۱۳۸۷ منعقد شد.,s,wikipedia
,بدین ترتیب هر عنصری که جستجو می‌شود در صورتی که عنصر ابتداییِ فهرست نباشد با عنصر پیش از خود جابه‌جا می‌شود تا اولویت آن افزایش پیدا کند.,t,wikipedia
,کشش جایگزینی (نام کامل نرخ نهایی جایگزینی تخصیص نسبی) بر نرخ بهره واقعی تأثیر می‌گذارد.,a,wikipedia
,سپس نخستین آلبوم خود تحت عنوان   نی‌زن بر دروازه‌های سپیده‌دم   را عرضه کردند که اثری موفقیت‌آمیز بود و باعث شهرت آن‌ها شد.,s,wikipedia
,در واقع موجودات چهارپای خشکی‌زی از ماهی به وجود آمده و حدود ۴۰۰ میلیون سال پیش روی زمین گام نهادند.,a,wikipedia
,پس از ترور وی، دولت تونس طی بیانیه‌ای از احیای سازمان اطلاعات ملی این کشور خبر داد.,t,wikipedia
,آمار برگرفته از مرکز ملی آمار (ایتالیا) می‌باشد.,a,wikipedia
,حکومت منطقه‌ای شمال شرق حکومت صلاح الدین را اداره می‌کرد,a,wikipedia
,در ۱۹۹۹ دیگر شرکت‌ها نیز به این مراسم پیوستند.,t,wikipedia
,گروهی از محققان بر این باورند که این مقبره بن علی بن مهزیار تعلق ندارد؛ زیرا او در شهر اهواز مدفون است رضا احمدی بجنوردی، محقق تاریخ جاجرم، در مقاله‌ای ضمن تلاش برای اثبات تعلق این مقبره به علی بن مهزیار اهوازی، علت پیش آمدن این تردید را چنین بیان داشته‌است: «تشابه اسمی بین علی بن مهزیار و علی بن ابراهیم بن مهزیار و نیز ذکر برخی از احادیث با کلمهٔ قال ابن مهزیار باعث به اشتباه افتادن بعضی از علمای رجال شده و هر دو نفر را یکی دانسته‌اند.,t,wikipedia
,این سامانه با انتقال مدیریت ذخیره‌سازی به لایه ای مستقل، ایستایی سیستم و زمان سرویس دهی مفید بیشتری را ارایه می‌نماید.,a,wikipedia
,در این بازی یک نفر به حالت خمیده و دست بر زانو (رکوع) می‌ایستد و در فاصله کمی قبل از وی یک لنگه گیوه به عنوان دال (نشان) قرار داده می‌شود.,a,wikipedia
,و   پوسترزدگی   که از چند سال قبل دربارهٔ آن بحث شده بود، دنبال کرد.,t,wikipedia
,او خبرنگار یک روزنامه روستایی شد و بعدها به خبرنگار روزنامه عصر ایالتی هرالد در ملبورن تبدیل شد، او به عنوان گزارشگر و منتقد در دفاتر ملبورن و سیدنی فعالیت می‌کرد.,t,wikipedia
,او در سال ۱۳۶۳ در بنیاد فارابی و سپس در واحد تأمین فیلم‌های خارجی صدا و سیما مشغول به کار شد.,s,wikipedia
,چنانچه مطابق ماده ۳۹ منشور سازمان ملل متحد: شورای امنیت وجود هرگونه تهدید علیه صلح، نقض صلح، یا عمل تجاوز را احراز و توصیه‌هایی خواهد نمود یا تصمیم خواهد گرفت که برای حفظ یا اعاده صلح و امنیت بین‌المللی به چه اقداماتی برطبق مواد ۴۱ و ۴۲ باید مبادرت شود.,t,wikipedia
,  قلعه بیگ یک روستا در ایران است که در استان فارس واقع شده‌است.,a,wikipedia
,بر اساس مجموعه‌ای از نظریات، بازارهای مالی در زمان‌های خاصی از سال آبستن تغییرات قابل توجه در قیمت هستند.,s,wikipedia
,مقالهٔ چهارم راجع به ترتیب اجناس است و در آن توضیح داده شده که چه طور با پیوستن دو جنس با کمک یک فاصلهٔ طنینی (دوم بزرگ) در بینشان، می‌توان یک دور کامل (یک اکتاو) را به دست آورد.,t,wikipedia
,دندان‌های گراز در معبد آپولون، واقع در شهر باستانی کومای، نگهداری شد.,s,wikipedia
,حتی اگر صادقانه هم پای کار بیاید اما نمی‌تواند که مقابل آمریکا قرار گیرد.,t,wikipedia
,در کربن رایج‌ترین پیوندهای سه‌گانه بین دو اتم کربن، در آلکین‌ها دیده می‌شود.,s,wikipedia
,شهرستان استفنسون ۱٬۴۶۳٫۳۵ کیلومتر مربع مساحت دارد.,s,wikipedia
,فریدریش روزن در سال ۱۸۵۶ در لایپزیگ به دنیا آمد.,t,wikipedia
,جمعیت این شهر بر اساس سرشماری سال ۲۰۰۸ میلادی ۶۲٬۰۴۰ نفر و بر اساس برآوردهای سال ۲۰۰۹ میلادی ۶۲٬۲۳۹ نفر می‌باشد.,a,wikipedia
,اسپانیا در بازی‌های المپیک تابستانی ۱۹۶۰ که در شهر رم برگزار شد، کاروان اسپانیا با ۱۴۴ ورزشکار در این رقابت‌ها شرکت کرد و موفق به کسب ۱ مدال (۰ طلا، ۰ نقره، ۱ برنز) شد.,s,wikipedia
,او در ترکیه اعلام کرد که وکیلش نسرین ستوده به او خبر داده که دادگاه برای او حکم ۲ سال تعزیری و ۱۸ سال تعلیقی صادر کرده‌است.,t,wikipedia
,فریدریش روزن در سال ۱۸۵۶ در لایپزیگ به دنیا آمد.,t,wikipedia
,جمعیت این شهر بر اساس سرشماری سال ۲۰۰۸ میلادی ۶۲٬۰۴۰ نفر و بر اساس برآوردهای سال ۲۰۰۹ میلادی ۶۲٬۲۳۹ نفر می‌باشد.,a,wikipedia
,اسپانیا در بازی‌های المپیک تابستانی ۱۹۶۰ که در شهر رم برگزار شد، کاروان اسپانیا با ۱۴۴ ورزشکار در این رقابت‌ها شرکت کرد و موفق به کسب ۱ مدال (۰ طلا، ۰ نقره، ۱ برنز) شد.,s,wikipedia
,او در ترکیه اعلام کرد که وکیلش نسرین ستوده به او خبر داده که دادگاه برای او حکم ۲ سال تعزیری و ۱۸ سال تعلیقی صادر کرده‌است.,t,wikipedia
515579,یک مرد وزنه را پرتاب می کند.,t,caption
515828,یک خانوم تنیس بازی می کند.,a,caption
515982,یک مرد توپ را می گیرد.,t,caption
516038,یک مرد می خواهد توپ را پرتاب کند.,a,caption
516143,یک اتوبوس در خیابان است.,s,caption
516173,یک خانوم موج سوار به سمت دریا می رود.,t,caption
516316,دو گورخر و یک گاو وحشی در کنار رودخانه می چرند.,a,caption
516318,یک مرد موج سواری می کند.,a,caption
516601,اسکی بازان در بالای کوه پر از برف هستند.,s,caption
516804,این ایستگاه اتوبوس قابل استفاده نیست.,s,caption
516916,پنج کامپیوتر روی میز کار است.,s,caption
517056,دو خانوم کیک را تقسیم می کنند.,a,caption
517069,دو خانوم در ایستگاه اتوبوس هستند.,s,caption
517523,یک هواپیما در آسمان است.,s,caption
517832,یک سگ روی صندلی نشسته است.,a,caption
518326,یک مرد صحنه نمایش را درست می کند.,a,caption
518770,سه پسر و یک خانوم با نینتندو سوییچ  بازی می کنند.,a,caption
519039,یک کامیون در جاده حرکت می کند.,a,caption
519208,یک مرد با فیل صحبت می کند.,a,caption
519611,یک خرس سفید دهانش را باز می کند.,t,caption
519688,یک خانوم بچه خرس را در آغوش گرفته است.,a,caption
519764,یک گربه روی صندلی نشسته است.,a,caption
520264,یک مرد و یک زن در آشپزخانه لبخند می زنند.,a,caption
520301,یک سگ از پنجره اتومبیل به بیرون نگاه می کند.,a,caption
520531,یک گربه روی میز نشسته است.,a,caption
520707,مسافران در ترمینال در رفت و آمد هستند.,a,caption
520832,یک مرد در پیاده رو  راه می رود.,a,caption
521141,عابران در پیاده رو قدم می زنند.,a,caption
521259,یک مرد بشقاب فریزبی را به سمت پسر پرتاب می کند.,t,caption
521509,یک خانوم روی تخت اتاق خواب نشسته است.,a,caption
521717,یک خانوم تنیس بازی می کند.,a,caption
521819,دختران و پسران فریزبی بازی می کنند.,a,caption
521956,یک مرد تنیس باز به توپ ضربه می زند.,t,caption
522393,دو مرد در میان دریا در قایق بادبانی هستند.,a,caption
522889,یک خانوم تنیس بازی می کند.,a,caption
523782,یک پرنده روی آینه ی اتومبیل است.,s,caption
523811,یک پرنده روی یک تکه چوب نشسته است.,a,caption
523957,یک مرد اسکیت برد بازی می کند.,a,caption
524456,یک خانوم با کامپیوتر تایپ می کند.,a,caption
524850,مسافران هواپیما به سمت اتوبوس می روند.,t,caption
525155,یک مرد یک گوسفند را روی شانه هایش حمل می کند.,a,caption
525247,یک گربه به مانیتور کامپیوتر نگاه می کند.,a,caption
525600,زرافه ها در باغ وحش هستند.,s,caption
526103,یک فیل در باغ وحش است.,s,caption
526706,یک گوساله شیر می خورد.,a,caption
526728,یک مرد و یک خانوم با چمدان هایشان در خیابان هستند.,s,caption
526751,یک قایق در ساحل است.,s,caption
527029,یک مرد میوه فروش حرکات کششی انجام می دهد.,a,caption
527215,یک مرد در ساحل بادبادک بازی می کند.,a,caption
527427,یک خانوم با موبایل صحبت می کند.,a,caption
527750,یک مرد در آشپزخانه آشپزی می کند.,a,caption
528314,یک اسکی باز در پیست اسکی راه می رود.,a,caption
528524,دو گوسفند در میان بوته ها هستند.,s,caption
528862,زرافه ها در باغ وحش هستند.,s,caption
529105,یک اسب روی زمین نشسته است.,a,caption
529122,یک خانوم و پسر جوان شیرینی می خرند.,t,caption
529148,یک پسر و یک دختر بازی کامپیوتری می کنند.,a,caption
529762,یک مرد از بشقاب غذایش در رستوران عکس می گیرد.,t,caption
530061,یک دختر خردسال غذا می خورد.,a,caption
530162,یک خانواده در یک شب برفی در زیر یک چتر هستند.,s,caption
530624,یک سگ در زیر لحاف خوابیده است.,a,caption
530820,یک مرد تنیس بازی می کند.,a,caption
531707,چهار مرد سالمند روی نیمکت نشسته اند.,a,caption
532058,یک پسر خردسال شیر می خورد.,a,caption
532071,یک خرس در جنگل روی علف ها خوابیده است.,a,caption
532481,یک مرد موج سواری با کایت می کند.,a,caption
532493,یک خانوم موج سواری  می کند.,a,caption
532575,یک سگ به دریا نگاه می کند.,a,caption
532690,یک خانوم نیتندو  بازی می کند.,a,caption
532855,یک مرد اسکیت برد بازی می کند.,a,caption
533493,سه مرد فریزبی بازی می کنند.,a,caption
533536,یک گربه به تلویزیون نگاه می کند.,a,caption
533816,بازیکن تنیس با داور صحبت می کند.,a,caption
534041,یک خانوم به پسر خردسال ساندویچ سوسیس می دهد.,t,caption
534270,دو  خانوم با یک سگ در ساحل هستند.,s,caption
534827,یک گروه مردان موتورسوار در خیابان است.,s,caption
535094,یک گاو یک قطعه یخ را بو می کشد.,a,caption
535156,یک فیل بزرگ خودش را به یک میله می مالد.,a,caption
535306,یک مرد اسکیت برد بازی می کند.,a,caption
535578,گوسفندان در مرتع می چرند.,a,caption
535608,دو خانوم در ساحل شنی آفتاب می گیرند.,a,caption
535858,یک خانوم موج سواری می کند.,a,caption
536038,یک خانوم به یک کتاب نگاه می کند.,a,caption
537153,دو نفر روی نیمکت کنار ساحل نشسته اند.,a,caption
537270,دو خانوم و یک مرد با گوشی موبایل خود کار می کنند.,a,caption
537506,چند خانوم به اتومبیل های تزیین شده با گل نگاه می کنند.,a,caption
537827,دو مرد بیس بال بازی می کنند.,a,caption
537991,یک خانوم با دو گوشی موبایل کار می کند.,a,caption
538067,افراد در بالای تپه کایت سواری را تماشا می کنند.,a,caption
538364,پلیس موتورسیکلت سوار در خیابان است.,s,caption
538458,یک مرد از اسکیت سوار فیلمبرداری می کند.,a,caption
539143,یک قطار روی ریل راه آهن است.,s,caption
539445,یک قطار روی ریل حرکت می کند.,a,caption
541773,یک مرد داخل لیوان شراب می ریزد.,t,caption
542127,دو مرد اسکی بازی می کنند.,a,caption
542423,یک خانوم روی یک نیمکت نشسته است.,a,caption
542625,یک کلاغ روی یک میله کنار خیابان نشسته است.,a,caption
542776,یک پرنده روی لبه ی  یک کتاب نشسته است.,a,caption
542856,یک اتوبوس در خیابان در حرکت است.,a,caption
543043,یک اتومبیل در کنار جاده پارک شده است.,a,caption
543528,یک هواپیما در آسمان است.,s,caption
543581,یک سگ و یک گربه در اتاق نشیمن است.,s,caption
544444,یک مرد اسکی بازی می کند.,a,caption
544519,یک دختر خردسال مسواک می زند.,a,caption
544811,دو مرغ دریایی در بالای دریا پرواز می کنند.,a,caption
545100,یک مرد از ساختمان های شهر عکسبرداری می کند.,a,caption
545129,سه گورخر در باغ وحش هستند.,s,caption
545219,مسافران بیرون از اتوبوس هستند.,s,caption
545407,یک هواپیما در آسمان پرواز می کند.,a,caption
545594,یک مرد داخل اتوبوس ایستاده است.,a,caption
545730,گله گورخر ها از میان رودخانه عبور می کنند.,a,caption
545958,یک گاو در کنار دیوار خانه ایستاده است.,a,caption
546219,زنان و مردان دور یک میز با هم نشسته اند.,a,caption
546475,یک مرد از خودش و دختر نوازادش عکس می گیرد.,t,caption
546556,گله گوسفندان در مرتع استراحت می کند.,a,caption
546659,یک قطار روی ریل راه آهن در حرکت است.,a,caption
546717,یک خانوم با کامپیوتر کار می کند.,a,caption
546829,یک سگ روی نیمکت نشسته است.,a,caption
546976,یک مرد سوار موتور سیکلت است.,s,caption
547336,یک خانوم به سمت بالا نگاه می کند.,a,caption
547383,دو گوسفند روی زمین نشسته اند.,a,caption
547502,چهار سگ با هم بازی می کنند.,a,caption
547519,یک خرس در جنگل است.,s,caption
547854,یک دختر خردسال غذا می خورد.,a,caption
547886,چهار مرد در ساحل اسب سواری می کنند.,a,caption
548246,چهار مرد در میدان تنیس با هم صحبت می کنند.,a,caption
548267,گوسفندان در مرتع می چرند.,a,caption
548339,یک مرد بیس بال بازی می کند.,a,caption
548524,یک مرد موج سواری می کند.,a,caption
548780,دو خانوم روی نیمکت نشسته اند.,a,caption
549055,یک مرد موج سواری می کند.,a,caption
549220,یک سگ روی اسکیت برد است.,s,caption
549390,یک گروه دوچرخه سواری می کنند.,a,caption
549930,یک خانوم و یک مرد با چتر زیر باران قدم می زنند.,a,caption
550349,یک اتوبوس در ایستگاه است.,s,caption
550691,یک اتوبوس دو طبقه در خیابان است.,s,caption
550714,یک دختر خردسال یک موز می خورد.,a,caption
551215,یک خانوم تنیس بازی می کند.,a,caption
551439,یک خانوم در دستش یک کتاب است.,s,caption
551794,یک موتورسیکلت سوار در کنار جاده است.,s,caption
551804,یک خانوم تنیس بازی می کند.,a,caption
551815,یک گربه روی گربه دیگر خوابیده است.,a,caption
551820,مرد تنیس باز به توپ ضربه می زند.,t,caption
552612,گله گوسفندان در مرتع می چرند.,a,caption
552775,یک مرد در فر شیرینی می پزد.,a,caption
552842,یک مرد بیس بال بازی می کند.,a,caption
552902,یک گوره خر علف می خورد.,a,caption
553094,یک هواپیمای جت در آسمان پرواز می کند.,a,caption
553669,یک مرد روی نیمکت پارک با کامپیوتر کار می کند.,a,caption
553731,یک مرد با موبایل صحبت می کند.,a,caption
553776,یک مرد موتورسیکلت سوار در جاده حرکت می کند.,a,caption
553788,یک خانوم با کامپیوتر کار می کند.,a,caption
553990,یک سوارکار با اسب از روی یک مانع می پرد.,t,caption
554002,یک سگ در خیابان است.,s,caption
554156,یک مرد تنیس بازی می کند.,a,caption
554266,دو نفر روی تخت اتاق خواب دراز کشیده اند.,a,caption
554291,یک گربه از داخل سطل بیرون می پرد.,t,caption
554328,مربی با دو بازیکن بیس بال صحبت می کند.,a,caption
554579,سه خانوم و یک سگ در کنار درخت کریسمس هستند.,s,caption
554595,یک مرد موج سوار در ساحل دراز کشیده است.,a,caption
555005,یک سگ روی تخت خوابیده است.,a,caption
555050,یک اتومبیل از چهاراه عبور می کند.,t,caption
556000,سه پسر با نینتندو  سوییچ بازی می کنند.,a,caption
556158,یک مرد اسکی بازی می کند.,a,caption
556765,یک فیل از رودخانه خارج می شود.,t,caption
557672,یک خانوم از چتر استفاده می کند.,a,caption
557916,یک دختر خردسال به عروسک خرس تدی نگاه می کند.,a,caption
558114,بازیکنان تیم بسکتبال وارد زمین بازی می شوند.,t,caption
558213,یک مرد اسکیت برد بازی می کند.,a,caption
558421,یک قطار روی ریل راه آهن در حرکت است.,a,caption
559099,یک گله گاو در مرتع می چرد.,a,caption
559160,یک مرد اسکیت برد بازی می کند.,a,caption
559348,چهار مرد بیس بال بازی می کنند.,a,caption
559543,یک دختر خردسال با نینتندو سوییچ بازی می کند.,a,caption
559842,پسران خردسال فوتبال بازی می کنند.,a,caption
559956,یک خانوم به شاخ های گوسفند دست می زند.,a,caption
560266,دو خرس توی آب با هم دعوا می کنند.,a,caption
560880,دو اسب مزرعه را شخم می زنند.,a,caption
560911,یک مرد یک گوشی موبایل در دستانش است.,s,caption
561223,یک مرد موج سواری می کند.,a,caption
561256,یک خانوم با دوربین عکاسی می کند.,a,caption
562121,دو گورخر با هم مبارزه می کنند.,a,caption
562207,دو توریست در کنار فیل و فیل بان در کنار رودخانه هستند.,s,caption
562229,یک پسر خردسال اسکیت بازی می کند.,a,caption
562243,یک مرد به یک نقطه خیره شده است.,a,caption
562443,سه گورخر در باغ وحش هستند.,s,caption
562448,یک اتوبوس در خیابن در حرکت است.,s,caption
562561,دو سگ توی حیاط هستند.,s,caption
562581,یک مرد تنیس بازی می کند.,a,caption
562818,اسکی بازان در بالای کوه پر از برف هستند.,s,caption
563267,دو مرد در کلاس به صفحه پروژکتور نگاه می کنند.,a,caption
563281,پسر خردسال به یک سی دی نگاه می کند.,a,caption
563349,یک مرد اسکی با کایت می کند.,a,caption
563470,یک خانوم به چوب بیس بال تکیه داده است.,a,caption
563603,چهار زرافه در باغ وحش هستند.,s,caption
563648,یک مرد اسکیت برد بازی می کند.,a,caption
563702,سه ماشین آتش نشانی در خیابان است.,s,caption
564091,یک خانوم دستفروش با موبایل صحبت می کند.,a,caption
564133,گله فیل ها با هم حرکت می کنند.,a,caption
564280,یک سگ روی مبل نشسته است.,a,caption
564336,یک مرد در رستوران با کامپیوتر کار می کند.,a,caption
565391,یک گربه روی کاپوت اتومبیل خوابیده است.,a,caption
565624,دو فیل توی حصار هستند.,s,caption
565778,یک قطار وارد تونل می شود.,t,caption
565853,یک مرد به تلویزیون نگاه می کند.,a,caption
565877,یک خانوم لبخند می زند.,a,caption
565962,یک گربه از پشت پنجره نگاه می کند.,a,caption
566282,دو مرد در خیابان فوتبال بازی  می کنند.,a,caption
566436,یک مرد روی لبه ی نیمکت نشسته است.,a,caption
566524,یک قطار روی ریل راه آهن حرکت می کند.,a,caption
566558,اتوبوس مدرسه کنار جاده است.,s,caption
567011,یک مرد موج سواری  می کند.,a,caption
567432,یک هواپیما در آسمان پرواز می کند.,a,caption
567640,مردان جوان فوتبال بازی می کنند.,a,caption
567740,دو نفر در بالای کوه اسکی بازی می کنند.,a,caption
569825,یک مرد بیس بال بازی می کند.,a,caption
569972,یک مرد موج سواری با بادبان می کند.,a,caption
569976,یک فرد موهای دختر خردسال را با سشوار خشک می کند.,a,caption
570456,یک مرد کیک را تقسیم می کند.,t,caption
570471,یک مرد از پنجره اتوبوس به بیرون نگاه می کند.,a,caption
570539,یک فرد به دو گربه غذا می دهد.,a,caption
571008,یک مرد در کنار موتور سیکلت است.,s,caption
571313,سه مرد لبخند می زنند.,a,caption
571598,یک مرد موز می فروشد.,t,caption
572388,یک خرس سفید به آب رودخانه نزیک می شود.,t,caption
572408,یک قطار روی ریل حرکت می کند.,a,caption
572462,یک مرد اسکیت برد بازی می کند.,a,caption
572555,یک مرد فریزبی بازی می کند.,a,caption
572956,یک زن اسکی بازی می کند.,a,caption
573008,یک خرس در جنگل راه می رود.,a,caption
573391,یک مرد اسب سواری می کند.,a,caption
574297,یک مرد موج سواری می کند.,a,caption
574425,یک گربه از پشت پنجره به بیرون نگاه می کند.,a,caption
574520,یک مرد بیس بال بازی می کند.,a,caption
574702,یک پسر خردسال با نینتندو  سوییچ بازی می کند.,a,caption
574810,یک مرد به زرافه غذا می دهد.,a,caption
574823,یک هواپیما از روی باند فرودگاه بلند می شود.,t,caption
575081,یک مرد با چتر در پیاده رو راه می رود.,a,caption
575187,یک سگ می دود.,a,caption
575500,یک زن اسکی بازی می کند.,a,caption
575815,یک زن سوار بر اسب است.,s,caption
575970,یک مرد اسکیت برد بازی می کند.,a,caption
576031,یک مرد در ساحل چتربال سواری می کند.,a,caption
576052,یک مرد اسب سواری می کند.,a,caption
576566,چهار گورخر در جاده است.,a,caption
576654,یک پرنده روی لبه ی نیمکت نشسته است.,a,caption
577784,سه نفر فوتبال بازی می کنند.,a,caption
577862,یک فرد بادبادک هوا می کند.,a,caption
577976,بچه ها با نینتندو  سوییچ بازی می کنند.,a,caption
578236,یک خانوم باردار  در رختخواب کتاب می خواند.,a,caption
578500,یک دختر خردسال غذا می خورد.,a,caption
578967,قطار روی ریل راه آهن حرکت می کند.,a,caption
579158,یک هواپیمای مسافربری بارگیری می کند.,t,caption
579655,یک فرد با موبایل صحبت می کند.,a,caption
579902,یک موتورسوار در خیابان حرکت می کند.,a,caption
580418,چهار گاو در خیابان حرکت می کنند.,a,caption
581062,یک مرد اسکیت برد بازی می کند.,a,caption