,Caption,,compond vs simple,tense,Grammatical-aspect,tense,aspect
,اهمیتش آن است که وب‌گاه غلط است.,s,s,n,m sade,past,indicative
,کارگردانی آن به عهده جورج گالو و نویسندگی آن را گالو و اندی وایس انجام دادند.,t,c,n,m sade,past,indicative
,قالون اصالتاً از مردم روم بوده‌است و پدر پدربزرگش از مردمان روم بوده‌است که در زمان عمر بن خطاب به اسارت درآمده بود.,s,s,,m naghli,past,narrative
,این فرودگاه در کشور ایالات متحده آمریکا قرار دارد و در ارتفاع ۱۰۹ متری از سطح دریا واقع شده است.,s,s,n,m naghli,past,narrative
,دیلر از مراکز بهائیان ارومیه بوده‌است.,s,s,n,m naghli,past,narrative
,چیزی که مورت را می‌ترساند این است که متوجه می‌شود ماجراهای داستانش کم‌کم به زندگی‌اش راه می‌یابد.,t,s,,h ekhbari,non-past,imperfective
,در تاریخ، این عنوان معمولاً به دو جنگ بسیار عظیم که در قرن بیستم اتفاق افتاد، یعنی «جنگ جهانی اول» و «جنگ جهانی دوم»، اطلاق می‌شود.,t,c,,m sade,past,indicative
,بنابراین، دیدگاه‌های جدیدی که دخالت مؤثرتر دولت در امور زیربنایی در بخش‌های آب، برق و انرژی را ضروری می‌دانست؛ همچنان سبب به وجود آمدن طیف وسیعی از دستگاه‌های اجرایی موازی و مشترک گردید که به نحوی به مسئله تأمین برق و آب (آشامیدنی، کشاورزی و سایر مصارف) مشغول بودند.,t,s,,m estemrari,past,imperfective
,امروزه قراردادهای سواپ جزء مهمترین قراردادهای مالی مورد استفاده در دنیا می‌باشند.,a,s,,m estemrari,past,imperfective
,او ریاست برنامه پیوند قلب و ریه دانشگاه UCLA را نیز به عهده دارد.,a,s,,m sade,past,indicative
,این شهرک طبق سرشماری سال ۲۰۱۰ میلادی، ۱٬۸۷۳ نفر جمعیت داشته و مساحت آن نیز ۱٫۵ کیلومتر مربع است.,s,s,,m naghli,past,narrative
,وی در سال ۱۹۹۳ برای رمان   بازی نیاکان   و در سال ۲۰۰۳ برای کتاب   سفر به سرزمین سنگ   جایزه مایلز فرانکلین را دریافت کرد.,t,c,,m sade,past,indicative
,یک سری چیزها مثل نقض حق تکثیر انعطاف‌پذیری نیست.,s,s,,m sade,past,indicative
,ناوان ۴۲ متر بالاتر از سطح دریا واقع شده‌است.,s,s,,m naghli,past,narrative
,قریه‌ای است در یک فرسنگی جنوب اسپاس.,s,s,,h sade,non-past,indicative
,این فرودگاه در شهر نورث، کارولینای جنوبی کشور ایالات متحده آمریکا قرار دارد و در ارتفاع ۹۸ متری از سطح دریا واقع شده است.,s,s,,h sade,non-past,indicative
,با این حال برخی افراد ریش ستاری را مورد انتقاد قرار می‌دهند از جمله محمدباقر شریعتی کسانی را که در کنار موی بیتلی و قیافه هیپی، ریش ستاری می‌گذارند را مورد انتقاد قرار داده است.,a,s,,h ekhbari,non-past,imperfective
,در این رابطه GMD فاصلهٔ متوسط هندسی هادی‌ها و GMR شعاع متوسط هندسی هادی‌ها است.,s,s,,h sade,non-past,indicative
,برای بدست آوردن [c[x ابتدا متغیر sum را برابر [tree[x قرار می‌دهیم، سپس بیت آخر x را حذف می‌کنیم و sum را با[tree[x جمع می‌کنیم، همین کار را تکرار می‌کنیم تا x برابر ۰ شود.,a,s,,h ekhbari,non-past,imperfective
,این من بودم که کار مداوم با اکسل و دغدغه‌های ذهنمی‌ام اعصاب کار با اکسل را از من گرفت و به نوعی دلم را زد.,t,s,,m sade,past,indicative
,ارزن انگشتی، انواع لوبیا، عدس، بزرک در اتیوپی پرورش داده می‌شد.,t,s,,m sade,past,indicative
,او به فارسی، اردو، و سندی شعر سروده اما بیشتر اشعار او به فارسی است.,s,s,,m naghli,past,narrative
,با استفاده از معادلات حالت، چون پنگ رابینسون (Peng Robinson) یا روش مشارکت گروهی (group contribution) می‌توان دمای بحرانی یا دیگر ویژگی‌ها همچون چگالی را با دقت بالا به دست آورد.,a,s,,h sade,non-past,indicative
,سایر گونه‌های موشی که برخی اوقات در تحقیقات آزمایشگاهی مورد استفاده قرار می‌گیرند، شامل  موش پاسفید آمریکایی  (Peromyscus leucopus) و  موش آهو  (Peromyscus maniculatus) هستند.,s,s,,h ekhbari,non-past,imperfective
,لایدار مشابه رادار است که بعضی اوقات نیز رادار لیزری نامیده می‌شود.,a,s,,h sade,non-past,indicative
,در این گروه از بیماری‌های نادر نقص در یک ژن (که اغلب به صورت یک صفت مغلوب به ارث می‌رسد) موجب تولید نشدن صحیح یک آنزیم ضروری جهت متابولیزه کردن موکوپلی ساکاریدهای غیرضروری می‌شود.,s,s,,m sade,past,indicative
,با اشغال ایران توسط روسیه و بریتانیا و خلع رضاشاه در ۲۵ شهریور ۱۳۲۰، فضای سیاسی به شدت بهبود یافت.,t,s,,m sade,past,indicative
,این بخش دارای یک شهر (شباب) و دو دهستان به نام‌های دهستان بیجنوند و دهستان قلعه است.,s,s,,h sade,non-past,indicative
,مادربزرگ او (از طرف پدری) مهاجر آلبانی به ترکیه است.,s,s,,h sade,non-past,indicative
,پس از آن، عرفات از اردن خارج شد و به قاهره رفت که در آنجا رئیس‌جمهور مصر ناصر او را پذیرا شد.,s,c,,m sade,past,indicative
,بارکلی-کینگستون ۷٫۴ کیلومتر مربع مساحت و ۱۰٬۷۲۸ نفر جمعیت دارد.,a,s,,m sade,past,indicative
,برای مثال در هنگام غلبه بر یک دهکده، تبدیل کردن آن به قلعه یا مکان مذهبی دولت اسپانیا به راحتی نسخه اصلی نیست و مشکلتر شده‌است.,s,s,,h sade,non-past,indicative
,مشتقاتی مثل QA4  Conniver  QLISP و Ether (نگاه کنید به جامعه علمی Metaphor) در دهه 1970 ابزارهای مهمی در تحقیقات هوش مصنوعی بودند، که البته در تحولات اقتصادی مانند KEE و ART تأثیرگزار بودند.,t,s,,m sade,past,indicative
,فلزیاب آنتنی که با شرایط مدار فانکشن ژنراتور ساخته می‌شود می‌تواند چند نوع فلز خاص مانند طلا، مس، برنز و آلومینیوم را تشخیص داده و مشخص نماید و فلزیاب آنتنی فانکشن ژنراتور در ارسال امواج توانائی داشته و در دریافت مدار خاص رادار برای تفکیک طبق اصول عملکرد با جدول وی دی ای اسکال VDI SCALE واکنش از انعکاس انرژی فرکانس را ندارد و تشخیص آلیاژ فلزات یا خطای عملکرد اپراتور دست یافتنی نمی‌باشد.,t,s,,h ekhbari,non-past,imperfective
, غورغشتی    (به انگلیسی: Ghorghushti) یک منطقهٔ مسکونی در پاکستان است که در ناحیه اتک واقع شده‌است.,s,s,,m naghli,past,narrative
,گمینا تژچیانا ۴۴٫۰۹ کیلومتر مربع مساحت و ۵٬۰۴۴ نفر جمعیت دارد.,s,s,,m sade,past,indicative
, کالمانهازا ( Kálmánháza) یک منطقهٔ مسکونی در مجارستان است که در زابولکس-زاتمار-بریج واقع شده‌است.,s,s,,h sade,non-past,indicative
,هر کدام از ما باید به تغییرهای مهم زندگی‌امان نگاه کنیم و به معنای واقعی آن‌ها پی ببریم.,a,c,,m sade,past,indicative
,گفتنی است نام این درخت در زبان تلوگو (سومین زبان بزرگ هند) بادام چتو (Badam chettu) و در زبان فرانسوی (Badamier)است که هر دو برگرفته از زبان فارسی است.,s,s,,h sade,non-past,indicative
,چالش کفرگویی Blasphemy Challenge پروژه‌ای اینترنتی است که از مردم می‌خواهد ویدیوهایی از خود در رد کردن روح‌القدس در یوتیوب بارگذاری کنند.,s,s,,h sade,non-past,indicative
,طبری در ادامه آورده‌است که سپس بابک، شاه محلی پارس که گوچهر نام داشت را سرنگون ساخت و پسرش شاپور را به‌جای وی گماشت.,s,s,,m naghli,past,narrative
,Pyaari یتیم است که توسط مردان کاران ربوده شده‌است.,s,s,,m naghli,past,narrative
,یك ایرانی دیگر به نام رضا كه تابعیت انگلستان را گرفته، به عنوان نماینده این كشور در مسابقه ها حضور دارد.,s,c,,m naghli,past,narrative
,در محصولات شاخص، این موسیقی‌ها با فیلم عرضه می‌گردید.,a,s,,m estemrari,past,imperfective
,آخرین افغان‌های غیر مسلمان کافرستان در شمال کابل به اجبار به اسلام گرویدند.,t,s,,m sade,past,indicative
,عبارت   Henophidia   برگرفته از زبان یونانی است که   Heno   به معنی   یک   یا   اولیه   و   phidia   به معنی   مار   است در نتیجه کل عبارت به معنی   مارهای اولیه   یا   مارهای کهن   است (در مقابل واژهٔ   Caenophidia کائنوفیدیا   که به معنی   مارهای اخیر   است).,s,s,,h sade,non-past,indicative
, توفکچی اوغلو، پلاتلی    (به لاتین: Tüfekçioğlu  Polatlı) یک منطقهٔ مسکونی در ترکیه است که در پولاتلی واقع شده‌است.,s,s,,h sade,non-past,indicative
,از طرف دیگر جایزه مهتاب میرزایی در این چهار سال به افراد سرشناس و مهمی اهداء شده است.,s,s,,m naghli,past,narrative
,وی بازیگر فیلم‌هایی همچون دکتر هو بوده است.,s,s,,m naghli,past,narrative
,این نوع از نشت نامطلوب است چرا که جریان را از طریق مسیر جایگزین می‌تواند باعث آتش‌سوزی، نویز RF یا برق گرفتگی شود.,t,s,,h sade,non-past,indicative
,بعد از مطرح شدن مفاهیم دقیق نوام چامسکی در زمینه زبان‌شناسی دو روش مختلف برای رسیدن از جمله به معنا مطرح شد.,t,s,,m sade,past,indicative
,پرسکاتشه ۴٫۹۲ کیلومتر مربع مساحت و ۱۰۶ نفر جمعیت دارد و ۳۶۶ متر بالاتر از سطح دریا واقع شده‌است.,s,c,,h sade,non-past,indicative
, سارالترف (به فرانسوی: Sarraltroff) یک کمون در فرانسه است که در Canton of Fénétrange واقع شده‌است.,s,c,,h sade,non-past,indicative
,ناحیه زانکت پولتن-لاند ۱۲۸٬۹۹۹ نفر جمعیت دارد.,s,s,,m sade,past,indicative
,   پیکان سیاه      نام یک کتاب ادبی است که توسط آنتوان چخوف، نویسندهٔ اهل روسیه نوشته شده‌است.,s,s,,h sade,non-past,indicative
,وبلاگ از وب‌نوشت بسیار رایج‌تر است.,a,s,,h sade,non-past,indicative
,در حال حاضر هم او دوباره صفحه را خنثی‌سازی کرده و علت را مطالب مقاله خودشان منبع داشتند.,t,s,,m naghli,past,narrative
,در معماری کامپیوتر پیش‌بینی انشعاب (Branch prediction) تکنولوژی ای است که در آن به کمک مدارهای دیجیتالی به نام پیش بینی گرها (branch predictors) سعی می‌شود حدس زده شود که یک برنچ (مثلاً یک ساختار شرطی) به چه راهی خواهد رفت.,t,s,,h sade,non-past,indicative
,:هر روز شاهد تغییرات زیادی در ویکی پدیای فارسی هستیم ، اغلب کاربران تنها با اضافه کردن یک نقطه در تازه ترین ویرایش سعی در به نام کردن ویرایش نهایی به نام خود را دارند ، گرچه خودم ویرایش مختصر می کنم اما همانند ویرایش صفحه کاله آمل که عنوان قهرمانی جام باشگاه های آسیا ذکر نشده و فراموش شده بود.,t,s,,m sade,past,indicative
,پیر فلیکس گاتاری (به فرانسوی: Pierre-Félix Guattari) (زاده ۳۰ آوریل ۱۹۳۰ – درگذشته ۲۹ اوت ۱۹۹۲) روانشناس، فیلسوف و فعال پسامارکسیست فرانسوی است.,s,s,,m sade,past,indicative
, پارامتری ممکن است به یکی از موارد زیر اشاره داشته باشد:,s,s,,m eltezami,past,subjunctive
, الینگسهاوزن (به آلمانی: Ellingshausen) یک شهر در آلمان است که در اشمالکالدن-ماینینگن واقع شده‌است.,s,c,,m naghli,past,narrative
,عامل این خطا، تغییرات ناشی از دما در ارتفاعات بالاتر می‌باشد.,a,s,,h ekhbari,non-past,imperfective
,اگر ویکی‌واژه تاکنون مدخلی دربارهٔ آن واژه یا اصطلاح ندارد (که بعید به نظر می‌رسد)، «مقالهٔ» ویکی‌پدیا را با چسباندن (انتقال به ویکی‌واژه) برای منتقل شدن به ویکی‌واژه مشخص کنید.,t,s,,h sade,non-past,indicative
,در دنیای امروز آراستگی ظاهر به عنوان یک اصل، اجبار و برای همه مردم مطرح است.,s,s,,h sade,non-past,indicative
,اگر f یک تابع با دامنه U از فضای حقیقی n بعدی به R باشد و همچنین f در نقطه دلخواه x عضو U دارای مشتقات پیوسته تا مرتبه سوم باشد، میتوان نوشت:,t,s,,h eltezami,non-past,subjunctive
,رادیو ورزش از اول تا هشتم تیرماه ۱۳۷۸ به صورت آزمایشی پخش شد و از ۹ تیر ماه، همزمان با میلاد پیامبر اسلام، رسماً افتتاح شد و از ۲۲ بهمن ۱۳۷۸ به پخش ۱۶ ساعت برنامه پرداخت و هم‌اکنون، پخش آن به ۲۴ ساعت در روز ارتقا یافته‌است.,t,s,,m sade,past,indicative
, فرایشت (Freist) یک منطقهٔ مسکونی در آلمان است که در گرب‌اشتت واقع شده‌است.,t,s,,h sade,non-past,indicative
,بهرحال من با تشکر بسیار از پیشنهاد کاوه عزیز، فعلاً از کاندیدا شدن برای مدیری خودداری می‌کنم زیرا فکر می‌کنم وقت و شرایط کنونی ام اجازه چنین مسئولیتی نمی‌دهد.,t,s,,h ekhbari,non-past,imperfective
,درباره قاچاق کرم و روایات و افسانه‌های مربوط به او در ایران و قفقاز، سیروس سعدوندیان، محقق و نویسنده برجسته ایرانی، کتابی به همین نام نوشته که در سال ۱۳۸۰ خورشیدی انتشار یافته‌است.,t,s,,m naghli,past,narrative
,در دوران قدیم زمین‌شناسی به صورت صمغ از درختان کاج مخروطی شکل به نام (پیتوس-سوکسینیفرا) خارج شده و پس از خشک و سخت شدن به صورت فسیل و سنگ درآمده‌است.,t,s,,m naghli,past,narrative
,سفرنامهٔ تاورنیه به زبان فارسی ترجمه شده و با مشخصات زیر به چاپ رسیده‌است:,t,s,,m naghli,past,narrative
,این فهرست مختصری از کسانی است که خداانگار (دادارباور) شناخته شده‌اند، این عقیده باور به خدا بر اساس الهیات طبیعی است.,t,s,,h sade,non-past,indicative
,البته این دم غیر از نیش‌زدن، وظیفه حفظ تعادل عقرب را نیز برعهده دارد.,t,s,,h sade,non-past,indicative
,پس از درگذشت وی از طرف رضا زنجانی که مسؤول مالی عبدالکریم حائری یزدی (مؤسس حوزه علمیه قم) و وکیل شرعی آیت‌الله میلانی بود، مأمور می‌شود که ماهانه ۱۵۰ تومان به خانواده وی پرداخت کند.,t,s,,m sade,past,indicative
,دو رهبر مسائل مربوط به مبارزه با تروریسم و جنگ در سوریه را مورد بحث قرار دادند، اما برخی موضوعات دیگر را که اختلاف داشتند، به ویژه تجارت، مهاجرت و تغییرات آب و هوا، را مسکوت گذاشتند.,t,s,,m sade,past,indicative
,فیلم‌های فراطبیعی ترسناک قدمت بالایی در تاریخ سینما دارند و از دهه ۴۰ تلاش‌هایی جدی برای ساخت این آثار شکل گرفت.,t,s,,h sade,non-past,indicative
,تا تمامی بلوچها بتوانند درین کشور آزادانه زندگی کنند.,t,s,,h eltezami,non-past,subjunctive
,در روایت ملی هوشنگ مؤسس نخستین سلسلهٔ پیشدادی است که متضمن تمام پادشاهان تا اوزو است.,s,s,,h sade,non-past,indicative
,یک وجب از آسمان فیلمی ایرانی است به کارگردانی و نویسندگی علی وزیریان تولید شده در سال ۱۳۸۷ که برای اولین بار در بیست و هفتمین جشنواره بین‌المللی فیلم فجر به نمایش درآمد.,t,s,,h sade,non-past,indicative
,این امر خطر صدمه را کاهش می‌دهد.,a,s,,h ekhbari,non-past,imperfective
,زمین‌های کامرانیه از گذشته عموماً باغ‌منزل‌هایی وسیع بوده‌است و علی‌رغم چند مرحله تفکیک املاک، ابعاد زمین‌ها نسبت به محله‌های پیرامون همچنان بزرگتر است.,s,s,,m naghli,past,narrative
,اول محرم این سال برابر با چهاردهم سپتامبر سال ۱۳۰۱ میلادی است.,s,s,,h sade,non-past,indicative
,فریدریش روزن در سال ۱۸۵۶ در لایپزیگ به دنیا آمد.,t,s,,m sade,past,indicative
,جمعیت این شهر بر اساس سرشماری سال ۲۰۰۸ میلادی ۶۲٬۰۴۰ نفر و بر اساس برآوردهای سال ۲۰۰۹ میلادی ۶۲٬۲۳۹ نفر می‌باشد.,a,s,,h ekhbari,non-past,imperfective
,اسپانیا در بازی‌های المپیک تابستانی ۱۹۶۰ که در شهر رم برگزار شد، کاروان اسپانیا با ۱۴۴ ورزشکار در این رقابت‌ها شرکت کرد و موفق به کسب ۱ مدال (۰ طلا، ۰ نقره، ۱ برنز) شد.,s,s,,m sade,past,indicative
,او در ترکیه اعلام کرد که وکیلش نسرین ستوده به او خبر داده که دادگاه برای او حکم ۲ سال تعزیری و ۱۸ سال تعلیقی صادر کرده‌است.,t,s,,m naghli,past,narrative
,شیف به شدت به بقیه یهودیان پایبند بود و منابع مالی زیادی برای کمک به آنها اعطاء کرد.,t,s,,m sade,past,indicative
,وی مدرک کارشناسی خود را از کالج هَوفورد در سال ۱۹۵۹ و مدرک دکتری خود را از دانشگاه هاروارد در سال ۱۹۶۵ دریافت کرد.,t,s,,m sade,past,indicative
,نمونه‌ای از یک tag cloud حاوی ۳۰ تا ۱۵۰ برچسب است.,s,s,,h sade,non-past,indicative
,در آنجا هم امیدوارند که این ۱۳۸ (بسیار بیشتر از این تعداد) مدیر غیرفعال روزی به ویکی‌پدیا بازگردند.,s,s,,h sade,non-past,indicative
,اِئوخِنیو مارتین ((Eugenio Martín)؛ زادهٔ ۱۹۲۵) یک کارگردان، و فیلم‌نامه‌نویس اهل اسپانیا است.,s,s,,h sade,non-past,indicative
,عجیب است از فضول خواندن نامیده شدنتان این‌گونه عصبانی شده‌اید (و البته شکایت هم کرده‌اید و از آن زمان هم دائم تکرار می‌کنید) ولی به راحتی به دیگران می‌گویید به تو ربطی ندارد، به تو مربوط نمی‌شود و ...,t,s,,m naghli,past,narrative
,با ارائه ی مدرک از ویکی فا به مدیران ارشد ویکیپدیا شکایت میکنیم تا به این موضوع رسیدگی کنند.,a,s,,h ekhbari,non-past,imperfective
,قطع کردن دست کارگران به بدنامی بین المللی منجر شد.,t,s,,m sade,past,indicative
,با این وجود، تک شاخ اصلی، یک اسب نجیب رام نشدنی بود که ریشی بز مانند، دمی چون شیر، و سمی شکافته داشت.,t,s,,m sade,past,indicative
,در سال ۱۹۸۲ برندهٔ پیراهن امتیازی جیرو شد و در سال ۱۹۸۳ تور ترنتینو را فتح کرد.,t,c,,m sade,past,indicative
,من در حین ویرایش مقاله بودم.,t,s,,m sade,past,indicative
,این ماموریت دومین ماموریت شاتل دیسکاوری بود.,t,s,,m sade,past,indicative
,او یکی از بازیکنان تیم ملی آمریکا در قهرمانی جهان ۲۰۱۴ ایتالیا بود که موفق به کسب عنوان قهرمانی و مدال طلا شد.,s,s,,m sade,past,indicative
,Naughton را از آن خود کرد.,t,s,,m sade,past,indicative
,در حال حاضر این سرویس در ایران به دلیل اینکه عموم شماره تلفن‌های ثابت توسط شرکت مخابرات ایران ارائه می‌شود، وجود ندارد.,t,s,,h ekhbari,non-past,imperfective
,با مردم کم چیز و نوکیسه و… معامله مکن.,t,s,,h sade,non-past,indicative
,در مورد بخش فوتبال رده‌های سنی مختلف مردان و زنان هم نظرم به توضیح یک خطی برای هر رده سنی و به تفکیک جنسیت بود ولی اگر هنوز می‌خواهید این بخش را به صورت نمودار درآورید، من هم مشتاقم زودتر ببینم.,t,s,,m sade,past,indicative
,سردارافخم پس از دیدن معز السلطان به سمت دستشویی گریخت، در درگیری بین این دو معز السلطان گوشهٔ جامهٔ سرداری سردار افخم را گرفت و آن دو با هم گلاویز شدند تا آن که سردار افخم در حال گریز توسط آتش گلولهٔ یکی از گرجی‌ها نقش بر زمین شد.,t,s,,m sade,past,indicative
,برای درمان فرونشاننده طولانی مدت عفونت عود کننده، مقدار ۴۰۰ میلی‌گرم دو بار در روز یا ۲۰۰ میلی‌گرم ۵–۳ بار در روز و به مدت حداکثر ۲ ماه مصرف می‌شود.,s,s,,h ekhbari,non-past,imperfective
,ثابتی با بیان اینکه مطالب بهمن نادری‌پور (تهرانی بازجوی ساواک) در دادگاهش دروغ است و او این حرف‌ها را زده که زنده بماند و رژیم از بیم آنکه بعداً پشیمان شود و حرفهایش را پس بگیرد، اعدامش کرده‌است، در صفحه ۲۵۷ کتاب در دامگه حادثه می‌گویند:,t,s,,h sade,non-past,indicative
,گرچه بعدها گفت: «اینکه بازیگرها دربارهٔ سیاست صحبت می‌کنند مرا ناراحت می‌کند.,t,c,,m sade,past,indicative
,او در سال ۶۲۹ ق در میافارقین اقامت کرد و   نفثةالمصدور   را در آنجا نوشت.,t,s,,m sade,past,indicative
,مثل دعوایی که بین پرتغالی‌ها و گالیسیایی‌ها رخ داد و اکنون گالیسیایی ویکی‌پدیایی برای خودش ایجاد کرده با ۱۳۰ هزار مقاله.,t,s,,m sade,past,indicative
,این نشریه آشوری زبان با نام زاهر یرادی باهرا که در زبان آشوری به معنای اشعه روشنای است در سال ۱۲۶۵ قمری برابر ۱۸۴۹ میلادی توسط جاستین پرکینز آمریکایی منتشر شد.,t,s,,h sade,non-past,indicative
,علی‌رضا منصوریان بازیکن سابق باشگاه فوتبال استقلال تهران و تیم ملی فوتبال ایران بود، وی سرمربی تیم ملی زیر ۲۲ سال و آنالیزور تیم ملی فوتبال ایران نیز بوده‌است.وی برای باشگاه‌های مختلفی از جمله پارس خودرو، استقلال تهران، آپولون اسمیرنیس و سن پائولی بازی کرده است و لقب او در میان هواداران استقلال علی منصور است.,t,s,,m sade,past,indicative
,پدر و مادرش در سال ۱۹۷۹ از هم جدا شدند.,t,s,,m sade,past,indicative
,البته بندر انزلی حسابش جدا است، چون نام شهرْ انزلی است و بندر تنها بندر بودنش را می‌رساند.,a,s,,h sade,non-past,indicative
,یا “دیدن حقیقتی که به صورت عادت درآمده است”.,s,s,,h sade,non-past,indicative
,آشپزخانه، اتاق نشیمن یا اتاق کار از بهترین جاها هستند.,s,s,,h sade,non-past,indicative
,سراب بابا احمد در فاصله ۱۸ کیلومتری مرکز شهرستان و در نزدیکی روستای سرداب سفلی قرار دارد.,s,s,,h sade,non-past,indicative
,در این ویدئو آنانیموس از رسانه‌ها انتقاد می‌کند که چرا برخی جنیه‌های اعتراضات علیه کلیسای ساینتولوژی را بازتاب نمی‌دهند.,a,s,,h ekhbari,non-past,imperfective
,بر این اساس وقتی نورالهی از بالای درخت زندگی به پایین سرازیر شد باعث شکست ظروفی که این نور در آن‌ها قرار می‌گرفت شد و تکه‌های این ظروف در دنیا پخش شدند.,a,s,,h eltezami,non-past,subjunctive
, برگ (Berg) یک منطقهٔ مسکونی در اتریش است که در نیدراسترایش واقع شده‌است.,s,s,,h sade,non-past,indicative
,استان خوزستان و پلدختر در استان لرستان می‌باشد، که در واقع این تقسیمات ییلاقی و قشلاقی در گذشته انجام می‌شد، ولی امروزه اکثرأ افراد این طایفه، همچون سایر طوایف ایل بختیاری، در هر دو بخش ساکن می‌باشند.,t,s,,h ekhbari,non-past,imperfective
,این نوع رویکرد بسیار مهم است، به خصوص در تجزیه و تحلیل استدلال‌های گفتاری و نوشته شده.,t,s,,h sade,non-past,indicative
,پیشنهاد می‌کنم یک الگوی خلاصه‌وار برای آن طراحی کنیم و فقط مسائلی را که برای یک تازه وارد مهم است در آن بگنجانیم.,a,s,,h ekhbari,non-past,imperfective
,زادگاه این پرنده قاره آفریقا است و از آن جا به سایر نقاط جهان برده شده‌است.,t,s,,h sade,non-past,indicative
, پادگان به جایی گفته می‌شود که گروهی از سربازان و تجهیزات برای نگهداری آن مکان در آن مستقر شده‌اند.,t,s,,h ekhbari,non-past,imperfective
,در ۹۱۶ میلادی لوکاندوس به یک تم ارتقاء یافت.,t,s,,m sade,past,indicative
,مهم‌تر آنکه، شکل مسابقات انتخابی بارها بین سال‌های ۲۰۰۳ تا ۲۰۰۶ تغییر یافت.,t,s,,m sade,past,indicative
, گوندولا (به ایتالیائی: gondola) یک نوع بلم و قایق پاروئی باریک و دراز است که بیشتر در شهر ونیز ایتالیا برای جابجایی افراد و بارها استفاده می‌شود.,a,s,,h sade,non-past,indicative
,سده سوم و چهرم هجری را اوج هنر سفالگری در نیشابور بوده‌است و نیشابور مهم‌ترین مرکز هنر و صنعت سفال گری در ایران و خراسان در این دوره بوده‌است.,s,s,,m naghli,past,narrative
,یکی از استدلال‌های موافقان انتقال پاس به همدان، کم تماشاگر بودن این تیم در تهران و داشتن هوادار در صورت انتقال به همدان بود.,s,s,,m sade,past,indicative
,کاربران و دوستان گرامی، با درود به تلاش همگی شما برای هرچه غنی‌ترکردن دانشنامه ویکی‌پدیا و حراست از آن، من نیز در راستای کمک به این اهداف، درخواست دسترسی به ویکی‌بانی را می‌دهم و امیدوارم بتوانم بهتر از قبل به حفظ دانشنامه کمک کنم.,s,s,,h ekhbari,non-past,imperfective
,اهمیت این مساله در این است که این یکی را علم می کنند و می گویند همه اش این طور است.,s,s,,h sade,non-past,indicative
,او سعی می‌کرد که دستورهای لائو تزو را انتشار دهد.,s,s,,m estemrari,past,imperfective
,حضور بهائیان آمریکایی ساکن در ایران موجب شد تا زنان بهائی ایرانی هشیار شوند و توانایی‌هایی را که قبلاً به آن فکر نکرده بودند کشف کنند.,t,s,,m sade,past,indicative
,آن‌ها توابعی هستند که بر روی یک زیر مجموعهٔ باز از صفحهٔ مختلط C تعریف شده‌اند با مقادیری در C که در هر نقطه مشتق مختلط دارند.,s,s,,m sade,past,indicative
,اسپهبدان حاکمانی مستقل بوده و صاحب حکومتی خودمختار بودند.,t,s,,m naghli,past,narrative
,در ۸ آگوست ۲۰۰۷، سازمان جهانی حقوق بشر از یاهو به دلیل رد و بدل اطلاعات (ایمیل و آدرس IP) با دولت چین که سبب دستگیری نویسندگان و مخالفان شد شکایت کرد.,t,s,,m sade,past,indicative
,رویکرد کوپ به طور جدی در جهت تأثیرگذاری از طریق آموزش، منابع و حمایت از اعضا، همراه با تقویت بحث های حرفه ای در جامعه علمی است.,s,s,,h sade,non-past,indicative
,فصل پنجم و سری جدید برنامه چرخ، پس از خداحافظی گروه قبلی با گروه، تیم تولید و مجریان جدید به سردبیری محمد جباری از 16 تیر 97 دوباره شروع به‌کار کرد.,t,s,,m sade,past,indicative
,"نقیب زاده هر دو سخنرانی را ترجمه نموده و با اضافه کردن مقدمه‌ای مفصل از ریمون آرون در مورد شخصیت و آثار ماکس وبر، این مجموعه را تحت عنوان ""  دانشمند و سیاستمدار  "" منتشر کرده است.",t,s,,m naghli,past,narrative
,در برخی از نقاط جهان، دریاچه‌های فراوانی به علت الگوهای زه کشی بی نظم، که از آخرین عصر یخبندان باقی مانده، به وجود آمده‌اند.,t,s,,m naghli,past,narrative
,فکر می کنم لازم باشد به یک نظام در این مورد برسیم.,t,s,,h eltezami,non-past,subjunctive
,سالاماتوف (Salamatof) شهری در بخش شبه‌جزیره کنای ایالت آلاسکا است که جمعیت آن در سرشماری سال ۲۰۰۰ میلادی ۹۵۴ نفر بوده‌است.,t,s,,h sade,non-past,indicative
,وقتی که مایه سفت شد آن را برمی‌دارند و در یک ظرف تخت یا چند پیاله می‌ریزند تا خنک شود.,t,s,,m sade,past,indicative
,این نویسندگان همچنین پیشنهاد می‌کنند که این تراوشات باید به دید نقد قابل تأمل علمی دیده شوند.,t,s,,h ekhbari,non-past,imperfective
,وی پس از کنسرواتوار ژنو به تحصیل در کنسرواتوار برلین پرداخت و در سال ۱۳۰۹ فارغ‌التحصیل شد.,t,s,,m sade,past,indicative
,پالایش گروهی به کاوش روش‌هایی می‌پردازد که افراد باعلاقه‌های یکسان را باهم تطابق می‌دهند و بر این اساس به ارائه توصیه می‌پردازد,t,s,,h ekhbari,non-past,imperfective
,از فیلم‌های معروف او می‌توان به بازی در فیلم   آستریکس در بازی‌های المپیک   اشاره کرد.,t,s,,h ekhbari,non-past,imperfective
,BQP برای مدت زیادی به عنوان یک مسئله سخت محاسباتی شناخته می‌شد.,t,s,,m estemrari,past,imperfective
,جریان توربولانس باعث عدم ماند مواد معلق می‌شود.,a,c,,h ekhbari,non-past,imperfective
,او کوچکترین پسر یک تاجر بزرگ پارچه اهل شانگ‌های بود.,t,s,,m sade,past,indicative
,این قرارگاه در وبسایت رسمی خود استراتژی جدیدی برای خود تعریف نموده از قول سردار رستم قاسمی اعلام داشته که: این قرار گاه قصد دارد با صرف نظر از پروژه‌های کوچک و متوسط، عهده‌دار اجرای پروژه‌های بزرگ عمرانی در کشور شود و با ایجاد فضای رقابت قیمت پروژه‌های بزرگ اقتصادی را واقعی کرده و در پروژه‌های بزرگ همانند فاز ۱۵ و ۱۶ پارس جنوبی جایگزین شرکت‌های بزرگ خارجی در عرصه سازندگی شود.,t,s,,m naghli,past,narrative
,لایه اپیدرمی بالا دارای ضخامت حدود 0.1-0.2 میلی‌متر است و عمدتاً از کراتینوسیت‌ها تشکیل می‌شود که تنها از شبکه مویرهٔ مجاور اولیه تشکیل شده‌است.,s,s,,h sade,non-past,indicative
,بعبارت دیگر مجموعهٔ این نظریه‌ها بدنبال شناخت و تبیین رفتارهای جامعه پیرامون تقاضای پول و نحوهٔ تأثیرپذیری آن از متغیرهای اقتصادی یا تأثیرگذاری آن بر رفتار این متغیرها می‌باشد.,a,s,,h ekhbari,non-past,imperfective
,در نهایت در ۲۱ نوامبر ۱۹۸۷ کنگره آمریکا ریگان را مسئول همه اشتباهات مک‌فارلین معرفی کرد.,t,s,,m sade,past,indicative
,در تاریخ سه شنبه ۲۴اسفند ۱۳۱۶ یک فروند از هواپیماهای این شرکت در نخستین ماموریت خود عازم بغداد شد.,s,s,,m sade,past,indicative
,وی حاشیه بر کفایه آخوند خراسانی و نهایه طوسی نگاشت.,t,s,,m sade,past,indicative
,روسها می‌بایستی الزاماً سه نفره و پشت سر هم فرمان حمله را صادر کنند.,a,c,,h eltezami,non-past,subjunctive
,این وظایف شامل کنترل گردش و اعلام سررسید می‌شدند.,a,s,,m estemrari,past,imperfective
,در سال ۲۰۰۶ او برای رهبری حزب جمهوریخواه در مجلس نمایندگان تلاش کرد که رقابت را به جان بینر از اهایو واگذار کرد.,t,s,,m sade,past,indicative
,در یوگا چهار گام برای رسیدن به   چرخه‌شکنی   لازم است: خدمت بی‌چشمداشت به آفریدگان، عشق خودزداینده، نیروی تشخیص مطلق، و استغراق «شاهانه» در مراقبه.,t,s,,h sade,non-past,indicative
,اخیراً کارشناسان قدمت تنه یک درخت کهن پسته – در روستای اسماعیل‌آباد زرند را به بیش از 400 سال تخمین زده‌اند,t,s,,m naghli,past,narrative
,هم‌چنین این سریال، بسیاری از هنرپیشگان و افراد معروف را مجذوب خود کرده‌است.,s,s,,m naghli,past,narrative
,اَبَرصدساله به شخص کهنسالی گفته می‌شود که ۱۱۰ سال یا بیشتر عمر کرده باشد.,a,s,,h ekhbari,non-past,imperfective
,ناصرالدین آلپ غازی، والی شهر، به مذاکره پرداخت و وانمود کرد که از جانب معزالدین محمد اجازه انعقاد صلح را دارد؛ بدین ترتیب قرار شد که غوریان به خراسان تجاوز نکنند و خوارزمشاهیان نیز به غور حمله نکنند و همچنین آلپ غازی متعهد شد مالی را به خوارزمشاه پرداخت کند.,a,s,,m sade,past,indicative
,استراحتگاه اسکی، استراحتگاه کوهستانی و استراحتگاه آبگرم نمونه‌های دیگر هستند.,s,s,,h sade,non-past,indicative
,در کنار ساختمان حمام سردشت، یک حمام دیگر متعلق به دوره قاجار قرار دارد.,s,s,,h sade,non-past,indicative
,همزمان با عقب‌نشینی عثمانی‌ها از دمشق در سال ۱۹۱۸م؛ بر اثر پیروزی مبارزان عرب با همکاری انگلیس در برابر عثمانی‌ها او به نیابت از شریف حسین (رهبر قیام پیروز شده بر عثمانی با نام انقلاب بزرگ عربی)، خود را به عنوان رئیس حکومت عربی در سوریه اعلام کرد.,t,s,,m sade,past,indicative
,بسیاری از بناهای عصر سلجوقی و ایلخانی با گچبری تزیین شده‌اند.,t,s,,m naghli,past,narrative
,فصل ۱۰ این کتاب دربارهٔ اشتغال، بازار کار و امنیت ملی و فصل ۱۱ در خصوص مسئله فرار سرمایه انسانی و امنیت ملی می‌باشد.,s,s,,h ekhbari,non-past,imperfective
,همین الان مقاله را نگاه کنید.,a,s,,h eltezami,non-past,subjunctive
,آزار ممکن است طوری طراحی شده باشد که به‌طور غیرمستقیم توسط قربانی دریافت شود و او را هدف قرار دهد، بی‌اینکه مکالمهٔ مستقیمی بین مهاجم و قربانی برقرار شده باشد.,s,s,,m eltezami,past,subjunctive
,این فرهنگ‌ها مهارت‌های نسبتاً پیشرفته داشتند: آن‌ها کشت، طلا و نقره کاری، سفالگری، متالورژی، و بافندگی را توسعه دادند.,t,s,,m sade,past,indicative
,قرارداد تأمین تجهیزات دو واحد توربوژنراتور گازی نیروگاه الصدر عراق میان شرکت صانیر- عامران افق عراق، به عنوان کارفرما و گروه مپنا در ۲۲ خرداد ۱۳۸۷ منعقد شد.,s,c,,m sade,past,indicative
,بدین ترتیب هر عنصری که جستجو می‌شود در صورتی که عنصر ابتداییِ فهرست نباشد با عنصر پیش از خود جابه‌جا می‌شود تا اولویت آن افزایش پیدا کند.,t,s,,h ekhbari,non-past,imperfective
,کشش جایگزینی (نام کامل نرخ نهایی جایگزینی تخصیص نسبی) بر نرخ بهره واقعی تأثیر می‌گذارد.,a,s,,h ekhbari,non-past,imperfective
,سپس نخستین آلبوم خود تحت عنوان   نی‌زن بر دروازه‌های سپیده‌دم   را عرضه کردند که اثری موفقیت‌آمیز بود و باعث شهرت آن‌ها شد.,s,s,,m sade,past,indicative
,در واقع موجودات چهارپای خشکی‌زی از ماهی به وجود آمده و حدود ۴۰۰ میلیون سال پیش روی زمین گام نهادند.,a,s,,m naghli,past,narrative
,پس از ترور وی، دولت تونس طی بیانیه‌ای از احیای سازمان اطلاعات ملی این کشور خبر داد.,t,s,,m sade,past,indicative
,آمار برگرفته از مرکز ملی آمار (ایتالیا) می‌باشد.,a,s,,h ekhbari,non-past,imperfective
,حکومت منطقه‌ای شمال شرق حکومت صلاح الدین را اداره می‌کرد,a,s,,m estemrari,past,imperfective
,در ۱۹۹۹ دیگر شرکت‌ها نیز به این مراسم پیوستند.,t,s,,m sade,past,indicative
,گروهی از محققان بر این باورند که این مقبره بن علی بن مهزیار تعلق ندارد؛ زیرا او در شهر اهواز مدفون است رضا احمدی بجنوردی، محقق تاریخ جاجرم، در مقاله‌ای ضمن تلاش برای اثبات تعلق این مقبره به علی بن مهزیار اهوازی، علت پیش آمدن این تردید را چنین بیان داشته‌است: «تشابه اسمی بین علی بن مهزیار و علی بن ابراهیم بن مهزیار و نیز ذکر برخی از احادیث با کلمهٔ قال ابن مهزیار باعث به اشتباه افتادن بعضی از علمای رجال شده و هر دو نفر را یکی دانسته‌اند.,t,s,,h sade,non-past,indicative
,این سامانه با انتقال مدیریت ذخیره‌سازی به لایه ای مستقل، ایستایی سیستم و زمان سرویس دهی مفید بیشتری را ارایه می‌نماید.,a,s,,h ekhbari,non-past,imperfective
,در این بازی یک نفر به حالت خمیده و دست بر زانو (رکوع) می‌ایستد و در فاصله کمی قبل از وی یک لنگه گیوه به عنوان دال (نشان) قرار داده می‌شود.,a,s,,h ekhbari,non-past,imperfective
,و   پوسترزدگی   که از چند سال قبل دربارهٔ آن بحث شده بود، دنبال کرد.,t,c,,m baed,past,precedent
,او خبرنگار یک روزنامه روستایی شد و بعدها به خبرنگار روزنامه عصر ایالتی هرالد در ملبورن تبدیل شد، او به عنوان گزارشگر و منتقد در دفاتر ملبورن و سیدنی فعالیت می‌کرد.,t,s,,,,
,او در سال ۱۳۶۳ در بنیاد فارابی و سپس در واحد تأمین فیلم‌های خارجی صدا و سیما مشغول به کار شد.,s,s,,,,
,چنانچه مطابق ماده ۳۹ منشور سازمان ملل متحد: شورای امنیت وجود هرگونه تهدید علیه صلح، نقض صلح، یا عمل تجاوز را احراز و توصیه‌هایی خواهد نمود یا تصمیم خواهد گرفت که برای حفظ یا اعاده صلح و امنیت بین‌المللی به چه اقداماتی برطبق مواد ۴۱ و ۴۲ باید مبادرت شود.,t,s,,,,
,  قلعه بیگ یک روستا در ایران است که در استان فارس واقع شده‌است.,a,s,,,,
,بر اساس مجموعه‌ای از نظریات، بازارهای مالی در زمان‌های خاصی از سال آبستن تغییرات قابل توجه در قیمت هستند.,s,s,,,,
,مقالهٔ چهارم راجع به ترتیب اجناس است و در آن توضیح داده شده که چه طور با پیوستن دو جنس با کمک یک فاصلهٔ طنینی (دوم بزرگ) در بینشان، می‌توان یک دور کامل (یک اکتاو) را به دست آورد.,t,s,,,,
,دندان‌های گراز در معبد آپولون، واقع در شهر باستانی کومای، نگهداری شد.,s,c,,,,
,حتی اگر صادقانه هم پای کار بیاید اما نمی‌تواند که مقابل آمریکا قرار گیرد.,t,s,,,,
,در کربن رایج‌ترین پیوندهای سه‌گانه بین دو اتم کربن، در آلکین‌ها دیده می‌شود.,s,s,,,,
,شهرستان استفنسون ۱٬۴۶۳٫۳۵ کیلومتر مربع مساحت دارد.,s,s,,,,
,فریدریش روزن در سال ۱۸۵۶ در لایپزیگ به دنیا آمد.,t,s,,,,
,جمعیت این شهر بر اساس سرشماری سال ۲۰۰۸ میلادی ۶۲٬۰۴۰ نفر و بر اساس برآوردهای سال ۲۰۰۹ میلادی ۶۲٬۲۳۹ نفر می‌باشد.,a,s,,,,
,اسپانیا در بازی‌های المپیک تابستانی ۱۹۶۰ که در شهر رم برگزار شد، کاروان اسپانیا با ۱۴۴ ورزشکار در این رقابت‌ها شرکت کرد و موفق به کسب ۱ مدال (۰ طلا، ۰ نقره، ۱ برنز) شد.,s,s,,,,
,او در ترکیه اعلام کرد که وکیلش نسرین ستوده به او خبر داده که دادگاه برای او حکم ۲ سال تعزیری و ۱۸ سال تعلیقی صادر کرده‌است.,t,c,,,,
,فریدریش روزن در سال ۱۸۵۶ در لایپزیگ به دنیا آمد.,t,s,,,,
,جمعیت این شهر بر اساس سرشماری سال ۲۰۰۸ میلادی ۶۲٬۰۴۰ نفر و بر اساس برآوردهای سال ۲۰۰۹ میلادی ۶۲٬۲۳۹ نفر می‌باشد.,a,s,,,,
,اسپانیا در بازی‌های المپیک تابستانی ۱۹۶۰ که در شهر رم برگزار شد، کاروان اسپانیا با ۱۴۴ ورزشکار در این رقابت‌ها شرکت کرد و موفق به کسب ۱ مدال (۰ طلا، ۰ نقره، ۱ برنز) شد.,s,c,,,,
,او در ترکیه اعلام کرد که وکیلش نسرین ستوده به او خبر داده که دادگاه برای او حکم ۲ سال تعزیری و ۱۸ سال تعلیقی صادر کرده‌است.,t,c,,,,