Caption	Class	Subclass	Verb	Language
stand back ! person pushes away the crowd as threatening people in white fill the area	atelic	durative	stand back	en
a white with animal is standing in dirt , its front right paw is up .	atelic	durative	is standing in dirt	en
police officers stand guard at a residential neighborhood where police conducted a raid on a house used by suspected militants	atelic	durative	stand guard	en
try to understand people before trusting them .	atelic	durative	try to understand	en
face of bird is standing on the branch	atelic	durative	is standing on branch	en
this church stands on a windswept hill near where i live and it 's a favourite subject , but the weather and the lighting has to be right .	state	durative	stands on a hill	en
a big horned sheep stands on top of a rock formation	atelic	durative	stands on a hill	en
tourist is standing on a rock isolated on white background .	atelic	durative	stands on a rock	en
the altar stands out for having elements of local architecture	state	durative	stands out	en
a sunflower stands tall in the afternoon sun along with a bee	atelic	durative	stands in the sun	en
football player stands outside religion where vandals have damaged the windows .	atelic	durative	stands outside church	en
workers in protective overalls stand amongst slaughtered cattle .	atelic	durative	stand among cattle	en
a sad little girl sits by the window with person watching the rain drops fall	atelic	durative	sits by the window	en
signature seated pose , sees her sit with legs slanted , ankles and knees together and hands cradled in her lap	state	durative	sees her sit	en
members sit stationed outside a home on the block tuesday with reports of a man barricaded inside .	atelic	durative	sit outside	en
very tiny organisms made up of a small number of cells they can have characteristics similar to plants or animals	state	durative	have characterisitcs	en
a secret , newly - built bunker is situated underneath the sprawling grounds	state	durative	is situated	en
this property sits on a beautiful white sand beach .	state	durative	sits	en
visit the early morning fish market	atelic	durative	visit the market	en
an antigovernment protesters sit in front an improvised barricade with an umbrella during a protests against president .	atelic	durative	sit in front	en
horseback is this woman 's chosen position to plait a horse 's mane for showing at an a city agricultural	state	durative	is position	en
a soft toy sat on the wall with a blue sky background	state	durative	sit on the wall	en
going for a ride : the family have been enjoying a vacation following soccer league	atelic	durative	go for a ride	en
the witness was driving northbound along route when the object was first seen .	atelic	durative	was driving northbound	en
film character wanted to get rid of the birds to protect them from the farmer .	state	durative	wanted to get rid 	en
cars drive along a main road	atelic	durative	drive along road	en
person drives a tank during a visit	atelic	durative	drives a tank	en
i drive over stuff - a pretty cool jeep , 4x4 , or truck t - shirt	atelic	durative	drive over stuff	en
senior is playing the guitar isolated on white	atelic	durative	playing the guitar	en
the new mini comes with a display .	state	durative	comes with display	en
a toddler and his mom plays with chalk on an outdoor patio	atelic	durative	plays with chalk	en
playing in the parade , sports team play down main street last may .	atelic	durative	play down main street	en
funny little dog plays with a pillow	atelic	durative	play with pillow	en
play around with different period times to get the look that you want and fits your wedding theme .	atelic	durative	play around	en
architecture played a starring roles in these films	atelic	durative	played a starring role 	en
there is a children playground in front of the house	state	durative	is a playground	en
stock vector of donut play the ape with green hat .	atelic	durative	play the ape	en
