Caption	Class	Subclass	Verb	Language
所有城市都应该是这样的，每个人都有空间，并且总体安全。	state			zh
那是一种美丽的动物	state			zh
一個男人躺在海邊	atelic			zh
男子在網球場上說話	atelic			zh
女孩正坐在床上	atelic			zh
美丽的家居，具有特殊的女性化触感。这里有奢华和品味。	state			zh
孩子們正在玩	atelic			zh
他正坐着	atelic			zh
女人坐着	atelic			zh
有一個孩子用他的滑板表演激進的單工，有幾個人在看和拍攝孩子。	atelic			zh
好牧人总是照顾他的羊！好牧人总是照顾他的羊！	state			zh
一直布玩偶兔子在使用牙刷刷牙	atelic			zh
那是一条铁路	state			zh
鹿正站在森林裡	atelic			zh
他坐在桌子旁边	atelic			zh
当我们睡觉时，我们的灵魂会在其他方面进行旅行，并可以在梦中向我们揭示故事。	state			zh
运动员在训练中。	atelic			zh
特别浴室配有温暖的毛巾，提供恢复浴缸。	state			zh
一位男孩在沙滩上放风筝。	atelic			zh
浴室看起来很旧很糟糕。	state			zh
巴士停在停车场	atelic			zh
人们正在使用手机	atelic			zh
那个男孩看起来像英雄，我爱雪。	state			zh
很多汽車都在旁邊的街道上徘徊	atelic			zh
牛站在地上	atelic			zh
那是一间休息室	state			zh
一只狗正坐在椅子上	atelic			zh
那只猫正坐在那里	atelic			zh
将盘子装入食物中	state			zh
熊是美丽的	state			zh
他在店里工作	atelic			zh
山羊正走在路上	atelic			zh
我正在使用这个洗手间	atelic			zh
孩子們正在玩	atelic			zh
一個男人在網球上打球	atelic			zh
这是一条道路规则	state			zh
极限运动让人们担心运动员的安全，但看起来很漂亮。	state			zh
幾朵花中的消防栓。	state			zh
女孩坐在床上	atelic			zh
多輛卡車在製造區域內佔有一席之地	state			zh
人在冰上摔跤	atelic			zh
他正在玩耍	atelic			zh
狗在床上休息	atelic			zh
那个男人在海里嬉戏	atelic			zh
自然是完美的，从生活，美丽到动物都是如此。	state			zh
交通信号灯已在树附近竖立	telic			zh
雪上运动给我们带来快乐和自由感	telic			zh
美丽的地方，自然是完美的。	state			zh
那是一个背景	state			zh
我正在看钟	atelic			zh
黃色巴士停了下來。	telic			zh
那是一种动物	state			zh
食物看起来很漂亮	state			zh
她正在用手机通话	atelic			zh
這張照片中有兩台電腦	state			zh
那是飞机	state			zh
這張照片需要晚上拍攝	state			zh
狗在車外面看	atelic			zh
那个男人在海里嬉戏	atelic			zh
树很漂亮	state			zh
一個女孩騎在地上騎馬	atelic			zh
湯姆正在觀看電視節目	atelic			zh
火車去了一些地方	telic			zh
滑板运动是一项需要大量训练的极限运动。	state			zh
卡车在路上行驶	atelic			zh
美丽的地方，珍稀动物，母亲保护幼崽。	state			zh
一只猫正在桌子上滑倒	atelic			zh
孩子们在教室里说话	atelic			zh
技术为我们带来了所需的信息。	telic			zh
男孩坐在椅子上	atelic			zh
你的个人物品是怎样的，你的生活也是如此！	state			zh
兩個男人看著一些東西	atelic			zh
在教练成功完成任务后，所有球员都聚在一起握手。	atelic			zh
这是一个地铁轨道	state			zh
我们需要改进汽车发动机，以改善我们在这个星球上的生活质量。	state			zh
斑马站在地上	atelic			zh
一個男人正在徘徊	atelic			zh
狗要走了	state			zh
那是新的样板房	state			zh
大象正在森林裡散步	atelic			zh
小猫在窗台上看风景	atelic			zh
猫坐在车上	atelic			zh
一隻貓看著筆記本螢幕。	atelic			zh
一头牛正在喝酒	atelic			zh
這張圖片中有兩隻動物	state			zh
准备好的人打棒球	state			zh
那是手机	state			zh
这些动物正站在森林里	atelic			zh
狗站在地上	atelic			zh
装饰精美的卡车停了下来	telic			zh
那是一个厕所	state			zh
马在地上休息	atelic			zh
这道菜非常好吃	state			zh
球员们正在房间里玩耍	atelic			zh
他在喝水	atelic			zh
男孩在雪地里玩耍	atelic			zh
她在笔记本电脑上工作	atelic			zh
古老而美丽的建筑是我们历史和文化的一部分。	state			zh
摩托车骑手站在他昂贵的摩托车附近	atelic			zh
她在地上玩耍	atelic			zh
熊是美丽的	state			zh
四个老人坐在长椅上。	atelic			zh
一位男士在大海上玩风帆	atelic			zh
那是一条道路	state			zh
那是一幢漂亮的房子	state			zh
雙人運動員網球比賽正在進行中	atelic			zh
猫坐在椅子上	atelic			zh
一個女孩正在她手裡拿著東西	atelic			zh
这些动物正站在森林里	atelic			zh
狗在椅子上	atelic			zh
机器已被用来混合面团	telic			zh
牛群在草原上，有母牛在哺乳小牛	atelic			zh
一個人正在電視前面跳舞	atelic			zh
斑马是非常美丽的动物	state			zh
鹿正站在那裡	atelic			zh
食物看起来很美味	state			zh
雙層公共汽車正在公路上行駛	atelic			zh
这艘船在河里旅行	atelic			zh
房子很完美，但人类担心什么	state			zh
这个男孩在海里玩	atelic			zh
一個男人正在試圖舔他的自行車	atelic			zh
人坐在路上	atelic			zh
货物中有桌子	state			zh
森林裡有更多的動物	state			zh
我在看电视	atelic			zh
宝贝在玩	atelic			zh
我喜欢动物	state			zh
房子很漂亮	state			zh
长袍非常美丽，我喜欢它。	state			zh
一個人在電視前面跳舞	atelic			zh
一個人站在船上，圖片顯示為黑色和白色模式	atelic			zh
一個漂亮的時鐘在大建築的牆上	atelic			zh
人們正在玩風箏	atelic			zh
一隻黑狗在看東西	atelic			zh
一隻可愛的麻雀站在那裡	atelic			zh
一些斑馬站在森林裡	atelic			zh
一個男人和他的風箏一起玩	state			zh
一个人在船上冲浪，一个人看到鸟儿在海上飞翔	atelic			zh
96號巴士正站在巴士站	atelic			zh
一個女人正站在公交車上	atelic			zh
一片橙色在盤子裡	atelic			zh
海灘附近的人騎馬	state			zh
山羊正在開放的地方	atelic			zh
懷孕的女士是為攝影擺姿勢	state			zh
房子湯姆在椅子上睡覺	atelic			zh
一位老太太正在用手機通話	atelic			zh
一個強大的女人準備在海上滑行	atelic			zh
有人把橙子放在瓶子裡	atelic			zh
一個人在海浪中滑行	atelic			zh
兩個人在巴士站有所期待	atelic			zh
斑馬在森林裡吃東西	atelic			zh
球員們在地上打棒球	atelic			zh
一個可愛的寶寶在碗裡吃東西	atelic			zh
一個男人正在切奶油蛋糕	atelic			zh
最大的白熊貓正在咆哮	atelic			zh
