Caption	Class	Subclass	Verb	Language
یک مرد وزنه را پرتاب می کند.	telic	استمراری	پرتاب کردن	fa
یک خانوم تنیس بازی می کند.	atelic	استمراری	بازی کردن	fa
یک مرد توپ را می گیرد.	atelic	استمراری	گرفتن	fa
یک مرد می خواهد توپ را پرتاب کند.	atelic	استمراری	پرتاب کردن	fa
یک اتوبوس در خیابان است.	state	ساده	بودن	fa
یک خانوم موج سوار به سمت دریا می رود.	atelic	استمراری	رفتن	fa
دو گورخر و یک گاو وحشی در کنار رودخانه می چرند.	atelic	استمراری	چریدن	fa
یک مرد موج سواری می کند.	atelic	استمراری	کردن	fa
اسکی بازان در بالای کوه پر از برف هستند.	state	ساده	بودن	fa
این ایستگاه اتوبوس قابل استفاده نیست.	state	ساده	بودن	fa
پنج کامپیوتر روی میز کار است.	atelic	استمراری	بودن	fa
دو خانوم کیک را تقسیم می کنند.	state	ساده	تقسیم کردن	fa
دو خانوم در ایستگاه اتوبوس هستند.	state	ساده	بودن	fa
یک هواپیما در آسمان است.	state	ساده	بودن	fa
یک سگ روی صندلی نشسته است.	atelic	استمراری	نشستن	fa
یک مرد صحنه نمایش را درست می کند.	atelic	استمراری	درست کردن	fa
سه پسر و یک خانوم با نینتندو سوییچ  بازی می کنند.	atelic	استمراری	بازی کردن	fa
یک کامیون در جاده حرکت می کند.	atelic	استمراری	بازی کردن	fa
یک مرد با فیل صحبت می کند.	atelic	استمراری	صحبت کردن	fa
یک خرس سفید دهانش را باز می کند.	atelic	استمراری	باز کردن	fa
یک خانوم بچه خرس را در آغوش گرفته است.	atelic	استمراری	در آغوش گرفتن	fa
یک گربه روی صندلی نشسته است.	atelic	استمراری	نشستن	fa
یک مرد و یک زن در آشپزخانه لبخند می زنند.	atelic	استمراری	لبخند زدن	fa
یک سگ از پنجره اتومبیل به بیرون نگاه می کند.	atelic	استمراری	نگاه کردن	fa
یک گربه روی میز نشسته است.	atelic	استمراری	نشستن	fa
مسافران در ترمینال در رفت و آمد هستند.	atelic	استمراری	بودن	fa
یک مرد در پیاده رو  راه می رود.	atelic	استمراری	راه رفتن	fa
عابران در پیاده رو قدم می زنند.	atelic	استمراری	قدم زدن	fa
یک مرد بشقاب فریزبی را به سمت پسر پرتاب می کند.	telic	ساده	پرتاب کردن	fa
یک خانوم روی تخت اتاق خواب نشسته است.	atelic	استمراری	نشستن	fa
یک خانوم تنیس بازی می کند.	atelic	استمراری	بازی کردن	fa
دختران و پسران فریزبی بازی می کنند.	atelic	استمراری	بازی کردن	fa
یک مرد تنیس باز به توپ ضربه می زند.	telic	ساده	ضربه زدن	fa
دو مرد در میان دریا در قایق بادبانی هستند.	atelic	استمراری	بودن	fa
یک خانوم تنیس بازی می کند.	atelic	استمراری	بازی کردن	fa
یک پرنده روی آینه ی اتومبیل است.	state	ساده	بودن	fa
یک پرنده روی یک تکه چوب نشسته است.	atelic	استمراری	نشستن	fa
یک مرد اسکیت برد بازی می کند.	atelic	استمراری	بازی کردن	fa
یک خانوم با کامپیوتر تایپ می کند.	atelic	استمراری	تایپ کردن	fa
مسافران هواپیما به سمت اتوبوس می روند.	telic	ساده	رفتن	fa
یک مرد یک گوسفند را روی شانه هایش حمل می کند.	atelic	استمراری	حمل کردن	fa
یک گربه به مانیتور کامپیوتر نگاه می کند.	atelic	استمراری	نگاه کردن	fa
زرافه ها در باغ وحش هستند.	state	ساده	بودن	fa
یک فیل در باغ وحش است.	state	ساده	بودن	fa
یک گوساله شیر می خورد.	atelic	استمراری	خوردن	fa
یک مرد و یک خانوم با چمدان هایشان در خیابان هستند.	state	ساده	بودن	fa
یک قایق در ساحل است.	state	ساده	بودن	fa
یک مرد میوه فروش حرکات کششی انجام می دهد.	atelic	استمراری	انجام دادن	fa
یک مرد در ساحل بادبادک بازی می کند.	atelic	استمراری	بازی کردن	fa
یک خانوم با موبایل صحبت می کند.	atelic	استمراری	صحبت کردن	fa
یک مرد در آشپزخانه آشپزی می کند.	atelic	استمراری	آشپزی کردن	fa
یک اسکی باز در پیست اسکی راه می رود.	atelic	استمراری	راه رفتن	fa
دو گوسفند در میان بوته ها هستند.	state	ساده	بودن	fa
زرافه ها در باغ وحش هستند.	state	ساده	بودن	fa
یک اسب روی زمین نشسته است.	atelic	استمراری	نشستن	fa
یک خانوم و پسر جوان شیرینی می خرند.	atelic	استمراری	خریدن	fa
یک پسر و یک دختر بازی کامپیوتری می کنند.	state	ساده	بازی کردن	fa
یک مرد از بشقاب غذایش در رستوران عکس می گیرد.	telic	ساده	عکس گرفتن	fa
یک دختر خردسال غذا می خورد.	atelic	استمراری	خوردن	fa
یک خانواده در یک شب برفی در زیر یک چتر هستند.	state	ساده	بودن	fa
یک سگ در زیر لحاف خوابیده است.	atelic	استمراری	خوابیدن	fa
یک مرد تنیس بازی می کند.	atelic	استمراری	بازی کردن	fa
چهار مرد سالمند روی نیمکت نشسته اند.	atelic	استمراری	نشستن	fa
یک پسر خردسال شیر می خورد.	atelic	استمراری	خوردن	fa
یک خرس در جنگل روی علف ها خوابیده است.	atelic	استمراری	خوابیدن	fa
یک مرد موج سواری با کایت می کند.	atelic	استمراری	موج‌سواری کردن	fa
یک خانوم موج سواری  می کند.	atelic	استمراری	موج‌سواری کردن	fa
یک سگ به دریا نگاه می کند.	atelic	استمراری	نگاه کردن	fa
یک خانوم نیتندو  بازی می کند.	atelic	استمراری	بازی کردن	fa
یک مرد اسکیت برد بازی می کند.	atelic	استمراری	بازی کردن	fa
سه مرد فریزبی بازی می کنند.	atelic	استمراری	بازی کردن	fa
یک گربه به تلویزیون نگاه می کند.	atelic	استمراری	نگاه کردن	fa
بازیکن تنیس با داور صحبت می کند.	atelic	استمراری	صحبت کردن	fa
یک خانوم به پسر خردسال ساندویچ سوسیس می دهد.	telic	ساده	دادن	fa
دو  خانوم با یک سگ در ساحل هستند.	state	ساده	بودن	fa
یک گروه مردان موتورسوار در خیابان است.	state	ساده	بودن	fa
یک گاو یک قطعه یخ را بو می کشد.	telic	ساده	بو کشیدن	fa
یک فیل بزرگ خودش را به یک میله می مالد.	atelic	استمراری	مالیدن	fa
یک مرد اسکیت برد بازی می کند.	atelic	استمراری	بازی کردن	fa
گوسفندان در مرتع می چرند.	atelic	استمراری	چریدن	fa
دو خانوم در ساحل شنی آفتاب می گیرند.	atelic	استمراری	آفتاب گرفتن	fa
یک خانوم موج سواری می کند.	atelic	استمراری	موج‌سواری کردن	fa
یک خانوم به یک کتاب نگاه می کند.	atelic	استمراری	نگاه کردن	fa
دو نفر روی نیمکت کنار ساحل نشسته اند.	atelic	استمراری	نشستن	fa
دو خانوم و یک مرد با گوشی موبایل خود کار می کنند.	atelic	استمراری	کار کردن	fa
چند خانوم به اتومبیل های تزیین شده با گل نگاه می کنند.	atelic	استمراری	نگاه کردن	fa
دو مرد بیس بال بازی می کنند.	atelic	استمراری	بازی کردن	fa
یک خانوم با دو گوشی موبایل کار می کند.	atelic	استمراری	کار کردن	fa
افراد در بالای تپه کایت سواری را تماشا می کنند.	atelic	استمراری	تماشا کردن	fa
پلیس موتورسیکلت سوار در خیابان است.	state	ساده	بودن	fa
یک مرد از اسکیت سوار فیلمبرداری می کند.	atelic	استمراری	فیلم‌برداری کردن	fa
یک قطار روی ریل راه آهن است.	state	ساده	بودن	fa
یک قطار روی ریل حرکت می کند.	atelic	استمراری	حرکت کردن	fa
یک مرد داخل لیوان شراب می ریزد.	atelic	استمراری	ریختن	fa
دو مرد اسکی بازی می کنند.	atelic	استمراری	بازی کردن	fa
یک خانوم روی یک نیمکت نشسته است.	atelic	استمراری	نشستن	fa
یک کلاغ روی یک میله کنار خیابان نشسته است.	atelic	استمراری	نشستن	fa
یک پرنده روی لبه ی  یک کتاب نشسته است.	atelic	استمراری	نشستن	fa
یک اتوبوس در خیابان در حرکت است.	atelic	استمراری	بودن	fa
یک اتومبیل در کنار جاده پارک شده است.	state	ساده	بودن	fa
یک هواپیما در آسمان است.	state	ساده	بودن	fa
یک سگ و یک گربه در اتاق نشیمن است.	state	ساده	بودن	fa
یک مرد اسکی بازی می کند.	atelic	استمراری	بازی کردن	fa
یک دختر خردسال مسواک می زند.	atelic	استمراری	مسواک زدن	fa
دو مرغ دریایی در بالای دریا پرواز می کنند.	atelic	استمراری	پرواز کردن	fa
یک مرد از ساختمان های شهر عکسبرداری می کند.	atelic	استمراری	عکس‌برداری کردن	fa
سه گورخر در باغ وحش هستند.	state	ساده	بودن	fa
مسافران بیرون از اتوبوس هستند.	state	ساده	بودن	fa
یک هواپیما در آسمان پرواز می کند.	atelic	استمراری	پرواز کردن	fa
یک مرد داخل اتوبوس ایستاده است.	state	ساده	ایستادن	fa
گله گورخر ها از میان رودخانه عبور می کنند.	atelic	استمراری	عبور کردن	fa
یک گاو در کنار دیوار خانه ایستاده است.	state	ساده	ایستادن	fa
زنان و مردان دور یک میز با هم نشسته اند.	state	ساده	نشستن	fa
یک مرد از خودش و دختر نوازادش عکس می گیرد.	atelic	استمراری	عکس‌برداری کردن	fa
گله گوسفندان در مرتع استراحت می کند.	atelic	استمراری	استراحت کردن	fa
یک قطار روی ریل راه آهن در حرکت است.	atelic	استمراری	بودن	fa
یک خانوم با کامپیوتر کار می کند.	atelic	استمراری	کار کردن	fa
یک سگ روی نیمکت نشسته است.	atelic	استمراری	نشستن	fa
یک مرد سوار موتور سیکلت است.	state	ساده	بودن	fa
یک خانوم به سمت بالا نگاه می کند.	atelic	استمراری	نگاه کردن	fa
دو گوسفند روی زمین نشسته اند.	state	ساده	نشستن	fa
چهار سگ با هم بازی می کنند.	atelic	استمراری	بازی کردن	fa
یک خرس در جنگل است.	state	ساده	بودن	fa
یک دختر خردسال غذا می خورد.	state	ساده	خوردن	fa
چهار مرد در ساحل اسب سواری می کنند.	atelic	استمراری	اسب‌سواری کردن	fa
چهار مرد در میدان تنیس با هم صحبت می کنند.	atelic	استمراری	صحبت کردن	fa
گوسفندان در مرتع می چرند.	atelic	استمراری	چریدن	fa
یک مرد بیس بال بازی می کند.	atelic	استمراری	بازی کردن	fa
یک مرد موج سواری می کند.	atelic	استمراری	موج‌سواری کردن	fa
دو خانوم روی نیمکت نشسته اند.	atelic	استمراری	نشستن	fa
یک مرد موج سواری می کند.	atelic	استمراری	موج‌سواری کردن	fa
یک سگ روی اسکیت برد است.	state	ساده	بودن	fa
یک گروه دوچرخه سواری می کنند.	state	ساده	دوچرخه‌سواری کردن	fa
یک خانوم و یک مرد با چتر زیر باران قدم می زنند.	atelic	استمراری	قدم زدن	fa
یک اتوبوس در ایستگاه است.	state	ساده	بودن	fa
یک اتوبوس دو طبقه در خیابان است.	state	ساده	بودن	fa
یک دختر خردسال یک موز می خورد.	atelic	استمراری	خوردن	fa
یک خانوم تنیس بازی می کند.	atelic	استمراری	بازی کردن	fa
یک خانوم در دستش یک کتاب است.	state	ساده	بودن	fa
یک موتورسیکلت سوار در کنار جاده است.	state	ساده	بودن	fa
یک خانوم تنیس بازی می کند.	atelic	استمراری	بازی کردن	fa
یک گربه روی گربه دیگر خوابیده است.	state	ساده	خوابیدن	fa
مرد تنیس باز به توپ ضربه می زند.	atelic	استمراری	ضربه زدن	fa
گله گوسفندان در مرتع می چرند.	atelic	استمراری	چریدن	fa
یک مرد در فر شیرینی می پزد.	atelic	استمراری	پختن	fa
یک مرد بیس بال بازی می کند.	atelic	استمراری	بازی کردن	fa
یک گوره خر علف می خورد.	atelic	استمراری	خوردن	fa
یک هواپیمای جت در آسمان پرواز می کند.	atelic	استمراری	پرواز کردن	fa
یک مرد روی نیمکت پارک با کامپیوتر کار می کند.	atelic	استمراری	کار کردن	fa
یک مرد با موبایل صحبت می کند.	atelic	استمراری	صحبت کردن	fa
یک مرد موتورسیکلت سوار در جاده حرکت می کند.	atelic	استمراری	حرکت کردن	fa
یک خانوم با کامپیوتر کار می کند.	atelic	استمراری	کار کردن	fa
یک سوارکار با اسب از روی یک مانع می پرد.	telic	ساده	پریدن	fa
یک سگ در خیابان است.	state	ساده	بودن	fa
یک مرد تنیس بازی می کند.	atelic	استمراری	بازی کردن	fa
دو نفر روی تخت اتاق خواب دراز کشیده اند.	atelic	استمراری	دراز کشیدن	fa
یک گربه از داخل سطل بیرون می پرد.	atelic	استمراری	پریدن	fa
مربی با دو بازیکن بیس بال صحبت می کند.	atelic	استمراری	صحبت کردن	fa
سه خانوم و یک سگ در کنار درخت کریسمس هستند.	state	ساده	بودن	fa
یک مرد موج سوار در ساحل دراز کشیده است.	atelic	استمراری	دراز کشیدن	fa
یک سگ روی تخت خوابیده است.	state	ساده	خوابیدن	fa
یک اتومبیل از چهاراه عبور می کند.	atelic	استمراری	عبور کردن	fa
سه پسر با نینتندو  سوییچ بازی می کنند.	atelic	استمراری	بازی کردن	fa
یک مرد اسکی بازی می کند.	atelic	استمراری	بازی کردن	fa
یک فیل از رودخانه خارج می شود.	state	ساده	خارج شدن	fa
یک خانوم از چتر استفاده می کند.	state	ساده	استفاده کردن	fa
یک دختر خردسال به عروسک خرس تدی نگاه می کند.	atelic	استمراری	نگاه کردن	fa
بازیکنان تیم بسکتبال وارد زمین بازی می شوند.	atelic	استمراری	وارد شدن	fa
یک مرد اسکیت برد بازی می کند.	atelic	استمراری	بازی کردن	fa
یک قطار روی ریل راه آهن در حرکت است.	state	ساده	بودن	fa
یک گله گاو در مرتع می چرد.	atelic	استمراری	چریدن	fa
یک مرد اسکیت برد بازی می کند.	atelic	استمراری	بازی کردن	fa
چهار مرد بیس بال بازی می کنند.	atelic	استمراری	بازی کردن	fa
یک دختر خردسال با نینتندو سوییچ بازی می کند.	atelic	استمراری	بازی کردن	fa
پسران خردسال فوتبال بازی می کنند.	atelic	استمراری	بازی کردن	fa
یک خانوم به شاخ های گوسفند دست می زند.	atelic	استمراری	دست زدن	fa
دو خرس توی آب با هم دعوا می کنند.	atelic	استمراری	دعوا کردن	fa
دو اسب مزرعه را شخم می زنند.	atelic	استمراری	شخم زدن	fa
یک مرد یک گوشی موبایل در دستانش است.	state	ساده	بودن	fa
یک مرد موج سواری می کند.	atelic	استمراری	موج‌سواری کردن	fa
یک خانوم با دوربین عکاسی می کند.	atelic	استمراری	عکاسی کردن	fa
دو گورخر با هم مبارزه می کنند.	atelic	استمراری	مبارزه کردن	fa
دو توریست در کنار فیل و فیل بان در کنار رودخانه هستند.	state	ساده	بودن	fa
یک پسر خردسال اسکیت بازی می کند.	atelic	استمراری	بازی کردن	fa
یک مرد به یک نقطه خیره شده است.	atelic	استمراری	خیره شدن	fa
سه گورخر در باغ وحش هستند.	state	ساده	بودن	fa
یک اتوبوس در خیابن در حرکت است.	state	ساده	بودن	fa
دو سگ توی حیاط هستند.	state	ساده	بودن	fa
یک مرد تنیس بازی می کند.	atelic	استمراری	بازی کردن	fa
اسکی بازان در بالای کوه پر از برف هستند.	state	ساده	بودن	fa
دو مرد در کلاس به صفحه پروژکتور نگاه می کنند.	atelic	استمراری	نگاه کردن	fa
پسر خردسال به یک سی دی نگاه می کند.	atelic	استمراری	نگاه کردن	fa
یک مرد اسکی با کایت می کند.	atelic	استمراری	اسکی کردن	fa
یک خانوم به چوب بیس بال تکیه داده است.	atelic	استمراری	تکیده دادن	fa
چهار زرافه در باغ وحش هستند.	state	ساده	بودن	fa
یک مرد اسکیت برد بازی می کند.	atelic	استمراری	بازی کردن	fa
سه ماشین آتش نشانی در خیابان است.	state	ساده	بودن	fa
یک خانوم دستفروش با موبایل صحبت می کند.	atelic	استمراری	صحبت کردن	fa
گله فیل ها با هم حرکت می کنند.	atelic	استمراری	حرکت کردن	fa
یک سگ روی مبل نشسته است.	atelic	استمراری	نشستن	fa
یک مرد در رستوران با کامپیوتر کار می کند.	atelic	استمراری	کار کردن	fa
یک گربه روی کاپوت اتومبیل خوابیده است.	atelic	استمراری	خوابیدن	fa
دو فیل توی حصار هستند.	state	ساده	بودن	fa
یک قطار وارد تونل می شود.	atelic	استمراری	وارد شدن	fa
یک مرد به تلویزیون نگاه می کند.	atelic	استمراری	نگاه کردن	fa
یک خانوم لبخند می زند.	atelic	استمراری	لبخند زدن	fa
یک گربه از پشت پنجره نگاه می کند.	atelic	استمراری	نگاه کردن	fa
دو مرد در خیابان فوتبال بازی  می کنند.	atelic	استمراری	بازی کردن	fa
یک مرد روی لبه ی نیمکت نشسته است.	atelic	استمراری	نشستن	fa
یک قطار روی ریل راه آهن حرکت می کند.	atelic	استمراری	حرکت کردن	fa
اتوبوس مدرسه کنار جاده است.	state	ساده	بودن	fa
یک مرد موج سواری  می کند.	state	ساده	موج‌سواری کردن	fa
یک هواپیما در آسمان پرواز می کند.	atelic	استمراری	پرواز کردن	fa
مردان جوان فوتبال بازی می کنند.	state	ساده	بازی کردن	fa
دو نفر در بالای کوه اسکی بازی می کنند.	state	ساده	بازی کردن	fa
یک مرد بیس بال بازی می کند.	atelic	استمراری	بازی کردن	fa
یک مرد موج سواری با بادبان می کند.	atelic	استمراری	موج‌سواری کردن	fa
یک فرد موهای دختر خردسال را با سشوار خشک می کند.	atelic	استمراری	خشک کردن	fa
یک مرد کیک را تقسیم می کند.	telic	ساده	تقسیم کردن	fa
یک مرد از پنجره اتوبوس به بیرون نگاه می کند.	atelic	استمراری	نگاه کردن	fa
یک فرد به دو گربه غذا می دهد.	atelic	استمراری	دادن	fa
یک مرد در کنار موتور سیکلت است.	state	ساده	بودن	fa
سه مرد لبخند می زنند.	atelic	استمراری	لبخند زدن	fa
یک مرد موز می فروشد.	telic	ساده	فروختن	fa
یک خرس سفید به آب رودخانه نزیک می شود.	telic	ساده	نزدیک شدن	fa
یک قطار روی ریل حرکت می کند.	atelic	استمراری	حرکت کردن	fa
یک مرد اسکیت برد بازی می کند.	atelic	استمراری	بازی کردن	fa
یک مرد فریزبی بازی می کند.	atelic	استمراری	بازی کردن	fa
یک زن اسکی بازی می کند.	atelic	استمراری	بازی کردن	fa
یک خرس در جنگل راه می رود.	atelic	استمراری	راه رفتن	fa
یک مرد اسب سواری می کند.	atelic	استمراری	اسب‌سواری کردن	fa
یک مرد موج سواری می کند.	atelic	استمراری	موج‌سواری کردن	fa
یک گربه از پشت پنجره به بیرون نگاه می کند.	atelic	استمراری	نگاه کردن	fa
یک مرد بیس بال بازی می کند.	atelic	استمراری	بازی کردن	fa
یک پسر خردسال با نینتندو  سوییچ بازی می کند.	atelic	استمراری	بازی کردن	fa
یک مرد به زرافه غذا می دهد.	atelic	استمراری	دادن	fa
یک هواپیما از روی باند فرودگاه بلند می شود.	atelic	استمراری	بلند شدن	fa
یک مرد با چتر در پیاده رو راه می رود.	atelic	استمراری	راه رفتن	fa
یک سگ می دود.	atelic	استمراری	دویدن	fa
یک زن اسکی بازی می کند.	atelic	استمراری	بازی کردن	fa
یک زن سوار بر اسب است.	state	ساده	بودن	fa
یک مرد اسکیت برد بازی می کند.	atelic	استمراری	بازی کردن	fa
یک مرد در ساحل چتربال سواری می کند.	atelic	استمراری	چترسواری کردن	fa
یک مرد اسب سواری می کند.	atelic	استمراری	اسب‌سواری کردن	fa
چهار گورخر در جاده است.	state	ساده	بودن	fa
یک پرنده روی لبه ی نیمکت نشسته است.	state	ساده	نشستن	fa
سه نفر فوتبال بازی می کنند.	atelic	استمراری	بازی کردن	fa
یک فرد بادبادک هوا می کند.	atelic	استمراری	هوا کردن	fa
بچه ها با نینتندو  سوییچ بازی می کنند.	atelic	استمراری	بازی کردن	fa
یک خانوم باردار  در رختخواب کتاب می خواند.	atelic	استمراری	خواندن	fa
یک دختر خردسال غذا می خورد.	atelic	استمراری	خوردن	fa
قطار روی ریل راه آهن حرکت می کند.	atelic	استمراری	حرکت کردن	fa
یک هواپیمای مسافربری بارگیری می کند.	atelic	استمراری	بارگیری کردن	fa
یک فرد با موبایل صحبت می کند.	atelic	استمراری	صحبت کردن	fa
یک موتورسوار در خیابان حرکت می کند.	atelic	استمراری	حرکت کردن	fa
چهار گاو در خیابان حرکت می کنند.	atelic	استمراری	حرکت کردن	fa
یک مرد اسکیت برد بازی می کند.	atelic	استمراری	بازی کردن	fa
