Caption	Class	Subclass	Verb	Language
Drei Leute stehen in einem großen Raum und spielen Nintendo Wii .	atelic	durative	stehen	de
ein Mann im Anzug steht in einem Büro	atelic	durative	steht	de
ein sehr schön aussehendes Motorrad steht neben einem Auto auf einem Parkplatz	state	durative	steht	de
Eine Giraffe steht im Gras neben Ziegelsteinen .	state	durative	steht	de
Eine Giraffe steht draußen bei einer Wand .	state	durative	steht	de
eine Giraffe steht im Gras neben einer Steinwand .	state	durative	steht	de
Während der Nachtzeit steht ein Auto in einer asiatischen Stadt an einer roten Ampel .	state	durative	steht	de
Leute stehen und fahren eine Gasse mit Mopeds entlang	state	durative	stehen	de
Kleine weibliche Figur steht über ein Spielzeug Toilette .	state	durative	steht	de
Die große Giraffe steht vor einem Baum .	state	durative	steht	de
eine giraffe steht im Jungel und siehst sich um .	state	durative	steht	de
Sechs Frauen stehen im Gras mit Tennisschlägern .	state	durative	stehen	de
Gläser voll Wein stehen bereit für eine Weinprobe .	state	durative	stehen	de
Ein kleiner Junge steht neber einem Mann mit einem Drachen spielend .	state	durative	steht	de
Ein Glas Bier steht neben einer Pizza .	state	durative	steht	de
ein Mann , neben einem Mann mit erhobenem Arm in einem Raum stehend .	state	durative	stehend	de
ein Farmer steht neben seinen Kühen an der Scheune .	state	durative	steht	de
ein Mann , der nahe bei eine Gruppe Kühe steht	state	durative	steht	de
Ein Mann steht vor einigen Kühe	state	durative	steht	de
Ein kleiner Vogel auf einem Stuhl stehend .	state	durative	stehend	de
Junge Männer stehen in einem sozialen Gebiet in der Stadt .	state	durative	stehen	de
"ein Mann mit einem Hut , neben einem ""No Smoking""-Schild stehend"	state	durative	stehend	de
zwei asiatische Männer stehen in der Nähe eines Rauchzeichens .	state	durative	stehen	de
zwei Leute stehen in der Nähe eines Schildes draußen auf einem Platz	state	durative	stehen	de
Ein Laptop-Computer steht auf einem Computer-Schreibtisch neben einer Tastatur .	state	durative	steht	de
zwei Bildschirme und Tastaturen , die nebeneinander auf einem Schreibtisch stehen .	state	durative	stehen	de
Ein paar geparkte Motorräder stehen vor einem Gebäude .	state	durative	stehen	de
eine Katze , die auf der Wiese in der Nähe eines Vogels steht	state	durative	steht	de
Ein schwarzer Kater steht über einem Vogel .	state	durative	steht	de
Eine Gruppe von Menschen steht zusammen in einem Wohnraum .	state	durative	steht	de
Ein Mann und eine Frau auf Skiern stehen zusammen auf dem Schnee .	state	durative	stehen	de
Ein paar Zebras stehen in einem staubigen Feld .	state	durative	stehen	de
Eine gruppe von Zebras steht nebeneinander .	state	durative	steht	de
ein braunes und ein weisses Pferd stehn mitten im Gras .	state	durative	stehn	de
Pferd , das auf einem großen eingezäunten Feld steht und grast .	state	durative	steht	de
Teller und Schalen vom Frühstück ,stehen auf einem Tisch .	state	durative	stehen	de
Ein nebeliger Glockenturm steht in der Nacht auf einer Strasse .	state	durative	steht	de
ein Bett mit Bettwäsche und Kissen steht in der Nähe eines Fensters durch das die Sonne herein scheint .	state	durative	steht	de
ein Mann , der auf einem Skateboard steht .	state	durative	steht	de
Frau mit Tennisschläger steht auf Rasenplatz .	state	durative	steht	de
Ein Mann mit Skiern steht im Schnee .	state	durative	steht	de
Ein Mann steht auf einem Gipfel , während er Skis an hat .	state	durative	steht	de
eine Kuh , die in der Mitte einer Zaun-abgegrenzten Wiese steht	state	durative	steht	de
eine Kuh steht im Gras neben einem Zaun .	state	durative	steht	de
ein Straßenzeichen , welches vor einem Gebäude steht .	state	durative	steht	de
Eine Frau steht mit einem Tennisschläger auf einem Tennisplatz .	state	durative	steht	de
ein Bär auf seinem hinteren Ende sitzt in einem gestellten Foto .	atelic	durative	sitzt	de
eine Schüssel Suppe sitzend nahe bei einer Platte von Fischrogen .	atelic	durative	sitzend	de
Der junge Junge sitzt in dem grünen Bereich und trägt eine blaue Krawatte .	atelic	durative	sitzt	de
Ein Stofftier sitzt auf einem Teller neben einem Sandwich .	state	durative	sitzt	de
ein Teddybär , der nahe bei einem Sandwich sitzt , halbieren auf einer Platte .	state	durative	sitzt	de
ein kleiner Laptop sitzt auf einem Schreibtisch .	state	durative	sitzt	de
n kleiner Vogel sitzt auf der Spitze eines Korbstuhl .	state	durative	sitzt	de
zwei menschen sitzen mit einem sonnenschirm auf dem elefant	state	durative	sitzen	de
Zwei Leute , die auf dem Rücken eines Elefanten sitzen .	state	durative	sitzen	de
es gibt Leute , die sitzen auf einem Elefanten unter Dach .	state	durative	sitzen	de
zwei verschiedene Schirme der Computeranzeige , wie sie auf einem Schreibtisch sitzen .	state	durative	sitzen	de
Ein Korb mit Obst sitzen auf einem Tisch .	atelic	durative	sitzen	de
katze sitzt auf dem schreibtisch vor im bildschirm	state	durative	sitzt	de
Eine Katze sitzt auf dem Tisch , auf Papieren vor einem Computer .	state	durative	sitzt	de
ein Stofftier sitzt neben einem Wii-Fernbedienung und einem Wii-Controller .	state	durative	sitzt	de
Ein Bett sitzend gegen eine graue Wand neben einem Fenster .	state	durative	sitzend	de
ein vogel , der auf einem baumast um andere äste herum sitzt .	state	durative	sitzt	de
kleiner vogel sitzt auf einem grünen zweig	state	durative	sitzt	de
ein kleiner Vogel sitzt auf einem Zweig einer grünen Pflanze .	state	durative	sitzt	de
Ein Stück Kuchen und Kaffeetasse sitzt auf einem Tablett .	state	durative	sitzt	de
zwei Männer sitzt auf einem braunen Sofa und rieschen am Wein .	state	durative	sitzt	de
Ein Mann sitzt auf einer Couch  neben einem anderen Mann .	state	durative	sitzt	de
Ein Vogel mit einem langen Hals , sitzt auf einem Berg aus Dreck .	state	durative	sitzt	de
Ein Holztisch mit ein Computer oben auf ihm sitzen .	state	durative	sitzen	de
Eine Große Pizza sitzt auf dem Tisch	state	durative	sitzt	de
ein kleines Mädchen , das auf einer Bank neben einem anderen kleinen Mädchen sitzt	atelic	durative	sitzt	de
Eine Frau sitzt an einem Tisch mit Gläsern , die mit Wein gefüllt sind .	state	durative	sitzt	de
Zwei Weingläser und ein Trinkglas sitzen an einem Tisch .	state	durative	sitzen	de
drei Leute sitzen und Halten Wii-Controller .	atelic	durative	sitzen	de
eine Bremsleuchte mit einem Verkehrsschild sitzt vor einem Gebäude .	state	durative	sitzt	de
Ein Teddybär mit einem Schild sitzt auf einem großen Stein .	state	durative	sitzt	de
Eine braune Teddybär oben auf Felsen sitzen .	state	durative	sitzen	de
Ein fusseliger Teddybär sitzt auf einem Felsblock .	state	durative	sitzt	de
Ein Teddy Bär sitzt auf ein paar Steinen .	state	durative	sitzt	de
Ein süsser kleiner brauner Teddybär sitzt auf einem Stein neben einem Busch .	state	durative	sitzt	de
Autos fahren hinunter eine Stadtstraße in der Nacht .	atelic	durative	fahren	de
Einige Vespas fahren eine Gasse entlang .	atelic	durative	fahren	de
Männer die einen belebten städtischen Einkaufsbezirk entlangfahren .	atelic	durative	entlangfahren	de
Leute fahren an einem verschneiten Tag mit Ski durch die Stadt .	atelic	durative	fahren	de
einen roten LKW über einen zerquetscht Auto fahren	atelic	durative	fahren	de
Ein Mann und eine Frau fahren Ski	atelic	durative	fahren Ski	de
autos fahren die strasse runter in die dreckige stadt	atelic	durative	fahren	de
ein Paar von gelben Taxis fahren durch eine Stadt Kreuzung .	atelic	durative	fahren	de
eine Person , die Baseball spielt	atelic	durative	spielt	de
beiden Teamkollegen von gegnerischen Mannschaften spielen Baseball .	atelic	durative	spielen	de
Eine Katze spielt mit seinen Pfoten an einer Computer-Maus auf einem Schreibtisch .	atelic	durative	spielt	de
Drei Frau spielen mit Wii-Fernbedienungen in einem Konferenzraum .	atelic	durative	spielen	de
Drei Frauen spielen ein Videospiel vor Zuschauern .	atelic	durative	spielen	de
Ein Trio von Frauen spielen die Nintendo Wii in einem Ausstellungsraum .	atelic	durative	spielen	de
ein mann spielt tennis auf dem tennisplatz	atelic	durative	spielt	de
Schwarz-weiß-Foto eines Mannes , der Tennis spielt .	atelic	durative	spielt	de
fünf Menschen spielen in den schneebedeckten Straßen der Stadt , zwei sind Skifahren .	atelic	durative	spielen	de
zwei Männer in einem Wohnzimmer , Videospiele spielend .	atelic	durative	spielend	de
Zwei Leute spielen ein Videospiel auf der Nintendo Wii .	atelic	durative	spielen	de
zwei Männer spielen Wii im Wohnzimmer .	atelic	durative	spielen	de
ein junger Mann , der Tennis spielt versucht , eine Vorhand zu schlagen .	atelic	durative	spielt	de
vier junge Leute , die Spiele auf einem Spielsystem spielen .	atelic	durative	spielen	de
Einige Personen spielen mit Controlern ein Spiel .	atelic	durative	spielen	de
Vier Leute Spielen Wii im Wohnzimmer .	atelic	durative	spielen	de
Zwei Kinder spielen draußen auf der Bank .	atelic	durative	spielen	de
Zwei Mädchen in Kleidern spielen auf und um eine weiße Bank .	atelic	durative	spielen	de