Caption	Class	Subclass	Verb	Language
لاعب يقوم برمى الكرة بقوة	atelic	Activity	يقوم	ar
لاعبة تنس تقوم بضرب الكرة بالمضرب	atelic	Activity	تقوم	ar
لاعبى بيسبول فى ارض الملعب	NA	NA	NA	ar
اتوبيس يقف بجانب الطريق	Stative	state	يقف	ar
فتاة تستعد للنزول الى البحر وشاب يقوم بالتزحلق على الماء	atelic	Activity	تستعد	ar
فتاة تستعد للنزول الى البحر وشاب يقوم بالتزحلق على الماء	atelic	Activity	يقوم	ar
مجموعة من الحمير الوحشية تاكل العشب	atelic	Activity	تاكل	ar
شاب يمارس رياضة التزحلق على الماء	atelic	Activity	يمارس	ar
مجموعة من الشباب يمارسون رياضة التزحلق على الجليد	atelic	Activity	يمارسون	ar
مجموعة من الشباب يقفون على الجليد	Stative	state	يقفون	ar
مجموعة من اللوحات الارشادية على الطريق	NA	NA	NA	ar
موقف للاتوبيسات العامة فقط	NA	NA	NA	ar
اطباق مليئة بالفواكه والخضروات	NA	NA	NA	ar
مكتب به مجموعة من اجهزة الكمبيوتر والتليفونات	NA	NA	NA	ar
فتاتان تقوما بتقطيع الحلوى فى اطباق	atelic	Activity	تقوما	ar
فتاتان ينتظرا الاتوبيس فى الموقف	atelic	Activity	ينتظرا	ar
طائرة تحلق فى الهواء	atelic	Activity	تحلق	ar
هاتفين على المكتب	NA	NA	NA	ar
كلب يجلس على الكرسي	Stative	state	يجلس	ar
بقرة تقف فى وسط الحشائش الخضراء	Stative	state	تقف	ar
شاب يقف امام سريران بهما دمى كبيرة	Stative	state	يقف	ar
مجموعة من الاطفال فى الفصل	NA	NA	NA	ar
شاحنة تمشي على الطريق	atelic	Activity	تمشي	ar
شاب يهمس للفيل	telic	Temporary state	يهمس	ar
قطار على السكة الحديد	NA	NA	NA	ar
ساعة ضخمه فى اعلى مبنى	NA	NA	NA	ar
مبنى ضخم به ساعة كبيرة	NA	NA	NA	ar
مطبخ منزلى به كراسى	NA	NA	NA	ar
دب ابيض ضخم	NA	NA	NA	ar
فتاة تلعب مع حيوان لطيف	atelic	Activity	تلعب	ar
قطة تجلس على كرسي	Stative	state	تجلس	ar
مبنى ضخم بجانب طريق به مجموعة من السيارات	NA	NA	NA	ar
مجموعه من الكتب على المكتب	NA	NA	NA	ar
فتاة وشاب يقفا فى المطبخ	Stative	state	يقفا	ar
كلب ينظر من شباك السيارة	atelic	Activity	ينظر	ar
طائرة تقف بجانب الطريق	Stative	state	تقف	ar
دولاب به كتب ومكتب عليه قطة	NA	NA	NA	ar
شاطئ به مجموعة من الناس و أدوات تزحلق على الماء	NA	NA	NA	ar
مجموعة من الناس فى المطار	NA	NA	NA	ar
شاب يمشى على الطريق بجانب محل	atelic	Activity	يمشى	ar
طبق بيتزا ومشروب على الطاولة	NA	NA	NA	ar
فتاة تلتقط صورة اثناء الوقوف فى الحمام	atelic	Activity	تلتقط	ar
شاحنة تقف بجانب الطريق	Stative	state	تقف	ar
طريق كبير به لسيارات وفى الجانب يقف مجموعة من الناس	Stative	state	يقف	ar
دب ابيض ضخم يقف فى الحديقة	Stative	state	يقف	ar
مجموعة من الاطفال ومدرس يقومون بلعب فى المدرسة	atelic	Activity	يقومون	ar
فازة به ورد	NA	NA	NA	ar
دمية على شكل كلب وفرشاة اسنان	NA	NA	NA	ar
فتاة تجلس على السرير امام الكاميرا	Stative	state	تجلس	ar
طبق به موز وقطع شيكولاتة	NA	NA	NA	ar
كوب به دونيت	NA	NA	NA	ar
فتاة تلعب التنس	atelic	Activity	تلعب	ar
مجموعة من الزينة امام المنزل	NA	NA	NA	ar
مجموعة من الفتيات يلعبون فى الحديقة	atelic	Activity	يلعبون	ar
لاعب تنس يضرب الكرة بالمضرب	telic	Temporary state	يضرب	ar
مطبخ فى منزل	NA	NA	NA	ar
طبق به طعام	NA	NA	NA	ar
مركب فى البحر وبها مجموعة من الناس	NA	NA	NA	ar
دمى صغيرة	NA	NA	NA	ar
حديقة امام بحر كبير به مراكب كثيرة	NA	NA	NA	ar
اشارة مرور	NA	NA	NA	ar
لاعبة تلعب تنس	atelic	Activity	تلعب	ar
لوحة مكتوب به قف	Stative	state	قف	ar
مجموعة من الشباب يمارسون رياضة التزحلق على الماء	atelic	Activity	يمارسون	ar
فتاة تقوم بحفظ اليوسفى فى برطمان	atelic	Activity	تقوم	ar
طبق به اكل	NA	NA	NA	ar
لوحة فى جانب الطريق	NA	NA	NA	ar
قاعدة فى حمام	NA	NA	NA	ar
طريق به سيارات	NA	NA	NA	ar
سيارات تمشي على الطريق	atelic	Activity	تمشي	ar
شيف يقوم بتجهبز ساندوتش سجق	atelic	Activity	يقوم	ar
عصفور يقف على الخشب	Stative	state	يقف	ar
شاب يمارس رياضة التزحلق على الطريق	atelic	Activity	يمارس	ar
مجموعة من الدرجات النارية	NA	NA	NA	ar
قطة تملك عيون جميلة	Stative	state	تملك	ar
فتاة امام جهاز اللاب توب	NA	NA	NA	ar
رسوم جميلة على الحائط	NA	NA	NA	ar
طائرة كبيرة ومجموعة من الناس	NA	NA	NA	ar
منزل من الداخل	NA	NA	NA	ar
رجل يحمل خروف	atelic	Activity	يحمل	ar
قطة تنظر للاب توب	atelic	Activity	تنظر	ar
ساعة حائط	NA	NA	NA	ar
طائرتين تحلقان فى الهواء	atelic	Activity	تحلقان	ar
مجموعة من الزرافات فى الحديقة	NA	NA	NA	ar
فيل صغير فى الحديقة	NA	NA	NA	ar
وجبات معروضة فى مطعم	NA	NA	NA	ar
اشارة مرور وسيارات	NA	NA	NA	ar
بقر ياكل من الاعشاب	atelic	Activity	ياكل	ar
رجل وامراءة وامامهم حقائب	NA	NA	NA	ar
مركب على الشاطئ امام البحر	NA	NA	NA	ar
رجل يقف فى محل فواكة	Stative	state	يقف	ar
شاب يلعب بطائرة ورقية	atelic	Activity	يلعب	ar
لوحة ودرجات نارية  وسيارة	NA	NA	NA	ar
فتاة تجلس وتتكلم فى الهاتف	atelic	Activity	تجلس	ar
فتاة تجلس وتتكلم فى الهاتف	atelic	Activity	تتكلم	ar
مجموعة من الطائرات الورقية	NA	NA	NA	ar
صورة لرجل على الحائط	NA	NA	NA	ar
اكل فى طبق	NA	NA	NA	ar
شاب فى المطبخ	NA	NA	NA	ar
اطباق ومناديل ورقية ومشاريب	NA	NA	NA	ar
كرسي فى حديقة	NA	NA	NA	ar
شاب يتزحلق على الجليد	atelic	Activity	يتزحلق	ar
اكل ومشروبات على الطاولة	NA	NA	NA	ar
خرفان فى المزرعة	NA	NA	NA	ar
بحر وكوبرى ومبانى ضخمه	NA	NA	NA	ar
طفل يحمل دبدوب على ظهره	atelic	Activity	يحمل	ar
زرافات فى الحديقة	NA	NA	NA	ar
لوحات  على الطريق اسفل كوبرى ضخم	NA	NA	NA	ar
مبانى وسيارات	NA	NA	NA	ar
حصان يجلس فى الحديقة	Stative	state	يجلس	ar
مطعم به زبائن	NA	NA	NA	ar
اطفال يلعبون باللاب توب	atelic	Activity	يلعبون	ar
عجانة كهربائية	NA	NA	NA	ar
مطبخ به ديكورات جميله	NA	NA	NA	ar
رجل يجلس على طاولة بها مشروب واكل	Stative	state	يجلس	ar
رجل امامه اداوت تزحلق على الماء	NA	NA	NA	ar
اطباق برتقال	NA	NA	NA	ar
جزر  معروض للبيع	NA	NA	NA	ar
طفل ياكل على طاولة	atelic	Activity	ياكل	ar
قطة فوق سيارة	NA	NA	NA	ar
اكل فى طبق	NA	NA	NA	ar
ناس تختبأ تحت الشمسية من المطر	Stative	state	تختبأ	ar
فازة بها ورد امام مدفأه	NA	NA	NA	ar
قطار مرسوم عليه نقوشات جميلة	NA	NA	NA	ar
سيارات كثيرة على الطريق وسط اماكن خضراء	NA	NA	NA	ar
كلب ينام على السرير	atelic	Activity	ينام	ar
شاب يلعب تنس	atelic	Activity	يلعب	ar
مطبخ كامل	NA	NA	NA	ar
مجموعة من الشمسيات	NA	NA	NA	ar
طاولة فوقها اطباق مأكولات	NA	NA	NA	ar
اتوبيسات على الطريق	NA	NA	NA	ar
اشارة مرور	NA	NA	NA	ar
ملعب بيسبول به فريقان	NA	NA	NA	ar
مرسى به مراكب	NA	NA	NA	ar
ناس تجلس على مقعد امام البحر	Stative	state	تجلس	ar
جهاز ميكروف	NA	NA	NA	ar
طفل يشرب اللبن وهو نائم	atelic	Activity	يشرب	ar
دب ضخم اسود نائم فى الغابة	NA	NA	NA	ar
يتنزا فى طبق على طاولة	NA	NA	NA	ar
شاب يمارس رياضة التزحلق على الماء	atelic	Activity	يمارس	ar
رجل يقوم بالتزحلق على الماء	atelic	Activity	يقوم	ar
خريطة معلقة لشوارع المدينة	NA	NA	NA	ar
كلب ينظر الى السماء	atelic	Activity	ينظر	ar
فتاة تستعد لرمى شئ ما	atelic	Activity	تستعد	ar
غرفة معيشة فى منزل	NA	NA	NA	ar
شاب يقوم بالتزحلق على الحديد	atelic	Activity	يقوم	ar
غرفة بها مكان للجلوس	NA	NA	NA	ar
شاب يمسك بجهاز	Stative	state	يمسك	ar
صينية بها طعام وحساء	NA	NA	NA	ar
شباب يقومون بحمل بعضهم بفرح	atelic	Activity	يقومون	ar
قطه تشاهد التليفزيون	Stative	state	تشاهد	ar
ملعب تنس وجمهور	NA	NA	NA	ar
قطعة دونيت على الطاولة	NA	NA	NA	ar
طبق به طعام بيض وخضار	NA	NA	NA	ar
ام تاكل ابنها الصغير	atelic	Activity	تاكل	ar
فتاتان وكلب على الرصيف	NA	NA	NA	ar
مجموعة كبيرة من الخرفان	NA	NA	NA	ar
دمية على شكل كلب	NA	NA	NA	ar
شباب يقفون بجانب مجموعة من الدرجات النارية	Stative	state	يقفون	ar
قطار سريع فى المحطة	NA	NA	NA	ar
مجموعة من شنط السفر	NA	NA	NA	ar
اتوبيس فى موقف	NA	NA	NA	ar
دراجات نارية على الطريق	NA	NA	NA	ar
بقرة فى حظيرة	NA	NA	NA	ar
افيال فى الحديقة	NA	NA	NA	ar
سلة مشتريات	NA	NA	NA	ar
شاب يمارس التزحلق على الارض	atelic	Activity	يمارس	ar
عمال وجهاز لصنع الماكولات	NA	NA	NA	ar
خرفان تاكل من العشب	atelic	atelic	تاكل	ar
مجموعة من الناس يجلسون على الشاطئ	Stative	state	يجلسون	ar
فتاة تمارس رياضة التزحلق على الماء	atelic	Activity	تمارس	ar
فتاة تجلس السرير وتقرأ كتاب	Stative	state	تجلس	ar
فتاة تجلس السرير وتقرأ كتاب	atelic	Activity	وتقرأ	ar
ادوات مطبخ خلط وتقطيع	NA	NA	NA	ar
جهاز كهربائي	NA	NA	NA	ar
تلاجة فى مكان ملئ بالماء	NA	NA	NA	ar
زرافة جميلة	NA	NA	NA	ar
شاب وفتاة يجلسان على مقعد امام بحر كبير	Stative	state	يجلسان	ar
قطعة حلوى	NA	NA	NA	ar
شباب يمسكون بالهواتف المحمولة	Stative	state	يمسكون	ar
مبنى ابيض وسط الخضراء	NA	NA	NA	ar
مطر وتفاح وبشر يقفون فى الشارع	Stative	state	يقفون	ar
ثلاجة فى منزل	NA	NA	NA	ar
مجموعة من الدمى على مقعد	NA	NA	NA	ar
حمام	NA	NA	NA	ar
لاعبى بيسبول فى الملعب	NA	NA	NA	ar
اجهزة اطفاء وسط الحدائق	NA	NA	NA	ar
فتاة تجلس وتحمل هاتف	Stative	state	تجلس	ar
فتاة تجلس وتحمل هاتف	atelic	Activity	تحمل	ar
مجموعة من الناس يلعبون بطائرة ورقية	atelic	Activity	يلعبون	ar
قطع كرواسوه وحلوى	NA	NA	NA	ar
شارع ملئ بالناس	NA	NA	NA	ar
شابان يقومون بالقفز والتزحلق	atelic	Activity	يقومون	ar
قطار على السكة الحديد	NA	NA	NA	ar
قطار على السكة الحديد	NA	NA	NA	ar
شاشة تليفزيون كبيرة	NA	NA	NA	ar
حمام سباحة	NA	NA	NA	ar
استوديو تصوير	NA	NA	NA	ar
سوق كبير	NA	NA	NA	ar
فتاة تحمل شمسية	atelic	Activity	تحمل	ar
مطبخ كبير فى المنزل	NA	NA	NA	ar
قطة خلف كرسي	NA	NA	NA	ar
شاطئ به ناس	NA	NA	NA	ar
غرفة معيشة غير مرتبة	NA	NA	NA	ar
مجموعة من الشباب يقفون على الثلج	Stative	state	يقفون	ar
ملعب تنس وجمهور	NA	NA	NA	ar
حوض قديم فى مكان مهجور	NA	NA	NA	ar
اكل وشراب على الطاولة	NA	NA	NA	ar
لعبة	NA	NA	NA	ar
شباب تشرب مشروبات كحولية	atelic	Activity	تشرب	ar
ساعة ضخمة فى اعلى المبنى	NA	NA	NA	ar
لوحة اعلى عمود	NA	NA	NA	ar
حمام	NA	NA	NA	ar
شباب يقفزون فى الهواء	atelic	Activity	يقفزون	ar
فتاة تجلس على مقعد	Stative	state	تجلس	ar
سيارات مركونة على الطريق	NA	NA	NA	ar
عصفور يقف على كتاب	Stative	state	يقف	ar
اتوبيس على الطريق	NA	NA	NA	ar
سيارة حمراء	NA	NA	NA	ar
غرفة معيشة وسفرة	NA	NA	NA	ar
مبنى كبير امام بحر	NA	NA	NA	ar
طائرة تحلق فى الهواء	atelic	Activity	تحلق	ar
كلب يجلس على انترية	Stative	state	يجلس	ar
العاب اطفال	NA	NA	NA	ar
ساعة كبيرة فى مبنى	NA	NA	NA	ar
رجل يتزحلق على الجليد	atelic	Activity	يتزحلق	ar
فتاة تقوم بتنظيف اسنانها	atelic	Activity	تقوم	ar
حلوى كريب	NA	NA	NA	ar
لوحة ممنوع وقوف السيارات	NA	NA	NA	ar
طيور تحلق فى الهواء فوق بحر	atelic	Activity	تحلق	ar
تمثال اعلى ساعة ضخمة	NA	NA	NA	ar
شاب يقوم بتصوير المبانى	atelic	Activity	يقوم	ar
حمير وحشية	NA	NA	NA	ar
اتوبيس ومجموعة الناس	NA	NA	NA	ar
طائرة تحلق فى الهواء	atelic	Activity	تحلق	ar
ركاب فى اتوبيس	NA	NA	NA	ar
حمير وحشية تعبر النهر	atelic	Activity	تعبر	ar
قطة على كرسي	NA	NA	NA	ar
بقرة بجانب المنزل	NA	NA	NA	ar
حمير وحشية فى الحديقة	NA	NA	NA	ar
مجموعة من الناس حول طاولة مشوربات	NA	NA	NA	ar
انترية جلوس وطاولة	NA	NA	NA	ar
اب وابنه يلتقطون الصور	atelic	Activity	يلتقطون	ar
مجموعة من الخرفان	NA	NA	NA	ar
هاتف محمول وفاكهة وكوب على طاولة	NA	NA	NA	ar
قطار على السكة الحديد	NA	NA	NA	ar
فتاة تجلس امام اللاب توب	Stative	state	تجلس	ar
شارع كبير ملئ بالناس	NA	NA	NA	ar
يد مقص وقلم	NA	NA	NA	ar
كلب على مقعد	NA	NA	NA	ar
مجموعة  الناس فى متحف كبير	NA	NA	NA	ar
شاب على دراجة نارية	NA	NA	NA	ar
اجهزة كمبيوتر	NA	NA	NA	ar
فتاة تحمل دفتر وقلم	atelic	Temporary state	تحمل	ar
خروفان يجلسان فى البحر	Stative	state	يجلسان	ar
كلاب تلعب بالكورة	atelic	Activity	تلعب	ar
دب اسمر ضخم يمشى فى الغابة	atelic	Activity	يمشى	ar
حمام	NA	NA	NA	ar
طفلة تأكل	atelic	Activity	تأكل	ar
شباب يركبون احصنة	atelic	Activity	يركبون	ar
ناس فى ملعب تنس	NA	NA	NA	ar
خرفان كثيرة وسط الخضراء	NA	NA	NA	ar
لاعب بيسبول يركل الكورة	atelic	Activity	يركل	ar
فواكة	NA	NA	NA	ar
شاب يتزحلق على الجليد	atelic	Activity	يتزحلق	ar
ساندوتش سجق	NA	NA	NA	ar
فتاتان تجلسان على مقعد	Stative	state	تجلسان	ar
شخص يمارس التزحلق على الجليد	atelic	Activity	يمارس	ar
اسلاك عالية واشجار	NA	NA	NA	ar
طبق به طعام	NA	NA	NA	ar
كلب فوق اداة تزحلق	NA	NA	NA	ar
مجموعة من الناس يركبون دراجات بخارية	atelic	Activity	يركبون	ar
جهاز كمبيوتر وشاشتين	NA	NA	NA	ar
طائرة ورقية فى تحلق فى الهواء	atelic	Activity	تحلق	ar
شاب وفتاة تحت شمسية	NA	NA	NA	ar
لوحة على الطريق	NA	NA	NA	ar
اداوت منزلة	NA	NA	NA	ar
اتوبيس بجانب الطريق	NA	NA	NA	ar
فازة ورد	NA	NA	NA	ar
قطعة برتقال	NA	NA	NA	ar
طريق به اتوبيس وسيارة	NA	NA	NA	ar
طفل يأكل موز	atelic	Activity	يأكل	ar
حمام	NA	NA	NA	ar
لوحة ارشادية ونخل	NA	NA	NA	ar
فتاة تلعب تنس	NA	NA	NA	ar
حمام	NA	NA	NA	ar
مقعد فى الشارع	NA	NA	NA	ar
فتاة تجلس على السرير وتقرا كتاب	Stative	state	تجلس	ar
فتاة تجلس على السرير وتقرا كتاب	atelic	Activity	تقرا	ar
خضار فى طبق	NA	NA	NA	ar
ساعة حائط	NA	NA	NA	ar
شاب على دراجة بخارية	NA	NA	NA	ar
لاعبة تنس فى ارض الملعب	NA	NA	NA	ar
قطتان على السرير	NA	NA	NA	ar
مجموعة من الناس تعلب تنس فى صالة	atelic	Activity	تلعب	ar
ساندوتش ومشروب ساخن	NA	NA	NA	ar
حصان فى الحظيرة	NA	NA	NA	ar
خرفان تأكل عشب	NA	NA	NA	ar
شاب فى المطبخ	NA	NA	NA	ar
لاعب بيسبول فى الملعب	NA	NA	NA	ar
مطبخ كبير	NA	NA	NA	ar
حمار وحشى يأكل عشب	atelic	Activity	يأكل	ar
طائرة تحلق فى الهواء	atelic	Activity	تحلق	ar
شاب يحلق فى الهواء بمظلة	atelic	Activity	يحلق	ar
لوحات ارشادية على الطريق	NA	NA	NA	ar
مبانى ضخمه وسيارات	NA	NA	NA	ar
لاب توب على المكتب	NA	NA	NA	ar
شاب يقرأ وهو جالس	atelic	Activity	يقرأ	ar
رجل يتحدث فى الهاتف	atelic	Activity	يتحدث	ar
رجل يقود دراجة نارية	atelic	Activity	يقود	ar
فتاة تنظر الى اللاب توب على السرير	atelic	Activity	تنظر	ar
شاب فوق حصان يقفز من على حاجز	atelic	Activity	يقفز	ar
كلب اسمر	NA	NA	NA	ar
لاعب تنس	NA	NA	NA	ar
غرفة معيشة	NA	NA	NA	ar
كلب يلعب	atelic	Activity	يلعب	ar
لاعبي بيسبول	NA	NA	NA	ar
فتيات وكلب	NA	NA	NA	ar
رجل على الشاطئ	NA	NA	NA	ar
قطعة بيتزا	NA	NA	NA	ar
تلاجة فى منزل	NA	NA	NA	ar
كلب نائم	NA	NA	NA	ar
اجهزة كمبيوتر	NA	NA	NA	ar
حمام	NA	NA	NA	ar
سيارة تمشى فى الشارع	atelic	Activity	تمشى	ar
بيتزا خضار	NA	NA	NA	ar
سيارات فى الطريق ومبانى وقديمة	NA	NA	NA	ar
قطتان فوق حذاء	NA	NA	NA	ar
فازة ورد على مكتب	NA	NA	NA	ar
اطفال يشاهدون التليفزيون	atelic	Activity	يشاهدون	ar
شاب يتزحلق على الجليد	atelic	Activity	يتزحلق	ar
شابان يقومان بضبط التلفاز	atelic	Activity	يقومان	ar
عمود اضاءة امام مبنى	NA	NA	NA	ar
فيل صغير على الشاطئ	NA	NA	NA	ar
تورتة امام زرع	NA	NA	NA	ar
حوض ماء فى حمام	NA	NA	NA	ar
حمام	NA	NA	NA	ar
حمام واحواص مياه	NA	NA	NA	ar
فتاة تحمل شمسية	atelic	Activity	تحمل	ar
زرعة خضراء فى فازة	NA	NA	NA	ar
فتاة تنظر على دب صغير على السرير	atelic	Activity	تنظر	ar
قطة تنظر بغضب	atelic	Activity	تنظر	ar
لاعبي كرة سلة فى الملعب	NA	NA	NA	ar
شاب يقوم بالتزحلق والقفز	atelic	Activity	يقوم	ar
قطار على السكة الحديد	NA	NA	NA	ar
سيارة فى الشارع	NA	NA	NA	ar
اكل ومشروبات على الطاولة	NA	NA	NA	ar
بقر فى مزرعة	NA	NA	NA	ar
شاب يحمل اداة تزحلق	atelic	Activity	يحمل	ar
لاعبى بيسبول فى الملعب	NA	NA	NA	ar
وجبة فى طبق على طاولة	NA	NA	NA	ar
فتاة تقف فى الصالة	NA	NA	NA	ar
جنود قدامى يلتقطون صورة	atelic	Activity	يلتقطون	ar
وجبة مكرونة	NA	NA	NA	ar
اطفال يلعبون	atelic	Activity	يلعبون	ar
فتيات تلعب مع الخرفان	atelic	Activity	تلعب	ar
لوحة كتابة وماوس	NA	NA	NA	ar
جزرة فى يد شخص	NA	NA	NA	ar
محل لبيع الفاكهة والخضار	NA	NA	NA	ar
دبان فى النهر	NA	NA	NA	ar
حمام	NA	NA	NA	ar
مكان غريب	NA	NA	NA	ar
لوحات ارشادية على الطريق	NA	NA	NA	ar
سيارة فوقها اشياء غريبة	NA	NA	NA	ar
حصانين ومزارع فى الحقل	NA	NA	NA	ar
شاب يجلس على مقعد	Stative	state	يجلس	ar
طائر يقف فوق شجرة	atelic	Activity	يقف	ar
شاب يمارس رياشة التزحلق على الجليد	atelic	Activity	يمارس	ar
امراءة تقوم بالتقاط صور بكاميرا	atelic	Activity	تقوم	ar
مركب وسط غابة	NA	NA	NA	ar
الة حاسبة وهاتف	NA	NA	NA	ar
وجبة و حلويات	NA	NA	NA	ar
لوحة ارشادية فى الشارع	NA	NA	NA	ar
وجبة فى طبق	NA	NA	NA	ar
ثلوج واطفال و كبار فى الشارع	NA	NA	NA	ar
وجبة وفاكهة	NA	NA	NA	ar
حمير وحشية تتعارك فى الغابة	atelic	Temporary state	تتعارك	ar
وجبات خضار	NA	NA	NA	ar
مجموعة من الناس حول فيل ضخم	NA	NA	NA	ar
طفل يقوم بالتزحلق	atelic	Activity	يقوم	ar
شاب يرتدى نظارة	Stative	state	يرتدى	ar
حمير وحشية تاكل عشب	atelic	Activity	تاكل	ar
اتوبيس على الطريق	NA	NA	NA	ar
كلاب فى الحديقة	NA	NA	NA	ar
لاعب تنس فى الملعب	NA	NA	NA	ar
مجموعة من الناس يقومون بالتزحلق على الجليد	atelic	Activity	يقومون	ar
مقص وهاتف وكوب	NA	NA	NA	ar
شابان يقفان بجانب طاولة	Stative	state	يقفان	ar
طفل يمسك بفرشاة	Stative	state	يمسك	ar
شاب يقوم بالقفز فى الهواء بالمنطاد	atelic	Activity	يقوم	ar
فتاة تتكأ على عصا بيسبول	Stative	state	تتكأ	ar
زرافات تحت شجرة	NA	NA	NA	ar
اعمال صيانة فى الحديقة	NA	NA	NA	ar
صالة تزحلق وبها مجموعة من الناس	NA	NA	NA	ar
سيارات على الطريق	NA	NA	NA	ar
سيارة مطافئ	NA	NA	NA	ar
دمية صغيرة	NA	NA	NA	ar
بشر يمسكون بالهواتف	Stative	state	يمسكون	ar
حمام	NA	NA	NA	ar
فتاة تتحدث فى الهاتف	atelic	Activity	تتحدث	ar
حمام	NA	NA	NA	ar
افيال يمشون فى الغابة	atelic	Activity	يمشون	ar
كلب يجلس على مقعد	Stative	state	يجلس	ar
شاب يعمل على اللاب توب	atelic	Activity	يعمل	ar
طريق بيه اضاءات كثيرة	NA	NA	NA	ar
مكان للاستحمام	NA	NA	NA	ar
لوحات ارشادية بجانب الطريق	NA	NA	NA	ar
قطة فوق سيارة	NA	NA	NA	ar
برج عالى به ساعة ضخمة	NA	NA	NA	ar
سيارات كثيرة على جانب الطريق	NA	NA	NA	ar
قطع بتيزا فى الطبق	NA	NA	NA	ar
رزع بالوان كثيرة وجميلة	NA	NA	NA	ar
فبل داخل الحديقة	NA	NA	NA	ar
مطبخ كبير	NA	NA	NA	ar
قطار به ناس	NA	NA	NA	ar
شاب يشاهد التلفاز	atelic	Activity	يشاهد	ar
فتاة تحمل لاب توب على رجلها	Stative	Static	تحمل	ar
قطة تنظر لتمثال صغير	Stative	Static	تنظر	ar
ساعة فوق منزل	NA	NA	NA	ar
زرافات فى الحديقة	NA	NA	NA	ar
شابان يلعبان الكرة فى الشارع	atelic	Activity	يلعبان	ar
شاب يجلس اعلى المقعد	Stative	Static	يجلس	ar
قطار يمشى على السكة الحديد	atelic	Activity	يمشى	ar
اتوبيس على جانب الطريق	NA	NA	NA	ar
شاب ملطخ بالدماء يحاول فتح الخزان	atelic	Activity	يحاول	ar
شاب يمارس رياضة التزحلق على الماء	atelic	Activity	يمارس	ar
ماركت كبير امامه سيارات	NA	NA	NA	ar
طائرة تحلق فى الهواء	atelic	Activity	تحلق	ar
شباب يلعبون الكرة	atelic	Activity	يلعبون	ar
فتيات يرتدون اداوت التزحلق على الجليد	Stative	Static	يرتدون	ar
ساندوتش ومشروب	NA	NA	NA	ar
دب صغير على الارض	NA	NA	NA	ar
اطباق اكلات سريغة	NA	NA	NA	ar
اداة فى الشارع	NA	NA	NA	ar
رجل وفتيات يقومون بتقطيع التورتة	atelic	Activity	يقومون	ar
شابان يلعبان فى الحديقة	atelic	Activity	يلعبان	ar
اتوبيس على الطريق	NA	NA	NA	ar
رجل يمشى بجانب الطريق	atelic	Activity	يمشى	ar
مقاعد فى منزل	NA	NA	NA	ar
قطة فوق حمام	NA	NA	NA	ar
غرفة ضيوف فى منزل	NA	NA	NA	ar
شاب بعيون خضراء	NA	NA	NA	ar
رجل يلتقط الصور من وسط الحائط	atelic	Activity	يلتقط	ar
شارع به اناس	NA	NA	NA	ar
جهاز كمبيوتر على مكتب	NA	NA	NA	ar
مجموعة من الناس يمشون على الطريق	atelic	Activity	يمشون	ar
شاحنات على جانب الطريق	NA	NA	NA	ar
فازة بها ورد جميل	NA	NA	NA	ar
شاب يشرب السجائر	atelic	Activity	يشرب	ar
حوض مياة	NA	NA	NA	ar
شاب يمسك باداوت التزحلق على المياه	Stative	state	يمسك	ar
طفلة تقوم بعمل استشوار	atelic	Activity	تقوم	ar
دمية صغيرة امام العاب اطفال	NA	NA	NA	ar
رجل فوق مركب فى البحر	NA	NA	NA	ar
منزل من الداخل	NA	NA	NA	ar
اصدقاء يقومون بتقطيع التورتة	atelic	Activity	يقومون	ar
ركاب داخل الاتوبيس	NA	NA	NA	ar
شاب يلعب مع قطتان	atelic	Activity	يلعب	ar
ناس يلعبون بطائرات لعبة	atelic	Activity	يلعبون	ar
حمام	NA	NA	NA	ar
ناس يلعبون بطائرات	atelic	Activity	يلعبون	ar
اجهزة كمبيوتر فوق مكتب	NA	NA	NA	ar
درجات هوائية	NA	NA	NA	ar
لوحة ارشادية	NA	NA	NA	ar
شاب امام دراجة نارية	NA	NA	NA	ar
مكتب صغير عليه كمبيوتر	NA	NA	NA	ar
رجال يحملون اجهزة	Stative	state	يحملون	ar
رجل يبيع موز	atelic	Activity	يبيع	ar
ادوات صرف صحى	NA	NA	NA	ar
رجل وامراءة وخلفهم طائرة	NA	NA	NA	ar
مجموعة من الكتب على الرف	NA	NA	NA	ar
اشارة مرور	NA	NA	NA	ar
قطار قديم	NA	NA	NA	ar
دمية صغيرة	NA	NA	NA	ar
حيوان فى الغابة	NA	NA	NA	ar
ناس داخل قطار سريع	NA	NA	NA	ar
دب ابيض امام بحيرة	NA	NA	NA	ar
قطار سريع فى المحطة	NA	NA	NA	ar
شاب يقفز امام الناس	atelic	Activity	يقفز	ar
غرفة جلوس فى منزل	NA	NA	NA	ar
شباب يلعبون	NA	NA	NA	ar
درجات نارية	NA	NA	NA	ar
نهر كبير ومبانى ضخمة	NA	NA	NA	ar
دراجة هوائية داخل المنزل	NA	NA	NA	ar
فتاة ترتدى اداوت التزحلق على الجليد	Stative	Static	ترتدى	ar
دب اسمر فى الغابة	NA	NA	NA	ar
حيوانات فى الغابة بجانب النهر	NA	NA	NA	ar
مجموعة من الشواحن	NA	NA	NA	ar
شخص فوق الحصان	NA	NA	NA	ar
قطة امام اللاب توب	NA	NA	NA	ar
سيارات بجانب الطريق	NA	NA	NA	ar
شاب يتزحلق على الماء	atelic	Activity	يتزحلق	ar
شارع ضيق به درجات نارية وناس	NA	NA	NA	ar
قطة تنظر من الشباك	atelic	Activity	تنظر	ar
شاب يرتدى لبس رياضى	NA	NA	NA	ar
طفل يلعب امام التلفاز	atelic	Activity	يلعب	ar
رجل ياكل الزرافة	atelic	Activity	ياكل	ar
طائرة هليكوبتر	NA	NA	NA	ar
رجل يحمل شمسية ويمشي فى المطر	Stative	state	يحمل	ar
رجل يحمل شمسية ويمشي فى المطر	atelic	Activity	يمشي	ar
كلب يلعب	atelic	Activity	يلعب	ar
اشارات مرور	NA	NA	NA	ar
شجر موز	NA	NA	NA	ar
بيتزا	NA	NA	NA	ar
غرفة منزل	NA	NA	NA	ar
شباب يتزحلقون على الجليد	atelic	Activity	يتزحلقون	ar
شخص فوق الحصان	NA	NA	NA	ar
شاب يقفز للاعلى	atelic	Activity	يقفز	ar
شخص يمسك بالمنتطاد	Stative	state	يمسك	ar
فتاة تركب حصان	atelic	Activity	تركب	ar
حمير وحشية فى الغابة	NA	NA	NA	ar
عصفور يقف على المقعد	Stative	state	يقف	ar
طبق به حلوى	NA	NA	NA	ar
ميكروف امامه اناء	NA	NA	NA	ar
فازة ورد على الارض	NA	NA	NA	ar
زرافات فى الحديقة	NA	NA	NA	ar
شباب تلعب كرة	atelic	Activity	تعلب	ar
شارع به سيارات ودرجات وبشر	NA	NA	NA	ar
شاب يطير طائرة ورقية على الشط	atelic	Activity	يطير	ar
طريق به بعض الصيانة	NA	NA	NA	ar
محطة قطارات	NA	NA	NA	ar
حيونات على السلم	NA	NA	NA	ar
اطفال فى المنزل	NA	NA	NA	ar
غرفة استقبال مجهزة	NA	NA	NA	ar
فتاة حامل على السرير	NA	NA	NA	ar
سباق دراجات	NA	NA	NA	ar
طفل يأكل الطعام	atelic	Activity	يأكل	ar
فازة بها ورد احمر	NA	NA	NA	ar
قطار سريع	NA	NA	NA	ar
مجموعة من الناس يتناولون مشروبات	atelic	Activity	يتناولون	ar
طبق به أكل	NA	NA	NA	ar
طائرة تحت الصيانة	NA	NA	NA	ar
طفل ورجل كبير على الشاطئ	NA	NA	NA	ar
كلب صغير يرتدى لبس به رسومات	Stative	state	يرتدى	ar
شاب يمارس رياضة التزحلق على الجليد	atelic	Activity	يمارس	ar
فتاة تتحدث فى الهاتف	atelic	Activity	تتحدث	ar
قطار على السكة الحديد	NA	NA	NA	ar
لوحات ارشادية	NA	NA	NA	ar
بيتزا فى طبق	NA	NA	NA	ar
رجل يركب دراجة نارية	atelic	Activity	يركب	ar
منزل من الداخل	NA	NA	NA	ar
رجال تحدثون مع بعضهما	atelic	Activity	تحدثون	ar
فتاة فى المطبخ	NA	NA	NA	ar
غرفة معيشة	NA	NA	NA	ar
بقر فى وسط الشارع	NA	NA	NA	ar
اداة لاطفأ الحريق	NA	NA	NA	ar
شاب يتزحلق على الطريق	atelic	Activity	يتزحلق	ar
مجموعة من الزرافات فى الغابة	NA	NA	NA	ar
ساندوتش سجق	NA	NA	NA	ar
فتاة تنظر الى الهاتف	atelic	Activity	تنظر	ar
شاب يقوم بالقفز لاعلى	atelic	Activity	يقوم	ar
ساعة كبيرة وسط المبنى	NA	NA	NA	ar
حمام	NA	NA	NA	ar
فواكة معروضة للبيع	NA	NA	NA	ar
eine Person , die Baseball spielt	atelic	durative	spielt	de
zwei gegnerische baseball spieler treffen sich auf einem baseball diamant .	atelic	punctual	treffen	de
beiden Teamkollegen von gegnerischen Mannschaften spielen Baseball .	atelic	durative	spielen	de
Oberliga Basketball Spiel mit Spieler von Pittsburgh Pirates gehen durch die Heimat	atelic	durative	gehen	de
Ein Baseball spieler rennt nach Hause während der Fenger  weg geht	atelic	durative	rennt	de
Eine Katze  ruht ihre Pfote auf einer Computermaus aus .	atelic	durative	ruht aus	de
eine Katze mit ihren Pfoten auf einer Computer-Maus	error	error	none	de
ein Tier hat seine Pfoten oben auf einem elektronischen Gerät .	state	durative	hat	de
ein Mann berührt die Computer Maus mit seiner Tatze	atelic	punctual	berührt	de
Eine Katze spielt mit seinen Pfoten an einer Computer-Maus auf einem Schreibtisch .	atelic	durative	spielt	de
Ein Vogelschwarm fliegt über ein große See	atelic	durative	fliegt	de
Eine sehr große Gruppe von Vögeln , die zusammen herumfliegen .	atelic	durative	herumfliegen	de
Vogelschwarm Das Starten von Wasser in der Nähe von langen Pier am offenen Meer .	error	error	none	de
Es fliegen viele Vögel zusammen in einem Schwarm über das Wasser .	atelic	durative	fliegen	de
ein Haufen Vögel , nahe dem Wasser herumfliegend	atelic	durative	herumfliegend	de
ein Soldat hält etwas für einen jungen Bären	atelic	durative	hält	de
ein Mann hält einem Bären Essen entgegen .	atelic	durative	hält	de
Schwarz-Weiß-Foto eines Offiziers bietet ein Element zum hinsetzen	error	error	none	de
ein Bär auf seinem hinteren Ende sitzt in einem gestellten Foto .	atelic	durative	sitzt	de
ein Männer streckt seinen Arm nahe einem sitzenden Bären aus .	atelic	punctual	streckt	de
ein Tisch mit einer Schüssel Suppe und einer Flasche Wasser	error	error	none	de
eine Tabelle , die eine Schüssel des Lebensmittels und der Flasche Wassers hat	state	durative	hat	de
Eine Nahaufnahme von einer Schüssel von Lebensmitteln mit Brokkoli .	error	error	none	de
Eine Schüssel Gemüsebrühe , mit Fritten und einer Flasche Wasser daneben .	error	error	none	de
eine Schüssel Suppe sitzend nahe bei einer Platte von Fischrogen .	atelic	durative	sitzend	de
der schwarzgekleidete mann fährt auf einem snowboard in dem eisigen gebiet .	atelic	durative	fährt	de
Ein Mann fährt auf dem Snowboard den Hügel runter .	atelic	durative	fährt	de
Ein junger Mann Snowboarden einen Hügel hinunter in Zick-Zack .	atelic	durative	snowboarden	de
Ein Snowboarder lächelt und gleitet den Hügel herunter .	atelic	durative	lächelt	de
Ein junger Mann beugt sich beim snowboarden den Berg hinunter	atelic	punctual	beugt	de
Eine Gruppe von Zebras Mühle herum in kurzen Gras .	error	error	none	de
eine Gruppe von Zebra zu Fuß auf einem grasartigen Gebiet	error	error	none	de
Eine Gruppe von Zebras , bewegt sich in einem dicht grünen Feld .	atelic	durative	bewegt	de
Vielfache Zebras , einschließlich eines Babys ein , durch das Gras spazieren gehend .	atelic	durative	spazieren gehend	de
vier Zebras grasen auf einem Grasfeld	atelic	durative	grasen	de
Drei Frau spielen mit Wii-Fernbedienungen in einem Konferenzraum .	atelic	durative	spielen	de
Drei Leute stehen in einem großen Raum und spielen Nintendo Wii .	atelic	durative	stehen	de
Drei Frauen spielen ein Videospiel vor Zuschauern .	atelic	durative	spielen	de
Ein Trio von Frauen spielen die Nintendo Wii in einem Ausstellungsraum .	atelic	durative	spielen	de
Zwei Frauen , die gelehrt werden , um wii auf einer Party zu spielen .	atelic	durative	gelehrt werden	de
Eine Person liegt auf einem Bett mit den Füssen nach oben .	atelic	durative	liegt	de
ein Paar Fußrest auf einem gut gemachten Bett .	telic	durative	gut gemachten	de
Ein Bett mit zwei Kissen und Beine einer Frau mit Schuhen auf dem Bett .	error	error	none	de
Eine Person liegt auf einem Bett neber roten Kissen .	atelic	durative	liegt	de
Das ist ein Bild von einem Fuß einer Person , die mit einem Kissen auf dem Bett liegt .	state	durative	ist	de
Eine Glatze Geschäftsmann lächelt halbherzig in die Kamera .	atelic	durative	lächelt	de
Der Mann trägt einen Anzug und steht in einem Büro .	state	durative	trägt einen Anzug	de
ein Mann im Anzug steht in einem Büro	atelic	durative	steht	de
mann im anzug macht foto im büro	atelic	durative	macht	de
Ein Geschäftsmann posiert für ein Foto im Geschäftsbüro .	atelic	durative	posiert	de
Ein Mann eine Welle zu reiten auf einem Surfbrett in den Ozean .	atelic	durative	reiten	de
eine Person im Taucheranzug surft mit dem Surfboard auf einer Welle	atelic	durative	surft	de
Diese Welle sieht nicht besonders anspruchsvoll aus für einen Surfer .	state	durative	sieht	de
ein Surfer surft unten einige Wellen .	atelic	durative	surft	de
eine Person auf einem Skate-Board Reitet eine kleine Welle im Ozean .	atelic	durative	reitet	de
Ein rotes Motorrad parkt in einer Ladezone .	state	durative	parkt	de
ein sehr schön aussehendes Motorrad steht neben einem Auto auf einem Parkplatz	state	durative	steht	de
ein rotes Motorrad geparkt neben einem Auto	state	durative	geparkt	de
Ein Motorrad ist in einer Parklücke geparkt .	state	durative	ist geparkt	de
Ein rotes Motorrad wird vor einem Auto geparkt .	atelic	durative	wird geparkt	de
Kleines Wohnzimmer mit einem grossen Gemälde an der Wand .	error	error	none	de
ein Wohnzimmer mit einem farbenfrohen orientalischen Teppich .	error	error	none	de
Ein Wohnzimmer hat Sofas , Stühle und einen Fernsehtisch .	state	durative	hat	de
Ein Wohnbereich mit bemerkenswerten , Stuhl , Hocker und Fernseher .	error	error	none	de
Ein Wohnzimmer mit Couch , Sessel , TV und einem orientalischen Teppich .	error	error	none	de
ein Mann mit einer blauen Krawatte schaut nachdenklich in den Wald .	atelic	durative	schaut	de
Der junge Junge sitzt in dem grünen Bereich und trägt eine blaue Krawatte .	atelic	durative	sitzt	de
ein Mann posiert für ein Bild , seine Faust unter seinem Kinn ruhend .	atelic	durative	posiert	de
ein Mann mit einer blauen Fliege posiert vor einer Kamera .	atelic	durative	posiert	de
ein junger Mann , trägt ein schwarzes Hemd und blauer Krawatte vor einem Wald .	state	durative	trägt ein schwarzes Hemd	de
Im Zoo ist eine sehr Große Giraffe	state	durative	ist	de
Eine Giraffe steht im Gras neben Ziegelsteinen .	state	durative	steht	de
Eine kleine Giraffe	error	error	none	de
Eine Giraffe steht draußen bei einer Wand .	state	durative	steht	de
eine Giraffe steht im Gras neben einer Steinwand .	state	durative	steht	de
eine Toilette mit Urinal neben einem WC .	error	error	none	de
Ein Badezimmer hat gemusterte Wände , ein Urinal und eine Toilette .	state	durative	hat	de
das kleine Bad hat eine Toilette und ein Urinal .	state	durative	hat	de
Innenfoto der Herrentoilette eines Restaurants .	error	error	none	de
ein kleiner öffentlicher Warteraum mit weißer Toilette und Urinal .	error	error	none	de
ein Pfosten , der ein Bündel Schilder trägt .	error	error	none	de
Während der Nachtzeit steht ein Auto in einer asiatischen Stadt an einer roten Ampel .	state	durative	steht	de
Außenschilderund vier und der Kennzeichnung auf Stadt während der Nacht	error	error	none	de
Ein Taxi hält in Asien bei rotem Licht an .	atelic	durative	hält an	de
Autos fahren hinunter eine Stadtstraße in der Nacht .	atelic	durative	fahren	de
Ein Stofftier sitzt auf einem Teller neben einem Sandwich .	state	durative	sitzt	de
Ein halbes Sandwich auf einem Teller , neben dem sich ein kleines Kuscheltier befindet .	state	durative	befindet	de
ein Teddybär , der nahe bei einem Sandwich sitzt , halbieren auf einer Platte .	state	durative	sitzt	de
ein teller , der ein halbes erdnussbutter und gelee brötchen und ein kleines mit lamm gestopftes tier hat .	state	durative	hat	de
winziges ausgestopftes Tierspielzeug und ein halb Erdnussbutter- , halb Gelee-Sandwich auf einem Teller .	error	error	none	de
Ein Vogel hat sich auf einen Bananenbaum mit vielen Blättern niedergelassen .	telic	punctual	hat sich niedergelassen	de
Ein sehr üppig grünaussehender Baum mit Bananen darauf .	error	error	none	de
Bananen wachsen an einem Baum in dem Dschungel .	atelic	durative	wachsen	de
unreife Bananen auf einem Baum in einem Wald .	error	error	none	de
Ein großes grünes Blatt hängt vom Baum .	state	durative	hängt	de
Einige Vespas fahren eine Gasse entlang .	atelic	durative	fahren	de
Eine Gruppe von Menschen fährt durch eine schmale Strasse auf Rollern .	atelic	durative	fährt	de
Leute stehen und fahren eine Gasse mit Mopeds entlang	state	durative	stehen	de
Männer die einen belebten städtischen Einkaufsbezirk entlangfahren .	atelic	durative	entlangfahren	de
eine Reihe Radfahrer bahnen sich ihren Weg durch die enge Straße , durch Gebäude und Fußgänger hindurch .	atelic	durative	bahnen	de
Statue einer Frau Reinigung eines Spielzeug WC .	error	error	none	de
eine Puppe von einer Magd Reinigung ein Holzspielzeug WC .	error	error	none	de
eine braune Toilette und eine Figur in schwarzem Kleid .	error	error	none	de
eine Statue einer Frau , Putting etwas in einer Toilette .	error	error	none	de
Kleine weibliche Figur steht über ein Spielzeug Toilette .	state	durative	steht	de
ein Mann mit einem Hut wird mit dem Fahrrad .	error	error	none	de
Ein Mann mit dem Fahrrad auf der Straße .	error	error	none	de
der Radfahrer trägt einen Strohhut .	state	durative	trägt	de
Ein Schwarz-Weiß- Foto von einem Mann auf einem Fahrrad .	error	error	none	de
Ein Mann in einem Anzug mit Hut fährt auf einem Fahrrad .	atelic	durative	fährt	de
ein Stadtbus , eine Straße umgeben von hohen Gebäuden entlangfahrend .	state	durative	umgeben	de
Das ist der Bus der dich zur Hochschule bringt .	state	durative	ist	de
ein Bus unterwegs auf dem Weg zum College-Punkt .	atelic	durative	unterwegs	de
ein Stadtbus fährt auf einer vielbefahrenen Straße auf seiner Spur .	atelic	durative	fährt	de
Ein Stadtbus an einer leeren Strasse .	error	error	none	de
eine giraffe biegt ihren nacken und scheind sich auf etwas zu freuen .	atelic	durative	biegt	de
eine Giraffe , die auf einer Rasenfläche betroffen schaut .	atelic	durative	schaut	de
Die große Giraffe steht vor einem Baum .	state	durative	steht	de
Eine Giraffe schaut über seiner linken , während in einer grasbewachsenen Bereich .	atelic	durative	schaut	de
eine giraffe steht im Jungel und siehst sich um .	state	durative	steht	de
sechs Frauen machen anzügliche Gesichtsausdrücke und halten dabei Tennisschläger	atelic	durative	machen	de
Sechs kleine Mädchen posieren in einem Feld mit Tennisschlägern .	atelic	durative	posieren	de
Das ist eine Gruppe von Mädchen , einige mit Tennisschlägern .	state	durative	ist	de
Eine Gruppe von jungen Frauen Schleifen nebeneinander holding Tennisschläger .	error	error	none	de
Sechs Frauen stehen im Gras mit Tennisschlägern .	state	durative	stehen	de
ein mann spielt tennis auf dem tennisplatz	atelic	durative	spielt	de
ein Mann holt zum Schlag auf einen Tennisball aus	atelic	durative	holt aus	de
Schwarz-weiß-Foto eines Mannes , der Tennis spielt .	atelic	durative	spielt	de
Ein Bild von einem Mann der auf einem Tennisplatz einen Ball schlägt .	atelic	punctual	schlägt	de
ein Mann auf einem Tennisplatz im Begriff , auf einem Tennisball streichen	error	error	none	de
jemand mit Skiern nur mit einem Sprung weiterweg	error	error	none	de
Menschen beobachten einen Skifahrer , einen sehr hohen Sprungschanze .	atelic	durative	beobachten	de
ein Skifahrer fliegt in die Luft	atelic	durative	fliegt	de
Ein Skifahrer steigt durch die Luft , als eine Menschenmenge an schaut .	atelic	durative	steigt	de
Der man springt mit Ski den Berg runter .	atelic	durative	springt	de
eine Nahaufnahme von einer Reihe von Weingläser auf einem Tisch	error	error	none	de
Gläser voll Wein stehen bereit für eine Weinprobe .	state	durative	stehen	de
Ein Tisch mit 5 Wein Gläsern und eine Mahlzeit darauf .	error	error	none	de
mehrere Weingläser haben nur ein wenig Wein in jedem von ihnen .	state	durative	haben	de
ein hölzerner Tisch mit verschiedenen Weingläsern .	error	error	none	de
ein weißes Badezimmer hat eine Wanne , eine Wanne und eine Toilette .	state	durative	hat	de
Ein sehr kompaktes Bad mit Waschbecken , Dusche und WC .	error	error	none	de
ein weißes Küchentheke neben einem weißen WC und Badewanne .	error	error	none	de
ein sehr kleines Badezimmer hat Toiletten und alles passt zusamen	state	durative	hat	de
bad mit waschbecken wc und badewanne	error	error	none	de
ein Mann und ein Kind auf einem Strand .	error	error	none	de
Ein Mann und ein Junge sind am Stand kiten .	state	durative	sind	de
Ein kleiner Junge steht neber einem Mann mit einem Drachen spielend .	state	durative	steht	de
Vater und Sohn lassen einen Drachn am Strand steigen	atelic	durative	lassen einen Drachen steigen	de
ein Mann und ein Junge lassen am Strand einen Drachen fliegen .	atelic	durative	lassen einen Drachen fliegen	de
Ein Durcheinander gebrachter Tisch , mit elektrischen Tischen und Papier .	error	error	none	de
ein kleiner Laptop sitzt auf einem Schreibtisch .	state	durative	sitzt	de
in einem eingezäunten bereich ist der kopf einer giraffe	state	durative	ist	de
laptop und maus liegen auf dem schreibtisch	state	durative	liegen	de
ein geöffneter Laptop auf einem Schreibtisch , nebst Papieren , Büchern und elektronischen Geräten .	error	error	none	de
Eine Gruppe von vier roten Bussen vor großen Gebäuden geparkt	error	error	none	de
Doppeldeckerbusse sind in einer Linie vor der stattlichen Hochhäusern geparkt .	state	durative	sind	de
Busse auf der linken Spur und Autos an einer Ampel gestoppt	telic	durative	gestoppt	de
Eine Ansicht einer Stadtstraße mit mehreren Doppeldeckerbusse parkten entlang der Seite , wie Autos fahren durch .	error	error	error	de
Einige zweistöckige rote Busse auf einer Stadtstraße .	error	error	none	de
Die Menschen tragen Anzüge und Wasser-Ski in den großen Swimmingpool zuspringen .	atelic	durative	tragen	de
Die Skifahrer Flip in die Wasser Stunts .	error	error	error	de
Wasserskier machen Tricks und springen in einen Pool .	atelic	durative	machen	de
Drei Männer auf Skien fliegen über blauem Wasser .	atelic	durative	fliegen	de
Wasserschisportler machen Tricks in der Luft über dem Wasser .	atelic	durative	machen	de
eine Pizza auf einem Tisch mit einer Schüssel mit Trauben und Getränke .	error	error	none	de
Eine große Pizza mit Belägen auf dem Tisch , in einem dunklen Raum .	error	error	none	de
Ein Glas Bier steht neben einer Pizza .	state	durative	steht	de
Eine Pizza auf einem Tisch neber einem Teller Oliven .	error	error	none	de
Eine Nahaufnahme von einem Stück Pizza das auf dem Tisch liegt .	state	durative	liegt	de
Leute fahren an einem verschneiten Tag mit Ski durch die Stadt .	atelic	durative	fahren	de
Eine Gruppe von Menschen zu Fuß und Langlaufen in den Schnee in der Mitte der Stadt .	error	error	none	de
fünf Menschen spielen in den schneebedeckten Straßen der Stadt , zwei sind Skifahren .	atelic	durative	spielen	de
Menschen , mit und ohne Schiehern , balablabla	error	error	none	de
Skifahrer Reisen durch Schnee in der Mitte der Stadt am schneebedeckten Tag .	atelic	durative	reisen	de
zwei Männer in einem Wohnzimmer , Videospiele spielend .	atelic	durative	spielend	de
Zwei Leute spielen ein Videospiel auf der Nintendo Wii .	atelic	durative	spielen	de
zwei Männer spielen Wii im Wohnzimmer .	atelic	durative	spielen	de
Zwei Männer in einem Raum , die mit irgendetwas beschäftigt sind .	atelic	durative	beschäftigt sind	de
ein Mann , neben einem Mann mit erhobenem Arm in einem Raum stehend .	state	durative	stehend	de
ein Farmer steht neben seinen Kühen an der Scheune .	state	durative	steht	de
ein Mann , der nahe bei eine Gruppe Kühe steht	state	durative	steht	de
Ein Mann steht vor einigen Kühe	state	durative	steht	de
Ein Mann , der vor einer Herde von weidenden Kühen .	error	error	none	de
Mann in lila Top und Jeans , vor vier Kühe in Futter Stift .	error	error	none	de
Ein kleiner Vogel auf einem Stuhl stehend .	state	durative	stehend	de
n kleiner Vogel sitzt auf der Spitze eines Korbstuhl .	state	durative	sitzt	de
Ein brauner und weisser Vogel , ein Tisch und ein Sessel	error	error	none	de
ein kleiner Vogel auf einem braunen Weidenstuhl thront .	state	durative	thront	de
ein Bild von einem Vogel auf der Rückseite eines Stuhls außerhalb thront .	state	durative	thront	de
bär hält britische fahne im anhänger	atelic	durative	hält	de
Ein Teddy Bär mit einem Schild vor ihm .	error	error	none	de
Teddybären in einem Wagen zu senden einige Wünsche .	error	error	error	de
Zwei Bären liegen gegen einen Baum mit einer Aufschrift	state	durative	liegen	de
ein paar süße Stofftiere und ein Zeichen auf einem Wagen .	error	error	none	de
Eine Nahaufnahme von einem Zug auf einem Bahngleis .	error	error	none	de
Ein Zug fährt über die Spuren einer Stadt	atelic	durative	fährt	de
Ein sehr langer Zug hält auf dem Gleis	atelic	durative	hält	de
ein langer weißer zug , der die strecke hinunter fährt , unter elektrischen drähten .	atelic	durative	fährt	de
ein Zug auf der Bahnstrecke unterwegs .	error	error	none	de
zwei Menschen am Ende einer  Parkzone .	error	error	none	de
Junge Männer stehen in einem sozialen Gebiet in der Stadt .	state	durative	stehen	de
"ein Mann mit einem Hut , neben einem ""No Smoking""-Schild stehend"	state	durative	stehend	de
zwei asiatische Männer stehen in der Nähe eines Rauchzeichens .	state	durative	stehen	de
zwei Leute stehen in der Nähe eines Schildes draußen auf einem Platz	state	durative	stehen	de
Ein Laptop-Computer steht auf einem Computer-Schreibtisch neben einer Tastatur .	state	durative	steht	de
Ein Laptop voller verschiedener Sticker , wird festgehalten .	error	error	none	de
ein Mac-Laptop mit einer Reihe von verschiedenen Aufklebern an der Spitze .	error	error	none	de
Ein Bild eines Arbeitsbereiches und Computers .	error	error	none	de
Gymnasiast nahm seinen Laptop in die Schule .	telic	durative	nahm	de
ein Auto fährt auf einer sehr engen Strasse in den Bergen	atelic	durative	fährt	de
ein Auto unterwegs neben einem steilen Berghang .	error	error	none	de
Foto aus dem Fahrzeug auf Gebirgs schmalen Gebirgspass der Suche sehr gefährlich mit hohen steilen Abfall abgebaut .	error	error	error	de
eine Autorückansicht auf einem Feldweg .	error	error	none	de
Ein Auto fährt direkt neben einer steilen Klippe , die hoch hinauf ragt .	atelic	durative	fährt	de
Zwei Leuten reiten einen Elefant mit einem Regenschirm .	atelic	durative	reiten	de
zwei menschen sitzen mit einem sonnenschirm auf dem elefant	state	durative	sitzen	de
Zwei Leute , die auf dem Rücken eines Elefanten sitzen .	state	durative	sitzen	de
die zwei Leute reiten einen Elefanten mit Regenschirm .	atelic	durative	reiten	de
es gibt Leute , die sitzen auf einem Elefanten unter Dach .	state	durative	sitzen	de
eine Person Entladen Trauben von Bananen in großen Körben .	atelic	durative	entladen	de
Zwei Leute sind neben eine Große Auswahl Bananen	state	durative	sind	de
mehrere Körbe , gefüllt mit haufenweise unreifen Bananen .	state	durative	gefüllt	de
ein Mann packte ein Bündel von Bananen aus einem großen Display von Containern	telic	durative	packte	de
Körbe und ein Gestell mit Bananen auf einem Outdoor-Markt	error	error	none	de
Ein Monstertruck fliegt im Rahmen einer Show durch die Luft .	atelic	durative	fliegt	de
einen roten LKW über einen zerquetscht Auto fahren	atelic	durative	fahren	de
ein rot-silberner Lastwagen etwas Gras und einige Leute	error	error	none	de
eine rote Monster-Truck fliegen über zerkleinerte Autos .	atelic	durative	fliegen	de
Ein großer Monster Truck , der über ein Auto springt .	atelic	durative	springt	de
zwei Desktop-Monitoren , die oben auf einem Schreibtisch .	error	error	none	de
zwei Bildschirme und Tastaturen , die nebeneinander auf einem Schreibtisch stehen .	state	durative	stehen	de
zwei computer , die laufen gelassen wurden , standen auf einem großen tisch .	telic	durative	laufen gelassen wurden	de
zwei verschiedene Schirme der Computeranzeige , wie sie auf einem Schreibtisch sitzen .	state	durative	sitzen	de
Ein hölzerner Schreibtisch mit zwei Monitoren zwei Tastaturen und Lautsprecher .	error	error	none	de
Da gibt es ein es , falls Autos , welche geschält sind , in der Park-Lore . (???? WTF?)	state	durative	gibt	de
ein Hof mit ein paar Zeilen von mehreren Motorroller .	error	error	none	de
viele Motorräder geparkt auf einer arbeitsstelle	telic	durative	geparkt	de
Ein paar geparkte Motorräder stehen vor einem Gebäude .	state	durative	stehen	de
Viele Motorräder und Roller sind vor einem Gebäude geparkt .	telic	durative	sind geparkt	de
Eine Nahaufnahme von einem Korb von Früchten .	error	error	none	de
Eine große Obstschale , die Granatapfel , Kiwis , Zitronen , Limetten und Melone enthält .	state	durative	enthält	de
ein Drahtkorb voller verschiedener , farbenfroher frischer Früchte	error	error	none	de
eine Schale voller Früchte wird in einem Drahtkorb ausgestellt .	atelic	durative	wird ausgestellt	de
Ein Korb mit Obst sitzen auf einem Tisch .	atelic	durative	sitzen	de
Ein Spielzeugflugzeug fliegt über eine Graslandschaft .	atelic	durative	fliegt	de
ein Flugzeug gleitet durch die Luft , in der Nähe auf den Boden .	atelic	durative	gleitet	de
Ein kleines Spielzeug-Flugzeug wird die Flug in einem Feld .	error	error	error	de
foto vom pilot im jet	error	error	none	de
ein kleines Flugzeug fliegt nicht sehr hoch über dem Boden .	atelic	durative	fliegt	de
Ein Tennisspieler starrt auf den Ball mit zurückgezogenem Schläger .	atelic	durative	starrt	de
Ein Mann mit einem Tennisschläger schlägt einen Ball in der Nähe eines Maschendrahtzauns .	atelic	durative	schlägt	de
ein junger Mann , der Tennis spielt versucht , eine Vorhand zu schlagen .	atelic	durative	spielt	de
ein Tennisspieler ist in der mittleren Schwung etwa zu streiken .	error	error	error	de
ein Tennisspieler bereitet sich auf den Tennisball zu treffen	error	error	error	de
eine Katze , die auf der Wiese in der Nähe eines Vogels steht	state	durative	steht	de
Katze schaut sich neugierig einen gefallenen Spatz im Gras	atelic	durative	schaut	de
Eine schwarze und weiße Katze , ein weiße und graue Vogel	error	error	none	de
ein Vogel konfrontiert eine Katze auf einem grasbewachsenen Platz	atelic	durative	konfrontiert	de
Ein schwarzer Kater steht über einem Vogel .	state	durative	steht	de
vier junge Leute , die Spiele auf einem Spielsystem spielen .	atelic	durative	spielen	de
Einige Personen spielen mit Controlern ein Spiel .	atelic	durative	spielen	de
Vier Leute Spielen Wii im Wohnzimmer .	atelic	durative	spielen	de
Eine Gruppe von Menschen steht zusammen in einem Wohnraum .	state	durative	steht	de
vier Personen mit Spiel Bremsen in deren Hand	error	error	none	de
katze sitzt auf dem schreibtisch vor im bildschirm	state	durative	sitzt	de
Da ist eine Katze auf einem Schreibtisch mit Computer	error	error	none	de
Nahaufnahme von einer Katze vor einem Computer-Monitor	error	error	none	de
Ein neugieriger Kater guckt auf einen Papierhaufen mit einem Laptop im Hintergrund .	atelic	durative	guckt	de
Eine Katze sitzt auf dem Tisch , auf Papieren vor einem Computer .	state	durative	sitzt	de
Ein Mann und eine Frau fahren Ski	atelic	durative	fahren Ski	de
ein Paar macht ein Foto , während sie Ski fahren .	atelic	durative	macht	de
Ein Mann und eine Frau auf Skiern stehen zusammen auf dem Schnee .	state	durative	stehen	de
Die Mann und Frau posiert für ein Foto beim Skifahren .	atelic	durative	posiert	de
Eine Frau umarmt einen Mann , der auf einem Schnee bedeckten Boden steht .	atelic	durative	umarmt	de
Skifahrer im Schnee ,  neben einem Wegweiser	error	error	none	de
eine Person im Skianzug , unter einen Schild , das Anweisungen gibt , posierend	atelic	durative	posierend	de
ein Zeichen , dass ein Steinadler auf sie hat .	error	error	error	de
jemand in einem orangefarbenen Jacke auf Himmel an einem verschneiten Tag .	error	error	none	de
Skifahrer auf einem schneebedeckten Hügel unterhalb Richtung Beschilderung	error	error	none	de
Nahaufnahme zweier schwarzer Koffer und einer mit Rädern .	error	error	none	de
eine Nahaufnahme zweier Gepäcktaschen mit einem abgebrochenen Rad	error	error	none	de
Zwei schwarze Reisekoffer nebeneinander auf einem Podest .	error	error	none	de
zwei Gepäcktaschen liegen nebeneinander .	state	durative	liegen	de
Zwei schwarze Koffer mit Rollen nebeneinander .	error	error	none	de
ein Stofftier im Besitz einer Nintendo Wii-Controller mit einem Schild mit der Aufschrift 'Jedermann für Tennis	error	error	none	de
ein Stofftier sitzt neben einem Wii-Fernbedienung und einem Wii-Controller .	state	durative	sitzt	de
eine angefüllte Ratte , die ein wii Staubkorn , das hält fragt , ob jedermann für Tennis ist	error	error	error	de
eine ausgestopfte Maus mit einem Spielkonsolen-Controller und einem Zeichen .	error	error	none	de
Ein Stofftier mit einer Spielsteuerung auf der Suche nach einem Spielpartner .	atelic	durative	auf der Suche	de
Ein paar Zebras stehen in einem staubigen Feld .	state	durative	stehen	de
Drei Zebras werden von den Beinen eines Elefanten eingerahmt .	telic	durative	werden eingerahmt	de
einige Tiere hängen an einem heißen sonnigen Tag rum	atelic	durative	hängen herum	de
Eine gruppe von Zebras steht nebeneinander .	state	durative	steht	de
Drei Zebras vermischen sich nahe einem sehr großen Elefanten .	atelic	durative	vermischen	de
ein Baby zur Festlegung neben einem Buch .	error	error	none	de
ein Baby liegt am Bett mit einem Buch .	state	durative	liegt	de
ein kleines Baby liegt im Bett und leckt an einem Buch	state	durative	liegt	de
der junge Baby Verlegung auf dem Bauch neben dem Buch auf dem Bett .	error	error	none	de
Ein Baby Verlegung auf ein Buch , es zu lecken .	error	error	error	de
einen großen hübschen weißen Schwan Schwimmt in einem Fluss .	atelic	durative	schwimmt	de
eine Ente schwimmt auf dem Wasser , während die Menschen im Hintergrund laufen	atelic	durative	schwimmt	de
einem schwamm in der Mitte des Wassers , wie Auto über die Brücke passieren .	atelic	durative	passieren	de
eine einsame Gans schwimmt im Wasser bei einer Brücke	atelic	durative	schwimmt	de
ein einsamer Schwan schwimmt auf einem Fluss in der Nähe einer Brücke	atelic	durative	schwimmt	de
eine Tabelle hat Platten auf ihr mit Wassermelone und Brokkoli auf ihr .	state	durative	hat	de
Teller , gefüllt mit sortierten Früchten und Gemüse und einigem Fleisch .	state	durative	gefüllt	de
eine Vielzahl von Lebensmitteln in Teller und Schalen .	error	error	none	de
ein Tisch mit Tellern und Geschirr mit einer Vielfalt an Essen und einer Babyflasche .	error	error	none	de
Ein Tisch gedeckt mit Gemüsesalate und frischem Obst in Scheiben .	state	durative	gedeckt	de
zwei Betten sind in einem schwach beleuchteten Schlafzimmer .	state	durative	sind	de
Ein Bett sitzend gegen eine graue Wand neben einem Fenster .	state	durative	sitzend	de
Die beiden Betten sind nebeneinander in dem Raum .	state	durative	sind	de
Ein kleines Bett in einem raum mit Spitzenvorhang am Fenster .	error	error	none	de
ein Zusatzbett wird in einem kleinen Schlafzimmer set .	error	error	error	de
Leute laufen durch einen Bahnhof .	atelic	durative	laufen	de
Eine Gruppe von Fußgängern zu Fuß Vergangenheit eine U-Bahn in einer U-Bahnstation .	error	error	none	de
Eine Gruppe von Menschen die einen Gehweg neben einer U-Bahn entlang läuft .	atelic	durative	läuft	de
Menschen , immer bereit , einen Zug zu erreichen gehen oder nach Hause kommen von der Arbeit	atelic	durative	gehen	de
Mehrere Leute gehen in einen U-Bahnsteig .	atelic	durative	gehen	de
Ein Mann fährt durch die Luft auf einem Snowboard .	atelic	durative	fährt	de
Eine Person in roten Skihosen tanzt im Schnee auf einem Snowboard .	atelic	durative	tanzt	de
ein snowboardfahrer landet auf der piste und ist im begriff nach vorn zu fallen .	atelic	punctual	landet	de
eine Person , die ein Snowboard an seinem Ende .	error	error	none	de
ein Mensch , der eine Bremsung auf einem Snowboard .	error	error	none	de
ein vogel , der auf einem baumast um andere äste herum sitzt .	state	durative	sitzt	de
ein grauer Vogel auf einem Ast , sich umschauend	atelic	durative	sich umschauend	de
kleiner vogel sitzt auf einem grünen zweig	state	durative	sitzt	de
ein kleiner Vogel sitzt auf einem Zweig einer grünen Pflanze .	state	durative	sitzt	de
ein kleiner Vogel auf einem dünnen Zweig .	error	error	none	de
der Hinterhof Ausrüstung wird von tiefen Schnee bedeckt .	state	durative	wird bedeckt	de
Einem blauen Stuhl sitzen in einem Garten voller Schnee mit Schnee bedeckt .	error	error	error	de
Schnee bedeckt einen blauen Stuhl in der Nähe von einem Zaun und einer Schaukel .	state	durative	bedeckt	de
einem blauen Stuhl einen braunen Zaun weise Schnee und kleine Bäume	error	error	error	de
a backyard with a chair covered in snow .	error	error	error	de
Ein Stück Kuchen und Kaffeetasse sitzt auf einem Tablett .	state	durative	sitzt	de
teller mit essen und becher neben einer plastikwanne	error	error	none	de
ein Stück Kuchen und eine Tase Kaffee oberhalb eines blauen Tabletts .	error	error	none	de
ein Stück Kuchen und eine Tasse Kaffee auf einem Teller	error	error	none	de
blaues Tablett mit einer Papierserviette und einem Kaffeebecher darauf	error	error	none	de
eine Gruppe von Soldaten schneiden eines riesigen Kuchen bei einer Zeremonie ab .	atelic	durative	schneiden ab	de
eine kleine Gruppe von Loten Schneiden in eine große schön eingerichtete Kuchen	atelic	durative	schneiden	de
Vier Personen in DiensttrachtSchneiden einen Kuchen gekleidet .	atelic	durative	schneiden	de
Gruppe uniformierte Einzelpersonen , die unten erreichen und durch einen Kuchen schneiden .	atelic	durative	schneiden	de
Various senior military officials cutting a celebratory cake .	error	error	error	de
Ein Zug neben einer Ladeplattform .	error	error	none	de
ein Ingenieur mit einem schnittigen , blauen , japanischen Zug .	error	error	none	de
ein Zug auf den Gleisen abgestellt	state	durative	abgestellt	de
Einen verbeulten blauen Hochgeschwindigkeitszug mit einem Mann , der auf der Außenseite .	error	error	none	de
eine schnittig aussehende , blaue Lokomotive in einem Bahnhof .	error	error	none	de
zwei Männer sitzt auf einem braunen Sofa und rieschen am Wein .	state	durative	sitzt	de
Ein Mann sitzt auf einer Couch  neben einem anderen Mann .	state	durative	sitzt	de
Zwei Männer trinken mit geschlossenen Augen Wein	atelic	durative	trinken	de
Zwei Männer riechen Wein , während auf einer Couch sitzend .	atelic	durative	riechen	de
zwei Männer halten Weingläser , während auf einer Couch sitzend	atelic	durative	halten	de
ein braunes und ein weisses Pferd stehn mitten im Gras .	state	durative	stehn	de
Das ist ein Foto von einem grasenden Pferd auf einer offenen Wiese .	error	error	none	de
Pferd , das auf einem großen eingezäunten Feld steht und grast .	state	durative	steht	de
ein Pferd weidet auf einem umzäunten Grasfeld .	atelic	durative	weidet	de
Ein braun-weisses Pferd grast auf einer Wiese .	atelic	durative	grast	de
Eine Person bereite Brokkoli auf einem Ofen in der Küche vor .	atelic	durative	bereite vor	de
Zwei Hände schneiden Brokkoli auf einem Schneidebrett .	atelic	durative	schneiden	de
mensch schneidet broccoli auf dem brett	atelic	durative	schneidet	de
Eine Person schneidet Broccoli auf einem Schneidbrett .	atelic	durative	schneidet	de
Eine Person schneidet Brokkoli auf einem Brett .	atelic	durative	schneidet	de
ein Tisch mit Platten von Frühstück Essen und Getränke auf sie .	error	error	error	de
Ein paar Teller und Schüsseln mit Frühstücksessen .	error	error	none	de
ein Tisch mit Tellern und Essensschüsseln gedeckt	state	durative	gedeckt	de
Teller und Schalen vom Frühstück ,stehen auf einem Tisch .	state	durative	stehen	de
eine Tabelle , die einige Platten von Lebensmitteln auf sie hat .	error	error	error	de
ein Glockenturm befindet sich auf einem Stadt -Ecke in der Nacht .	state	durative	befindet sich	de
Ein nebeliger Glockenturm steht in der Nacht auf einer Strasse .	state	durative	steht	de
Eine Uhr an einer Stadtstraßen Ecke bei Nacht .	error	error	none	de
ein großer uhrenturm aus dem oben raucht quillt .	atelic	durative	quillt	de
Eine Uhr beleuchtet und aufgestellt im Stadtplatz	state	durative	beleuchtet	de
ein Flugzeug fliegt mit Sonnenstrahlen am Himmel .	atelic	durative	fliegt	de
ein Flugzeug ist gerade gestartet und fliegt durch den Sonnenschein .	telic	punctual	ist gestartet	de
ein Flugzeug fährt vor der Sonne vorbei .	atelic	durative	fährt	de
ein Flugzeug fliegen in der Luft neben ihr sieht man Sonnenflecken .	atelic	durative	fliegen	de
Ein kleiner Jet , fotografiert von unten fliegt nach der Sonne .	error	error	none	de
Ein Vogel streckt seinen Kopf durch Blätter auf der Wasseroberfläche .	atelic	durative	streckt	de
Ein Vogel steckt seinen Kopf ins Wasser unter Schichten von Pflanzen .	atelic	durative	steckt	de
Eine Ente mit dem Schnabel im Wasser .	error	error	none	de
Ein Vogel mit einem langen Hals , sitzt auf einem Berg aus Dreck .	state	durative	sitzt	de
ein Vogel auf der Suche nach dem Wasser für einen Snack .	atelic	durative	auf der Suche	de
ein Bürotisch mit einen Monitor und eine Tastatur im Raum .	error	error	none	de
eine schwarze Computer und die Tastatur auf einem Schreibtisch aus Holz .	error	error	none	de
ein schwarzer Computermonitor auf einem hölzernen Tisch .	error	error	none	de
wenig Büroplatz mit Arbeit überladen	error	error	none	de
Ein Holztisch mit ein Computer oben auf ihm sitzen .	state	durative	sitzen	de
ein Schlafzimmer mit einem Bett in der Nähe von Fenstern .	error	error	none	de
zwei Kissen auf einem Bett nahe eines Fensters .	error	error	none	de
Ein Bett mit zwei Kissen unter einem Fenster .	error	error	none	de
ein Bett mit Bettwäsche und Kissen steht in der Nähe eines Fensters durch das die Sonne herein scheint .	state	durative	steht	de
Zwei große Kissen liegen auf dem Bett als Sonnenlicht in den Raum sickert .	state	durative	liegen	de
eine Reihe von Autos wartet auf Fußgänger , die in den Prozess der Kreuzung der Straße , während die Ampel grün , auf einer belebten Straße in der Stadt sind .	state	durative	wartet	de
Fußgänger überqueren die Strasse , als die Ampel auf Grün schaltet .	atelic	durative	überqueren	de
Autos und Fußgänger bewegen sich an einer viel befahrenen Stadtstraße .	atelic	durative	bewegen	de
Fußgänger überqueren einen Zebrastreifen vor Verkehr bei grüner Ampel .	atelic	durative	überqueren	de
Eine sehr geschäftige Straßenszene in Atlanta mit Linien von Autos und mehrere Ampeln dargestellt .	error	error	none	de
ein Zimmer mit Schränke aus Holz und Fliesenböden umgebaut .	error	error	none	de
der kleine Badezimmerboden ist z .Z . im Bau .	state	durative	ist	de
Dieses Bad hat  Holz toilette und Schränke	state	durative	hat	de
ein winziges Zimmer mit Schränken , Waschbecken und Fernseher .	error	error	none	de
ein kleiner Raum , der gerade renoviert wird .	atelic	durative	renoviert wird	de
eine Pizza liegt auf einem Tisch	state	durative	liegt	de
eine große Pepperoni-Pizza und ein Bier sind hier zu sehen .	state	durative	sind zu sehen	de
Eine Große Pizza sitzt auf dem Tisch	state	durative	sitzt	de
Eine Pepperonipizza in einer Pfanne neben einem Bier .	error	error	none	de
eine Pepperoni-Pizza und eine Flasche Bier	error	error	none	de
ein kleines Mädchen , das auf einer Bank neben einem anderen kleinen Mädchen sitzt	atelic	durative	sitzt	de
Ein Mädchen fällt von der Bank hinunter auf ein anderes Mädchen .	atelic	punctual	fällt herunter	de
Zwei Kinder spielen draußen auf der Bank .	atelic	durative	spielen	de
Zwei Mädchen in Kleidern spielen auf und um eine weiße Bank .	atelic	durative	spielen	de
ein Kind Springen auf einem Haufen , während ein anderes Kind ist auf dem Boden .	atelic	durative	springen	de
ein Fahrrad , geparkt auf der Seite einer Straße , mit einem Kofferraum hinten drauf .	telic	durative	geparkt	de
Ein Fahrrad mit einer Box dran ,  dessen Hinterrad geparkt ist .	state	durative	ist	de
das Fahrrad hat einen Kühler für liefert zu den Menschen .	state	durative	hat	de
Fahrrad mit einem Briefkasten hinten drauf geparkt an einer Strassenecke .	telic	durative	geparkt	de
Da ist ein Fahrrad neben einem Auto geparkt .	state	durative	ist	de
Ein Mann fährt snowboard , um weiße Verkehrskegel .	atelic	durative	fährt	de
Ein Mann mit einem Helm steigt lange ein .	atelic	durative	steigt ein	de
Skateboarder Fahrgefühl ist das Brett , um die Zapfen .	error	error	error	de
Der Mann fährt Skateboard um die Kegel	atelic	durative	fährt	de
ein Mann , der auf einem Skateboard steht .	state	durative	steht	de
Ein Safeway-Lieferwagen fährt vor einem anderen Wagen .	atelic	durative	fährt	de
eine weiße Sattelanhänger mit schwarzer Schrift auf der Seite	error	error	none	de
Ein Traktor Trailer mit Schutz mit Schrift an der Seite	error	error	none	de
ein safeway LKW von jemand in einem Auto gesichtet	telic	punctual	gesichtet	de
a safeway Lkw , der Waren für die Geschäfte führt .	state	durative	führt	de
Vintage- Foto von einer Frau mit einem Tennisschläger .	error	error	none	de
Frau mit Tennisschläger steht auf Rasenplatz .	state	durative	steht	de
ein Tennisspieler posiert für ein Bild in einem Schwarz-Weiß-Bild .	atelic	durative	posiert	de
Frau , die in einem Feld mit einem Tennisschläger .	error	error	none	de
Eine Frau in einem weißen Kleid und Hut hält ein Tennisschläger .	error	error	none	de
Ein Waschbecken und eine Badewanne in einem kleinen Raum .	error	error	none	de
ein kunstvolles Badezimmer ist mit gelben und vielfarbigen Kacheln verziert .	state	durative	ist verziert	de
Das Badezimmer ist in einem aufwendigen Stil eingerichtet .	state	durative	ist eingerichtet	de
Eine alte mediterrane gelb Mosaik gefliestes Bad mit verzierten Hängeleuchte	error	error	error	de
ein Badezimmer dekoriert mit viel Fantasy	state	durative	dekoriert	de
Eine Gruppe von drei Giraffen geht über ein Feld .	atelic	durative	geht	de
Drei Giraffen gehen zusammen durch ein Feld mit Bäumen hinter ihnen .	atelic	durative	gehen	de
Drei Giraffen sind zu Fuß in einer Rasenfläche .	state	durative	sind	de
drei Giraffen laufen auf einem Feld .	atelic	durative	laufen	de
drei Giraffen zusammen zu Fuß über eine Rasenfläche .	error	error	none	de
eine Person windsurft im Ozean unter wolkigem Himmel .	atelic	durative	windsurft	de
Grünschwarzer Stoff angebunden an einen Mann auf dem Wasser .	error	error	none	de
Eine Person in den Ozean mit einem Drachensegel .	error	error	none	de
a para sailor Segeln bei Sonnenuntergang auf dem Meer . .	atelic	durative	segeln	de
Erwachsenen surfen auf den Wellen mit grünen und blauen Fallschirm	atelic	durative	surfen	de
ein Mann , der auf Ski einen schneebedeckten Abhang hinunter fährt .	atelic	durative	fährt	de
Ein Mann mit Skiern steht im Schnee .	state	durative	steht	de
ein Skifahrer posiert für ein Schuss auf den nächtlichen Pisten	atelic	durative	posiert	de
Ein Mann in Outdoor-Ausrüstung Ski durch auf einem schneebedeckten Hang .	error	error	none	de
Ein Mann steht auf einem Gipfel , während er Skis an hat .	state	durative	steht	de
Ein zu einem Viertel gefülltes Glas mit Wein auf einem Tisch .	error	error	none	de
ein Glas Weißwein in einem Weinglas mit der Flasche im Hintergrund .	error	error	none	de
Eine Frau sitzt an einem Tisch mit Gläsern , die mit Wein gefüllt sind .	state	durative	sitzt	de
Zwei Weingläser und ein Trinkglas sitzen an einem Tisch .	state	durative	sitzen	de
a wine glass with an r on it partially filled with wine .	error	error	error	de
Zwei schöne Frauen und ein Mann halten Nintendo Wii Controllers	atelic	durative	halten	de
eine Gruppe von Leuten auf einer Couch schauen auf Fernbedienungen	atelic	durative	schauen	de
eine Gruppe von Freunden , zwei Mädchen und ein Mann , Blick auf einen Wiimote .	error	error	none	de
drei Leute sitzen und Halten Wii-Controller .	atelic	durative	sitzen	de
Zwei Frauen und ein Mann schauen auf zwei Videospiel Controller .	atelic	durative	schauen	de
eine Reihe von Menschen zu Fuß mit offenen Schirme	error	error	none	de
Menge von Menschen zu Fuß entlang mit Sonnenschirmen in der regen .	error	error	none	de
Eine Menge von Menschen mit Regenschirmengehen auf einem bürgersteig an einem regnerischen Tag	error	error	none	de
eine große Gruppe von Leuten mit Regenschirmen , an einem Regentag auf einer Ziegelsteinstraße gehend .	atelic	durative	gehend	de
Menschen zu Fuß nach unten einen Gehsteig mit einigen Sonnenschirmen .	error	error	none	de
Eine große Kuh , die in einem Feld wird .	error	error	error	de
Eine Milchkuh schaut nachdenklich in die Kamera .E	atelic	durative	schaut	de
Eine Nahaufnahme von einer Kuh auf einem Feld .	error	error	none	de
eine Kuh , die in der Mitte einer Zaun-abgegrenzten Wiese steht	state	durative	steht	de
eine Kuh steht im Gras neben einem Zaun .	state	durative	steht	de
ein professioneller Tennisspieler schlägt den Ball .	atelic	punctual	schlägt	de
Der Tennisspieler erwartet eine leistung vom Tennisball .	state	punctual	erwartet	de
Ein man lauft über ein Feld mit zwei Frauen hinter ihm	atelic	durative	läuft	de
Der Tennisspieler rennt , um den Ball mit seinem Schläger zu erwischen	atelic	durative	rennt	de
Ein Mann in Turnschuhen mit einem Schläger läuft .	atelic	durative	läuft	de
Zwei gelbe Taxis sind auf einer dunklen Stadtstraße .	state	durative	sind	de
Ein Stopplicht in der Innenstadt .	error	error	none	de
autos fahren die strasse runter in die dreckige stadt	atelic	durative	fahren	de
eine geschäftige Stadt Straße mit Autos und Taxis .	error	error	none	de
ein Paar von gelben Taxis fahren durch eine Stadt Kreuzung .	atelic	durative	fahren	de
ein Straßenzeichen , welches vor einem Gebäude steht .	state	durative	steht	de
Eien Ampel und Verkehrsschilder nahe eines Gebäudes , das viele Autos und Fußgänger passieren .	atelic	durative	passieren	de
eine Bremsleuchte mit einem Verkehrsschild sitzt vor einem Gebäude .	state	durative	sitzt	de
ein Straßenschild zeigt zwei Pfeile in beide Richtungen .	state	durative	zeigt	de
Gelbes Schild , das irgend etwas mit einer Frau zeigt , an einer Strasse .	state	durative	zeigt	de
eine tennisspielende Frau , dabei den Ball zu treffen .	atelic	punctual	treffen	de
die frau hält ihrem Tennisschläger immer bereit , treffen .	state	durative	hält	de
Ein weiblicher Tennisspieler macht sich bereit den Ball zu schlagen .	atelic	durative	macht sich bereit	de
Eine Frau steht mit einem Tennisschläger auf einem Tennisplatz .	state	durative	steht	de
ein Tennisspieler reagiert während eines Matches auf dem Tennisplatz .	atelic	punctual	reagiert	de
Ein Teddybär mit einem Schild sitzt auf einem großen Stein .	state	durative	sitzt	de
Eine braune Teddybär oben auf Felsen sitzen .	state	durative	sitzen	de
Ein fusseliger Teddybär sitzt auf einem Felsblock .	state	durative	sitzt	de
Ein Teddy Bär sitzt auf ein paar Steinen .	state	durative	sitzt	de
Ein süsser kleiner brauner Teddybär sitzt auf einem Stein neben einem Busch .	state	durative	sitzt	de