Caption	Class	Subclass	Verb	Language
لاعب يقوم برمى الكرة بقوة	atelic	Activity	يقوم	ar
لاعبة تنس تقوم بضرب الكرة بالمضرب	atelic	Activity	تقوم	ar
لاعبى بيسبول فى ارض الملعب	NA	NA	NA	ar
اتوبيس يقف بجانب الطريق	state	State	يقف	ar
فتاة تستعد للنزول الى البحر وشاب يقوم بالتزحلق على الماء	atelic	Activity	تستعد	ar
فتاة تستعد للنزول الى البحر وشاب يقوم بالتزحلق على الماء	atelic	Activity	يقوم	ar
مجموعة من الحمير الوحشية تاكل العشب	atelic	Activity	تاكل	ar
شاب يمارس رياضة التزحلق على الماء	atelic	Activity	يمارس	ar
مجموعة من الشباب يمارسون رياضة التزحلق على الجليد	atelic	Activity	يمارسون	ar
مجموعة من الشباب يقفون على الجليد	state	State	يقفون	ar
مجموعة من اللوحات الارشادية على الطريق	NA	NA	NA	ar
موقف للاتوبيسات العامة فقط	NA	NA	NA	ar
اطباق مليئة بالفواكه والخضروات	NA	NA	NA	ar
مكتب به مجموعة من اجهزة الكمبيوتر والتليفونات	NA	NA	NA	ar
فتاتان تقوما بتقطيع الحلوى فى اطباق	atelic	Activity	تقوما	ar
فتاتان ينتظرا الاتوبيس فى الموقف	atelic	Activity	ينتظرا	ar
طائرة تحلق فى الهواء	atelic	Activity	تحلق	ar
هاتفين على المكتب	NA	NA	NA	ar
كلب يجلس على الكرسي	state	State	يجلس	ar
بقرة تقف فى وسط الحشائش الخضراء	state	State	تقف	ar
شاب يقف امام سريران بهما دمى كبيرة	state	State	يقف	ar
مجموعة من الاطفال فى الفصل	NA	NA	NA	ar
شاحنة تمشي على الطريق	atelic	Activity	تمشي	ar
شاب يهمس للفيل	telic	Temporary State	يهمس	ar
قطار على السكة الحديد	NA	NA	NA	ar
ساعة ضخمه فى اعلى مبنى	NA	NA	NA	ar
مبنى ضخم به ساعة كبيرة	NA	NA	NA	ar
مطبخ منزلى به كراسى	NA	NA	NA	ar
دب ابيض ضخم	NA	NA	NA	ar
فتاة تلعب مع حيوان لطيف	atelic	Activity	تلعب	ar
قطة تجلس على كرسي	state	State	تجلس	ar
مبنى ضخم بجانب طريق به مجموعة من السيارات	NA	NA	NA	ar
مجموعه من الكتب على المكتب	NA	NA	NA	ar
فتاة وشاب يقفا فى المطبخ	state	State	يقفا	ar
كلب ينظر من شباك السيارة	atelic	Activity	ينظر	ar
طائرة تقف بجانب الطريق	state	State	تقف	ar
دولاب به كتب ومكتب عليه قطة	NA	NA	NA	ar
شاطئ به مجموعة من الناس و أدوات تزحلق على الماء	NA	NA	NA	ar
مجموعة من الناس فى المطار	NA	NA	NA	ar
شاب يمشى على الطريق بجانب محل	atelic	Activity	يمشى	ar
طبق بيتزا ومشروب على الطاولة	NA	NA	NA	ar
فتاة تلتقط صورة اثناء الوقوف فى الحمام	atelic	Activity	تلتقط	ar
شاحنة تقف بجانب الطريق	state	State	تقف	ar
طريق كبير به لسيارات وفى الجانب يقف مجموعة من الناس	state	State	يقف	ar
دب ابيض ضخم يقف فى الحديقة	state	State	يقف	ar
مجموعة من الاطفال ومدرس يقومون بلعب فى المدرسة	atelic	Activity	يقومون	ar
فازة به ورد	NA	NA	NA	ar
دمية على شكل كلب وفرشاة اسنان	NA	NA	NA	ar
فتاة تجلس على السرير امام الكاميرا	state	State	تجلس	ar
طبق به موز وقطع شيكولاتة	NA	NA	NA	ar
كوب به دونيت	NA	NA	NA	ar
فتاة تلعب التنس	atelic	Activity	تلعب	ar
مجموعة من الزينة امام المنزل	NA	NA	NA	ar
مجموعة من الفتيات يلعبون فى الحديقة	atelic	Activity	يلعبون	ar
لاعب تنس يضرب الكرة بالمضرب	telic	Temporary State	يضرب	ar
مطبخ فى منزل	NA	NA	NA	ar
طبق به طعام	NA	NA	NA	ar
مركب فى البحر وبها مجموعة من الناس	NA	NA	NA	ar
دمى صغيرة	NA	NA	NA	ar
حديقة امام بحر كبير به مراكب كثيرة	NA	NA	NA	ar
اشارة مرور	NA	NA	NA	ar
لاعبة تلعب تنس	atelic	Activity	تلعب	ar
لوحة مكتوب به قف	state	State	قف	ar
مجموعة من الشباب يمارسون رياضة التزحلق على الماء	atelic	Activity	يمارسون	ar
فتاة تقوم بحفظ اليوسفى فى برطمان	atelic	Activity	تقوم	ar
طبق به اكل	NA	NA	NA	ar
لوحة فى جانب الطريق	NA	NA	NA	ar
قاعدة فى حمام	NA	NA	NA	ar
طريق به سيارات	NA	NA	NA	ar
سيارات تمشي على الطريق	atelic	Activity	تمشي	ar
شيف يقوم بتجهبز ساندوتش سجق	atelic	Activity	يقوم	ar
عصفور يقف على الخشب	state	State	يقف	ar
شاب يمارس رياضة التزحلق على الطريق	atelic	Activity	يمارس	ar
مجموعة من الدرجات النارية	NA	NA	NA	ar
قطة تملك عيون جميلة	state	State	تملك	ar
فتاة امام جهاز اللاب توب	NA	NA	NA	ar
رسوم جميلة على الحائط	NA	NA	NA	ar
طائرة كبيرة ومجموعة من الناس	NA	NA	NA	ar
منزل من الداخل	NA	NA	NA	ar
رجل يحمل خروف	atelic	Activity	يحمل	ar
قطة تنظر للاب توب	atelic	Activity	تنظر	ar
ساعة حائط	NA	NA	NA	ar
طائرتين تحلقان فى الهواء	atelic	Activity	تحلقان	ar
مجموعة من الزرافات فى الحديقة	NA	NA	NA	ar
فيل صغير فى الحديقة	NA	NA	NA	ar
وجبات معروضة فى مطعم	NA	NA	NA	ar
اشارة مرور وسيارات	NA	NA	NA	ar
بقر ياكل من الاعشاب	atelic	Activity	ياكل	ar
رجل وامراءة وامامهم حقائب	NA	NA	NA	ar
مركب على الشاطئ امام البحر	NA	NA	NA	ar
رجل يقف فى محل فواكة	state	State	يقف	ar
شاب يلعب بطائرة ورقية	atelic	Activity	يلعب	ar
لوحة ودرجات نارية  وسيارة	NA	NA	NA	ar
فتاة تجلس وتتكلم فى الهاتف	atelic	Activity	تجلس	ar
فتاة تجلس وتتكلم فى الهاتف	atelic	Activity	تتكلم	ar
مجموعة من الطائرات الورقية	NA	NA	NA	ar
صورة لرجل على الحائط	NA	NA	NA	ar
اكل فى طبق	NA	NA	NA	ar
شاب فى المطبخ	NA	NA	NA	ar
اطباق ومناديل ورقية ومشاريب	NA	NA	NA	ar
كرسي فى حديقة	NA	NA	NA	ar
شاب يتزحلق على الجليد	atelic	Activity	يتزحلق	ar
اكل ومشروبات على الطاولة	NA	NA	NA	ar
خرفان فى المزرعة	NA	NA	NA	ar
بحر وكوبرى ومبانى ضخمه	NA	NA	NA	ar
طفل يحمل دبدوب على ظهره	atelic	Activity	يحمل	ar
زرافات فى الحديقة	NA	NA	NA	ar
لوحات  على الطريق اسفل كوبرى ضخم	NA	NA	NA	ar
مبانى وسيارات	NA	NA	NA	ar
حصان يجلس فى الحديقة	state	State	يجلس	ar
مطعم به زبائن	NA	NA	NA	ar
اطفال يلعبون باللاب توب	atelic	Activity	يلعبون	ar
عجانة كهربائية	NA	NA	NA	ar
مطبخ به ديكورات جميله	NA	NA	NA	ar
رجل يجلس على طاولة بها مشروب واكل	state	State	يجلس	ar
رجل امامه اداوت تزحلق على الماء	NA	NA	NA	ar
اطباق برتقال	NA	NA	NA	ar
جزر  معروض للبيع	NA	NA	NA	ar
طفل ياكل على طاولة	atelic	Activity	ياكل	ar
قطة فوق سيارة	NA	NA	NA	ar
اكل فى طبق	NA	NA	NA	ar
ناس تختبأ تحت الشمسية من المطر	state	State	تختبأ	ar
فازة بها ورد امام مدفأه	NA	NA	NA	ar
قطار مرسوم عليه نقوشات جميلة	NA	NA	NA	ar
سيارات كثيرة على الطريق وسط اماكن خضراء	NA	NA	NA	ar
كلب ينام على السرير	atelic	Activity	ينام	ar
شاب يلعب تنس	atelic	Activity	يلعب	ar
مطبخ كامل	NA	NA	NA	ar
مجموعة من الشمسيات	NA	NA	NA	ar
طاولة فوقها اطباق مأكولات	NA	NA	NA	ar
اتوبيسات على الطريق	NA	NA	NA	ar
اشارة مرور	NA	NA	NA	ar
ملعب بيسبول به فريقان	NA	NA	NA	ar
مرسى به مراكب	NA	NA	NA	ar
ناس تجلس على مقعد امام البحر	state	State	تجلس	ar
جهاز ميكروف	NA	NA	NA	ar
طفل يشرب اللبن وهو نائم	atelic	Activity	يشرب	ar
دب ضخم اسود نائم فى الغابة	NA	NA	NA	ar
يتنزا فى طبق على طاولة	NA	NA	NA	ar
شاب يمارس رياضة التزحلق على الماء	atelic	Activity	يمارس	ar
رجل يقوم بالتزحلق على الماء	atelic	Activity	يقوم	ar
خريطة معلقة لشوارع المدينة	NA	NA	NA	ar
كلب ينظر الى السماء	atelic	Activity	ينظر	ar
فتاة تستعد لرمى شئ ما	atelic	Activity	تستعد	ar
غرفة معيشة فى منزل	NA	NA	NA	ar
شاب يقوم بالتزحلق على الحديد	atelic	Activity	يقوم	ar
غرفة بها مكان للجلوس	NA	NA	NA	ar
شاب يمسك بجهاز	state	State	يمسك	ar
صينية بها طعام وحساء	NA	NA	NA	ar
شباب يقومون بحمل بعضهم بفرح	atelic	Activity	يقومون	ar
قطه تشاهد التليفزيون	state	State	تشاهد	ar
ملعب تنس وجمهور	NA	NA	NA	ar
قطعة دونيت على الطاولة	NA	NA	NA	ar
طبق به طعام بيض وخضار	NA	NA	NA	ar
ام تاكل ابنها الصغير	atelic	Activity	تاكل	ar
فتاتان وكلب على الرصيف	NA	NA	NA	ar
مجموعة كبيرة من الخرفان	NA	NA	NA	ar
دمية على شكل كلب	NA	NA	NA	ar
شباب يقفون بجانب مجموعة من الدرجات النارية	state	State	يقفون	ar
قطار سريع فى المحطة	NA	NA	NA	ar
مجموعة من شنط السفر	NA	NA	NA	ar
اتوبيس فى موقف	NA	NA	NA	ar
دراجات نارية على الطريق	NA	NA	NA	ar
بقرة فى حظيرة	NA	NA	NA	ar
افيال فى الحديقة	NA	NA	NA	ar
سلة مشتريات	NA	NA	NA	ar
شاب يمارس التزحلق على الارض	atelic	Activity	يمارس	ar
عمال وجهاز لصنع الماكولات	NA	NA	NA	ar
خرفان تاكل من العشب	atelic	atelic	تاكل	ar
مجموعة من الناس يجلسون على الشاطئ	state	State	يجلسون	ar
فتاة تمارس رياضة التزحلق على الماء	atelic	Activity	تمارس	ar
فتاة تجلس السرير وتقرأ كتاب	state	State	تجلس	ar
فتاة تجلس السرير وتقرأ كتاب	atelic	Activity	وتقرأ	ar
ادوات مطبخ خلط وتقطيع	NA	NA	NA	ar
جهاز كهربائي	NA	NA	NA	ar
تلاجة فى مكان ملئ بالماء	NA	NA	NA	ar
زرافة جميلة	NA	NA	NA	ar
شاب وفتاة يجلسان على مقعد امام بحر كبير	state	State	يجلسان	ar
قطعة حلوى	NA	NA	NA	ar
شباب يمسكون بالهواتف المحمولة	state	State	يمسكون	ar
مبنى ابيض وسط الخضراء	NA	NA	NA	ar
مطر وتفاح وبشر يقفون فى الشارع	state	State	يقفون	ar
ثلاجة فى منزل	NA	NA	NA	ar
مجموعة من الدمى على مقعد	NA	NA	NA	ar
حمام	NA	NA	NA	ar
لاعبى بيسبول فى الملعب	NA	NA	NA	ar
اجهزة اطفاء وسط الحدائق	NA	NA	NA	ar
فتاة تجلس وتحمل هاتف	state	State	تجلس	ar
فتاة تجلس وتحمل هاتف	atelic	Activity	تحمل	ar
مجموعة من الناس يلعبون بطائرة ورقية	atelic	Activity	يلعبون	ar
قطع كرواسوه وحلوى	NA	NA	NA	ar
شارع ملئ بالناس	NA	NA	NA	ar
شابان يقومون بالقفز والتزحلق	atelic	Activity	يقومون	ar
قطار على السكة الحديد	NA	NA	NA	ar
قطار على السكة الحديد	NA	NA	NA	ar
شاشة تليفزيون كبيرة	NA	NA	NA	ar
حمام سباحة	NA	NA	NA	ar
استوديو تصوير	NA	NA	NA	ar
سوق كبير	NA	NA	NA	ar
فتاة تحمل شمسية	atelic	Activity	تحمل	ar
مطبخ كبير فى المنزل	NA	NA	NA	ar
قطة خلف كرسي	NA	NA	NA	ar
شاطئ به ناس	NA	NA	NA	ar
غرفة معيشة غير مرتبة	NA	NA	NA	ar
مجموعة من الشباب يقفون على الثلج	state	State	يقفون	ar
ملعب تنس وجمهور	NA	NA	NA	ar
حوض قديم فى مكان مهجور	NA	NA	NA	ar
اكل وشراب على الطاولة	NA	NA	NA	ar
لعبة	NA	NA	NA	ar
شباب تشرب مشروبات كحولية	atelic	Activity	تشرب	ar
ساعة ضخمة فى اعلى المبنى	NA	NA	NA	ar
لوحة اعلى عمود	NA	NA	NA	ar
حمام	NA	NA	NA	ar
شباب يقفزون فى الهواء	atelic	Activity	يقفزون	ar
فتاة تجلس على مقعد	state	State	تجلس	ar
سيارات مركونة على الطريق	NA	NA	NA	ar
عصفور يقف على كتاب	state	State	يقف	ar
اتوبيس على الطريق	NA	NA	NA	ar
سيارة حمراء	NA	NA	NA	ar
غرفة معيشة وسفرة	NA	NA	NA	ar
مبنى كبير امام بحر	NA	NA	NA	ar
طائرة تحلق فى الهواء	atelic	Activity	تحلق	ar
كلب يجلس على انترية	state	State	يجلس	ar
العاب اطفال	NA	NA	NA	ar
ساعة كبيرة فى مبنى	NA	NA	NA	ar
رجل يتزحلق على الجليد	atelic	Activity	يتزحلق	ar
فتاة تقوم بتنظيف اسنانها	atelic	Activity	تقوم	ar
حلوى كريب	NA	NA	NA	ar
لوحة ممنوع وقوف السيارات	NA	NA	NA	ar
طيور تحلق فى الهواء فوق بحر	atelic	Activity	تحلق	ar
تمثال اعلى ساعة ضخمة	NA	NA	NA	ar
شاب يقوم بتصوير المبانى	atelic	Activity	يقوم	ar
حمير وحشية	NA	NA	NA	ar
اتوبيس ومجموعة الناس	NA	NA	NA	ar
طائرة تحلق فى الهواء	atelic	Activity	تحلق	ar
ركاب فى اتوبيس	NA	NA	NA	ar
حمير وحشية تعبر النهر	atelic	Activity	تعبر	ar
قطة على كرسي	NA	NA	NA	ar
بقرة بجانب المنزل	NA	NA	NA	ar
حمير وحشية فى الحديقة	NA	NA	NA	ar
مجموعة من الناس حول طاولة مشوربات	NA	NA	NA	ar
انترية جلوس وطاولة	NA	NA	NA	ar
اب وابنه يلتقطون الصور	atelic	Activity	يلتقطون	ar
مجموعة من الخرفان	NA	NA	NA	ar
هاتف محمول وفاكهة وكوب على طاولة	NA	NA	NA	ar
قطار على السكة الحديد	NA	NA	NA	ar
فتاة تجلس امام اللاب توب	state	State	تجلس	ar
شارع كبير ملئ بالناس	NA	NA	NA	ar
يد مقص وقلم	NA	NA	NA	ar
كلب على مقعد	NA	NA	NA	ar
مجموعة  الناس فى متحف كبير	NA	NA	NA	ar
شاب على دراجة نارية	NA	NA	NA	ar
اجهزة كمبيوتر	NA	NA	NA	ar
فتاة تحمل دفتر وقلم	atelic	Temporary State	تحمل	ar
خروفان يجلسان فى البحر	state	State	يجلسان	ar
كلاب تلعب بالكورة	atelic	Activity	تلعب	ar
دب اسمر ضخم يمشى فى الغابة	atelic	Activity	يمشى	ar
حمام	NA	NA	NA	ar
طفلة تأكل	atelic	Activity	تأكل	ar
شباب يركبون احصنة	atelic	Activity	يركبون	ar
ناس فى ملعب تنس	NA	NA	NA	ar
خرفان كثيرة وسط الخضراء	NA	NA	NA	ar
لاعب بيسبول يركل الكورة	atelic	Activity	يركل	ar
فواكة	NA	NA	NA	ar
شاب يتزحلق على الجليد	atelic	Activity	يتزحلق	ar
ساندوتش سجق	NA	NA	NA	ar
فتاتان تجلسان على مقعد	state	State	تجلسان	ar
شخص يمارس التزحلق على الجليد	atelic	Activity	يمارس	ar
اسلاك عالية واشجار	NA	NA	NA	ar
طبق به طعام	NA	NA	NA	ar
كلب فوق اداة تزحلق	NA	NA	NA	ar
مجموعة من الناس يركبون دراجات بخارية	atelic	Activity	يركبون	ar
جهاز كمبيوتر وشاشتين	NA	NA	NA	ar
طائرة ورقية فى تحلق فى الهواء	atelic	Activity	تحلق	ar
شاب وفتاة تحت شمسية	NA	NA	NA	ar
لوحة على الطريق	NA	NA	NA	ar
اداوت منزلة	NA	NA	NA	ar
اتوبيس بجانب الطريق	NA	NA	NA	ar
فازة ورد	NA	NA	NA	ar
قطعة برتقال	NA	NA	NA	ar
طريق به اتوبيس وسيارة	NA	NA	NA	ar
طفل يأكل موز	atelic	Activity	يأكل	ar
حمام	NA	NA	NA	ar
لوحة ارشادية ونخل	NA	NA	NA	ar
فتاة تلعب تنس	NA	NA	NA	ar
حمام	NA	NA	NA	ar
مقعد فى الشارع	NA	NA	NA	ar
فتاة تجلس على السرير وتقرا كتاب	state	State	تجلس	ar
فتاة تجلس على السرير وتقرا كتاب	atelic	Activity	تقرا	ar
خضار فى طبق	NA	NA	NA	ar
ساعة حائط	NA	NA	NA	ar
شاب على دراجة بخارية	NA	NA	NA	ar
لاعبة تنس فى ارض الملعب	NA	NA	NA	ar
قطتان على السرير	NA	NA	NA	ar
مجموعة من الناس تعلب تنس فى صالة	atelic	Activity	تلعب	ar
ساندوتش ومشروب ساخن	NA	NA	NA	ar
حصان فى الحظيرة	NA	NA	NA	ar
خرفان تأكل عشب	NA	NA	NA	ar
شاب فى المطبخ	NA	NA	NA	ar
لاعب بيسبول فى الملعب	NA	NA	NA	ar
مطبخ كبير	NA	NA	NA	ar
حمار وحشى يأكل عشب	atelic	Activity	يأكل	ar
طائرة تحلق فى الهواء	atelic	Activity	تحلق	ar
شاب يحلق فى الهواء بمظلة	atelic	Activity	يحلق	ar
لوحات ارشادية على الطريق	NA	NA	NA	ar
مبانى ضخمه وسيارات	NA	NA	NA	ar
لاب توب على المكتب	NA	NA	NA	ar
شاب يقرأ وهو جالس	atelic	Activity	يقرأ	ar
رجل يتحدث فى الهاتف	atelic	Activity	يتحدث	ar
رجل يقود دراجة نارية	atelic	Activity	يقود	ar
فتاة تنظر الى اللاب توب على السرير	atelic	Activity	تنظر	ar
شاب فوق حصان يقفز من على حاجز	atelic	Activity	يقفز	ar
كلب اسمر	NA	NA	NA	ar
لاعب تنس	NA	NA	NA	ar
غرفة معيشة	NA	NA	NA	ar
كلب يلعب	atelic	Activity	يلعب	ar
لاعبي بيسبول	NA	NA	NA	ar
فتيات وكلب	NA	NA	NA	ar
رجل على الشاطئ	NA	NA	NA	ar
قطعة بيتزا	NA	NA	NA	ar
تلاجة فى منزل	NA	NA	NA	ar
كلب نائم	NA	NA	NA	ar
اجهزة كمبيوتر	NA	NA	NA	ar
حمام	NA	NA	NA	ar
سيارة تمشى فى الشارع	atelic	Activity	تمشى	ar
بيتزا خضار	NA	NA	NA	ar
سيارات فى الطريق ومبانى وقديمة	NA	NA	NA	ar
قطتان فوق حذاء	NA	NA	NA	ar
فازة ورد على مكتب	NA	NA	NA	ar
اطفال يشاهدون التليفزيون	atelic	Activity	يشاهدون	ar
شاب يتزحلق على الجليد	atelic	Activity	يتزحلق	ar
شابان يقومان بضبط التلفاز	atelic	Activity	يقومان	ar
عمود اضاءة امام مبنى	NA	NA	NA	ar
فيل صغير على الشاطئ	NA	NA	NA	ar
تورتة امام زرع	NA	NA	NA	ar
حوض ماء فى حمام	NA	NA	NA	ar
حمام	NA	NA	NA	ar
حمام واحواص مياه	NA	NA	NA	ar
فتاة تحمل شمسية	atelic	Activity	تحمل	ar
زرعة خضراء فى فازة	NA	NA	NA	ar
فتاة تنظر على دب صغير على السرير	atelic	Activity	تنظر	ar
قطة تنظر بغضب	atelic	Activity	تنظر	ar
لاعبي كرة سلة فى الملعب	NA	NA	NA	ar
شاب يقوم بالتزحلق والقفز	atelic	Activity	يقوم	ar
قطار على السكة الحديد	NA	NA	NA	ar
سيارة فى الشارع	NA	NA	NA	ar
اكل ومشروبات على الطاولة	NA	NA	NA	ar
بقر فى مزرعة	NA	NA	NA	ar
شاب يحمل اداة تزحلق	atelic	Activity	يحمل	ar
لاعبى بيسبول فى الملعب	NA	NA	NA	ar
وجبة فى طبق على طاولة	NA	NA	NA	ar
فتاة تقف فى الصالة	NA	NA	NA	ar
جنود قدامى يلتقطون صورة	atelic	Activity	يلتقطون	ar
وجبة مكرونة	NA	NA	NA	ar
اطفال يلعبون	atelic	Activity	يلعبون	ar
فتيات تلعب مع الخرفان	atelic	Activity	تلعب	ar
لوحة كتابة وماوس	NA	NA	NA	ar
جزرة فى يد شخص	NA	NA	NA	ar
محل لبيع الفاكهة والخضار	NA	NA	NA	ar
دبان فى النهر	NA	NA	NA	ar
حمام	NA	NA	NA	ar
مكان غريب	NA	NA	NA	ar
لوحات ارشادية على الطريق	NA	NA	NA	ar
سيارة فوقها اشياء غريبة	NA	NA	NA	ar
حصانين ومزارع فى الحقل	NA	NA	NA	ar
شاب يجلس على مقعد	state	State	يجلس	ar
طائر يقف فوق شجرة	atelic	Activity	يقف	ar
شاب يمارس رياشة التزحلق على الجليد	atelic	Activity	يمارس	ar
امراءة تقوم بالتقاط صور بكاميرا	atelic	Activity	تقوم	ar
مركب وسط غابة	NA	NA	NA	ar
الة حاسبة وهاتف	NA	NA	NA	ar
وجبة و حلويات	NA	NA	NA	ar
لوحة ارشادية فى الشارع	NA	NA	NA	ar
وجبة فى طبق	NA	NA	NA	ar
ثلوج واطفال و كبار فى الشارع	NA	NA	NA	ar
وجبة وفاكهة	NA	NA	NA	ar
حمير وحشية تتعارك فى الغابة	atelic	Temporary State	تتعارك	ar
وجبات خضار	NA	NA	NA	ar
مجموعة من الناس حول فيل ضخم	NA	NA	NA	ar
طفل يقوم بالتزحلق	atelic	Activity	يقوم	ar
شاب يرتدى نظارة	state	State	يرتدى	ar
حمير وحشية تاكل عشب	atelic	Activity	تاكل	ar
اتوبيس على الطريق	NA	NA	NA	ar
كلاب فى الحديقة	NA	NA	NA	ar
لاعب تنس فى الملعب	NA	NA	NA	ar
مجموعة من الناس يقومون بالتزحلق على الجليد	atelic	Activity	يقومون	ar
مقص وهاتف وكوب	NA	NA	NA	ar
شابان يقفان بجانب طاولة	state	State	يقفان	ar
طفل يمسك بفرشاة	state	State	يمسك	ar
شاب يقوم بالقفز فى الهواء بالمنطاد	atelic	Activity	يقوم	ar
فتاة تتكأ على عصا بيسبول	state	State	تتكأ	ar
زرافات تحت شجرة	NA	NA	NA	ar
اعمال صيانة فى الحديقة	NA	NA	NA	ar
صالة تزحلق وبها مجموعة من الناس	NA	NA	NA	ar
سيارات على الطريق	NA	NA	NA	ar
سيارة مطافئ	NA	NA	NA	ar
دمية صغيرة	NA	NA	NA	ar
بشر يمسكون بالهواتف	state	State	يمسكون	ar
حمام	NA	NA	NA	ar
فتاة تتحدث فى الهاتف	atelic	Activity	تتحدث	ar
حمام	NA	NA	NA	ar
افيال يمشون فى الغابة	atelic	Activity	يمشون	ar
كلب يجلس على مقعد	state	State	يجلس	ar
شاب يعمل على اللاب توب	atelic	Activity	يعمل	ar
طريق بيه اضاءات كثيرة	NA	NA	NA	ar
مكان للاستحمام	NA	NA	NA	ar
لوحات ارشادية بجانب الطريق	NA	NA	NA	ar
قطة فوق سيارة	NA	NA	NA	ar
برج عالى به ساعة ضخمة	NA	NA	NA	ar
سيارات كثيرة على جانب الطريق	NA	NA	NA	ar
قطع بتيزا فى الطبق	NA	NA	NA	ar
رزع بالوان كثيرة وجميلة	NA	NA	NA	ar
فبل داخل الحديقة	NA	NA	NA	ar
مطبخ كبير	NA	NA	NA	ar
قطار به ناس	NA	NA	NA	ar
شاب يشاهد التلفاز	atelic	Activity	يشاهد	ar
فتاة تحمل لاب توب على رجلها	state	Static	تحمل	ar
قطة تنظر لتمثال صغير	state	Static	تنظر	ar
ساعة فوق منزل	NA	NA	NA	ar
زرافات فى الحديقة	NA	NA	NA	ar
شابان يلعبان الكرة فى الشارع	atelic	Activity	يلعبان	ar
شاب يجلس اعلى المقعد	state	Static	يجلس	ar
قطار يمشى على السكة الحديد	atelic	Activity	يمشى	ar
اتوبيس على جانب الطريق	NA	NA	NA	ar
شاب ملطخ بالدماء يحاول فتح الخزان	atelic	Activity	يحاول	ar
شاب يمارس رياضة التزحلق على الماء	atelic	Activity	يمارس	ar
ماركت كبير امامه سيارات	NA	NA	NA	ar
طائرة تحلق فى الهواء	atelic	Activity	تحلق	ar
شباب يلعبون الكرة	atelic	Activity	يلعبون	ar
فتيات يرتدون اداوت التزحلق على الجليد	state	Static	يرتدون	ar
ساندوتش ومشروب	NA	NA	NA	ar
دب صغير على الارض	NA	NA	NA	ar
اطباق اكلات سريغة	NA	NA	NA	ar
اداة فى الشارع	NA	NA	NA	ar
رجل وفتيات يقومون بتقطيع التورتة	atelic	Activity	يقومون	ar
شابان يلعبان فى الحديقة	atelic	Activity	يلعبان	ar
اتوبيس على الطريق	NA	NA	NA	ar
رجل يمشى بجانب الطريق	atelic	Activity	يمشى	ar
مقاعد فى منزل	NA	NA	NA	ar
قطة فوق حمام	NA	NA	NA	ar
غرفة ضيوف فى منزل	NA	NA	NA	ar
شاب بعيون خضراء	NA	NA	NA	ar
رجل يلتقط الصور من وسط الحائط	atelic	Activity	يلتقط	ar
شارع به اناس	NA	NA	NA	ar
جهاز كمبيوتر على مكتب	NA	NA	NA	ar
مجموعة من الناس يمشون على الطريق	atelic	Activity	يمشون	ar
شاحنات على جانب الطريق	NA	NA	NA	ar
فازة بها ورد جميل	NA	NA	NA	ar
شاب يشرب السجائر	atelic	Activity	يشرب	ar
حوض مياة	NA	NA	NA	ar
شاب يمسك باداوت التزحلق على المياه	state	State	يمسك	ar
طفلة تقوم بعمل استشوار	atelic	Activity	تقوم	ar
دمية صغيرة امام العاب اطفال	NA	NA	NA	ar
رجل فوق مركب فى البحر	NA	NA	NA	ar
منزل من الداخل	NA	NA	NA	ar
اصدقاء يقومون بتقطيع التورتة	atelic	Activity	يقومون	ar
ركاب داخل الاتوبيس	NA	NA	NA	ar
شاب يلعب مع قطتان	atelic	Activity	يلعب	ar
ناس يلعبون بطائرات لعبة	atelic	Activity	يلعبون	ar
حمام	NA	NA	NA	ar
ناس يلعبون بطائرات	atelic	Activity	يلعبون	ar
اجهزة كمبيوتر فوق مكتب	NA	NA	NA	ar
درجات هوائية	NA	NA	NA	ar
لوحة ارشادية	NA	NA	NA	ar
شاب امام دراجة نارية	NA	NA	NA	ar
مكتب صغير عليه كمبيوتر	NA	NA	NA	ar
رجال يحملون اجهزة	state	State	يحملون	ar
رجل يبيع موز	atelic	Activity	يبيع	ar
ادوات صرف صحى	NA	NA	NA	ar
رجل وامراءة وخلفهم طائرة	NA	NA	NA	ar
مجموعة من الكتب على الرف	NA	NA	NA	ar
اشارة مرور	NA	NA	NA	ar
قطار قديم	NA	NA	NA	ar
دمية صغيرة	NA	NA	NA	ar
حيوان فى الغابة	NA	NA	NA	ar
ناس داخل قطار سريع	NA	NA	NA	ar
دب ابيض امام بحيرة	NA	NA	NA	ar
قطار سريع فى المحطة	NA	NA	NA	ar
شاب يقفز امام الناس	atelic	Activity	يقفز	ar
غرفة جلوس فى منزل	NA	NA	NA	ar
شباب يلعبون	NA	NA	NA	ar
درجات نارية	NA	NA	NA	ar
نهر كبير ومبانى ضخمة	NA	NA	NA	ar
دراجة هوائية داخل المنزل	NA	NA	NA	ar
فتاة ترتدى اداوت التزحلق على الجليد	state	Static	ترتدى	ar
دب اسمر فى الغابة	NA	NA	NA	ar
حيوانات فى الغابة بجانب النهر	NA	NA	NA	ar
مجموعة من الشواحن	NA	NA	NA	ar
شخص فوق الحصان	NA	NA	NA	ar
قطة امام اللاب توب	NA	NA	NA	ar
سيارات بجانب الطريق	NA	NA	NA	ar
شاب يتزحلق على الماء	atelic	Activity	يتزحلق	ar
شارع ضيق به درجات نارية وناس	NA	NA	NA	ar
قطة تنظر من الشباك	atelic	Activity	تنظر	ar
شاب يرتدى لبس رياضى	NA	NA	NA	ar
طفل يلعب امام التلفاز	atelic	Activity	يلعب	ar
رجل ياكل الزرافة	atelic	Activity	ياكل	ar
طائرة هليكوبتر	NA	NA	NA	ar
رجل يحمل شمسية ويمشي فى المطر	state	State	يحمل	ar
رجل يحمل شمسية ويمشي فى المطر	atelic	Activity	يمشي	ar
كلب يلعب	atelic	Activity	يلعب	ar
اشارات مرور	NA	NA	NA	ar
شجر موز	NA	NA	NA	ar
بيتزا	NA	NA	NA	ar
غرفة منزل	NA	NA	NA	ar
شباب يتزحلقون على الجليد	atelic	Activity	يتزحلقون	ar
شخص فوق الحصان	NA	NA	NA	ar
شاب يقفز للاعلى	atelic	Activity	يقفز	ar
شخص يمسك بالمنتطاد	state	State	يمسك	ar
فتاة تركب حصان	atelic	Activity	تركب	ar
حمير وحشية فى الغابة	NA	NA	NA	ar
عصفور يقف على المقعد	state	State	يقف	ar
طبق به حلوى	NA	NA	NA	ar
ميكروف امامه اناء	NA	NA	NA	ar
فازة ورد على الارض	NA	NA	NA	ar
زرافات فى الحديقة	NA	NA	NA	ar
شباب تلعب كرة	atelic	Activity	تعلب	ar
شارع به سيارات ودرجات وبشر	NA	NA	NA	ar
شاب يطير طائرة ورقية على الشط	atelic	Activity	يطير	ar
طريق به بعض الصيانة	NA	NA	NA	ar
محطة قطارات	NA	NA	NA	ar
حيونات على السلم	NA	NA	NA	ar
اطفال فى المنزل	NA	NA	NA	ar
غرفة استقبال مجهزة	NA	NA	NA	ar
فتاة حامل على السرير	NA	NA	NA	ar
سباق دراجات	NA	NA	NA	ar
طفل يأكل الطعام	atelic	Activity	يأكل	ar
فازة بها ورد احمر	NA	NA	NA	ar
قطار سريع	NA	NA	NA	ar
مجموعة من الناس يتناولون مشروبات	atelic	Activity	يتناولون	ar
طبق به أكل	NA	NA	NA	ar
طائرة تحت الصيانة	NA	NA	NA	ar
طفل ورجل كبير على الشاطئ	NA	NA	NA	ar
كلب صغير يرتدى لبس به رسومات	state	State	يرتدى	ar
شاب يمارس رياضة التزحلق على الجليد	atelic	Activity	يمارس	ar
فتاة تتحدث فى الهاتف	atelic	Activity	تتحدث	ar
قطار على السكة الحديد	NA	NA	NA	ar
لوحات ارشادية	NA	NA	NA	ar
بيتزا فى طبق	NA	NA	NA	ar
رجل يركب دراجة نارية	atelic	Activity	يركب	ar
منزل من الداخل	NA	NA	NA	ar
رجال تحدثون مع بعضهما	atelic	Activity	تحدثون	ar
فتاة فى المطبخ	NA	NA	NA	ar
غرفة معيشة	NA	NA	NA	ar
بقر فى وسط الشارع	NA	NA	NA	ar
اداة لاطفأ الحريق	NA	NA	NA	ar
شاب يتزحلق على الطريق	atelic	Activity	يتزحلق	ar
مجموعة من الزرافات فى الغابة	NA	NA	NA	ar
ساندوتش سجق	NA	NA	NA	ar
فتاة تنظر الى الهاتف	atelic	Activity	تنظر	ar
شاب يقوم بالقفز لاعلى	atelic	Activity	يقوم	ar
ساعة كبيرة وسط المبنى	NA	NA	NA	ar
حمام	NA	NA	NA	ar
فواكة معروضة للبيع	NA	NA	NA	ar
