Caption	Class	Subclass	Verb	Language
Kahverengi ve siyah tonlarında yedi tane eski valiz rafta yan yana ve üst üste duruyor.	atelic	progressive	duruyor	tr
İçinde bir müşterisi olan eski bir otobüs Arnavut kaldırımında duruyor.	atelic	progressive	duruyor	tr
Gün batımında beş kişi yoldan motosikletle geçiyor.	telic	progressive	geçiyor	tr
Bir kişi kahverengi ve beyaz tonlarında bir buzağıyı biberonla besliyor.	atelic	progressive	besliyor	tr
Arkasında yavrusu olan fil direğe yaslanıyor.	atelic	progressive	yaslanıyor	tr
Dolu bir alışveriş sepetinde muz, süt, pizza, radyo gibi birçok ürün var.	stative	“var”	var	tr
Şortlu ve spor ayakkabılı bir kaykaycı, kaykay pistinin başında bekliyor.	atelic	progressive	bekliyor	tr
Halka tatlısı yapan bir makine, halka şeklindeki hamurları kızgın yağa atıyor.	telic	progressive	atıyor	tr
Yeşillik bir alanda ondan fazla domuz otluyor.	atelic	progressive	otluyor	tr
Dolabın yanındaki küvetin arkasında askılıkta iki havlu duruyor.	atelic	progressive	duruyor	tr
Kahverengi bir kedi dolabın üstünde duran televizyonu izliyor.	atelic	progressive	izliyor	tr
Hakem, filenin yanında duran iki tenisçiyle kortta konuşuyor.	atelic	progressive	konuşuyor	tr
Düz bir zeminde kahverengi bir atlama ipiyle beyaz kaplamalı donat duruyor.	atelic	progressive	duruyor	tr
Beyaz bir tabakta yeşillik, sosis ve yumurta gibi besinler var.	stative	“var”	var	tr
Bir kadın çocuğa sosisli sandviç yediriyor.	atelic	progressive	yediriyor	tr
Kırmızı tişört giyen ve kafa şemsiyesi takmış iki kadın ve bir köpek duruyor.	atelic	progressive	duruyor	tr
Birçok koyun toplu halde ağacın arkasındaki yoldan otluk alana gidiyor.	atelic	progressive	gidiyor	tr
Pelüş beyaz bir köpek kanepede oturuyor.	atelic	progressive	oturuyor	tr
Üç adam motosikletleriyle birlikte açık alanda duruyor.	atelic	progressive	duruyor	tr
Tren kalkış için istasyonda bekliyor.	telic	progressive	bekliyor	tr
Sahilde insanlar güneşleniyor ve denizden çıkan babayla oğlu yürüyor.	atelic	progressive	güneşleniyor, yürüyor	tr
Denizde bir kadın sörf tahtası üzerinde yatıyor.	atelic	progressive	yatıyor	tr
Mor ve çizgili çoraplı bir kadın, elindeki tablete bakarak yatakla uzanıyor.	atelic	progressive	uzanıyor	tr
Tezgâhın üzerinde bir blender, dolu bir bardak, sıkılmış yeşil bir limon ve kesme tahtası duruyor.	atelic	progressive	duruyor	tr
Islanmış bir zeminde kirli bir buzdolabıyla boş teneke, plastik ve cam kutular duruyor.	atelic	progressive	duruyor	tr
Yeşil ve arkası ağaçlık bir arazide bir zürafa var.	stative	"“var"""	var	tr
İki kişi bankta otururken okyanus ve ada manzarasını izliyor.	telic	progressive	izliyor	tr
Masadaki kese kâğıdı üzerinde beyaz soslu kahverengi bir donat duruyor.	atelic	progressive	duruyor	tr
İki kadın ve bir erkek ellerindeki telefonlara bakarak masa başında oturuyor.	atelic	progressive	oturuyor	tr
Yeşillik bir arazide yangın söndürme musluğu ve ağacın arkasında beyaz bir yapı var.	stative	"“var"""	var	tr
Elindeki tabakta iki elma duran kişinin önünde şemsiyeli birkaç kişi var.	stative	“var”	var	tr
Siyah buzdolabına asılı mıknatıslar ve broşürler var.	stative	"“var"""	var	tr
Kızakta oturan iki kahverengi ve bir beyaz pelüş ayı var.	stative	“var”	var	tr
Banyodaki beyaz klozetin yanında duran taburede kırmızı bir kova var.	stative	“var”	var	tr
Beyzbol sahasında iki oyuncu atışı bekliyor.	atelic	progressive	bekliyor	tr
Ağaçlık bir alanda yangın söndürme musluğu ve kurumuş yapraklar var.	stative	“var”	var	tr
İki telefon tutan ve kulak üstü kulaklık takan bir kadın kanepede oturuyor.	atelic	progressive	oturuyor	tr
Manzaralı bir arazide insanlar oturuyor ve uçurtma uçuruyor.	atelic	progressive	oturuyor, uçuruyor	tr
Tezgâhın üzerinde üst üste sosisli kruvasanlar duruyor.	atelic	progressive	duruyor	tr
İnsanlar yürürken motosikletli bir polis kaldırıma yakın duruyor.	telic	progressive	duruyor	tr
Kaykaya binen iki erkekten biri diğerini kamerayla çekiyor.	atelic	progressive	çekiyor	tr
Eski bir tren köprünün altındaki istasyonda bekliyor.	atelic	progressive	bekliyor	tr
Bulutlu bir havada, kırmızı elektrikli bir lokomotif istasyondan geçiyor.	telic	progressive	geçiyor	tr
Tellerle çevrili bir balkonda masada duran bir televizyon ve Nintendo Wii konsolu var.	stative	“var”	var	tr
Bir otelin önünde havuz ve palmiyeler var.	stative	“var”	var	tr
Reflektör şemsiyeye ışık standından ışık veriliyor.	atelic	progressive	veriliyor	tr
Yerel bir pazardaki satıcılar meyve, sebze, balık gibi birçok ürün satıyor.	atelic	progressive	satıyor	tr
Siyah çitlerin önünde turuncu şemsiyeli bir kadın duruyor.	atelic	progressive	duruyor	tr
Beyaz mobilyalı açık bir mutfağın önünde beyaz bir tezgâh var.	stative	“var”	var	tr
Sallanan bir sandalyenin ayağından siyah beyaz bir kedi geçiyor.	atelic	progressive	geçiyor	tr
Standart bir banyo için gerekli malzeme ve aksesuarları bulunan, küçük sayılabilecek bir banyo var.	stative	“var”	var	tr
Büyük olasılıkla görünen çayırda otlanmış olan koyunlar şimdi dinlenmekteler.	stative	noun phrase	-	tr
Bir baseball maçında genç bir sporcu var.	stative	“var”	var	tr
Yeni havalanmış olan bir savaş uçağı var.	stative	“var”	var	tr
Bir özel gün için hazırlanmış olan çeşitli gruptan bisikletçiler yola çıkmışlar.	telic	narrative past	çıkmışlar	tr
Dağların eteklerindeki yeşil merada koyunlar otlatılıyor.	atelic	progressive	otlatılıyor	tr
Yeşil çayırlarda başıboş bir şekilde bir koyun sürüsü otlamakta.	stative	noun phrase	-	tr
Bir ofiste, çalışma odasından bir görüntü yansıyor.	atelic	progressive	yansıyor	tr
Bir harada bakılmakta olan atlardan ikisi görünüyor.	atelic	progressive	görünüyor	tr
Pasta imalatında çalışan bir genç var.	stative	"“var"""	var	tr
Elma, armut ve muzdan oluşan bir meyve aranjmanı var.	stative	“var”	var	tr
Durakta otobüs beklemekte ve binmekte olan iki kişi var.	stative	“var”	var	tr
Sahibinin tasmasıyla bağladığı köpeği kaykay üzerinde onu bekliyor.	atelic	progressive	bekliyor	tr
Düzenli görünen bir mutfak var karşımızda.	stative	“var”	var	tr
Bir bahçe kenarında oturmuş kahvesini içen ve aynı anda elindeki deftere not alan bir bayan görünüyor.	atelic	progressive	görünüyor	tr
Bir bina duvarında asılı durmakta olan bir saat ve kenarda görünen kaşık resmi var.	stative	“var”	var	tr
Sırtında sırt çantasıyla motorsiklet üzerinde bir yere doğru yola çıkan bir genç görünüyor.	telic	progressive	görünüyor	tr
Vahşi hayatta avına doğru koşmakta olan bir ayı var.	stative	“var”	var	tr
Elinde raketiyle tenis oynayan bir sporcu bayan var.	stative	“var”	var	tr
Bir parkta boş duran bir bank var.	stative	"“var"""	var	tr
Soyulmuş muz yemekte olan bir kız çocuğu var.	stative	"“var"""	var	tr
Yeşil sahanın ortasında topu yakalayan baseball oyuncusu görünüyor.	telic	progressive	görünüyor	tr
Bir bahçeyi çevreleyen direk ve tel örgüler arasından güller görünüyor.	atelic	progressive	görünüyor	tr
Bir tabak içinde bir dilim portakal, patates, yeşillikler ve bir çatal var.	stative	“var”	var	tr
Denizde sörf yapmakta olan bir genç var.	stative	“var”	var	tr
Birbirlerine sarılıp yatan iki kedi var.	stative	“var”	var	tr
Masada oturmuş pizza yiyen bir kız cocuğu var.	stative	“var”	var	tr
Soslu bir sosisli sandviç var.	stative	“var”	var	tr
Bir parkta bankta oturan iki genç bayan görünüyor.	atelic	progressive	görünüyor	tr
Bir hindistan cevizi ağacının yanında iki caddenin kesiştiğini gösteren tabela var.	stative	“var”	var	tr
Bir deniz kenarında plaj ve yağan yağmurda şemsiye altında yürümekte olan bir çift var.	stative	“var”	var	tr
Yeşil bir alanda otlayan bir zebra görünüyor.	atelic	progressive	görünüyor	tr
Bir bilgisayar masasında bir klavye ve iki ekran görüntüsü var.	stative	“var”	var	tr
Bir inşaat alanı var.	stative	“var”	var	tr
Bir pastanede tabak içinde iki dilim pasta ve sosu ile bir bardak kola ve bir bardak buzlu su var.	stative	“var”	var	tr
Bir yerleşim yeri üzerinde çocuklar için eğlence amaçlı uçurulmuş balon ve onu izleyen bir çocuk var.	stative	“var”	var	tr
Bir tenis maçında topa vurmaya hazırlanan bir sporcu bayan görünmekte.	stative	noun phrase	-	tr
Bir çiftlikte köpeklerin oyunlarla eğitilmesi görünüyor.	atelic	progressive	görünüyor	tr
Caddede seyretmekte olan bir şehir hatları otobüsü görünüyor.	atelic	progressive	görünüyor	tr
Bir masa üzerinde bir metal kupa içinde makas, maşa ve kepçe gibi malzemeler var.	stative	“var”	var	tr
Üç ayrı at üzerinde deniz kenarında seyreden dört kişi görünüyor.	atelic	progressive	görünüyor	tr
Yatağında eğlendirici bir kitap okuyan genç bir bayan görünüyor.	atelic	progressive	görünüyor	tr
Kapalı alanda bir tenis maçı oynanıyor.	telic	progressive	oynanıyor	tr
Brokoli ve yeşil elmadan oluşan bir tabak salata duruyor.	atelic	progressive	duruyor	tr
Eski model bir klozet var.	stative	“var”	var	tr
Değişik bir klozet örneği görünüyor.	atelic	progressive	görünüyor	tr
Brokoli, bulgur ve soğandan oluşan bir tabak salata var.	stative	“var”	var	tr
Bir tenis maçı sırasında uyarılar alan bir sporcu görünüyor.	telic	progressive	görünüyor	tr
Dalgalı bir denizde sörf yapmakta olan bir sporcu görünüyor.	atelic	progressive	görünüyor	tr
Masa üzerinde duran vazo içinde kırmızı ve beyaz laleler var.	stative	“var”	var	tr
Ağaçların arasında, üstünde beyaz renkle ‘Fanta’ yazılı yeşil, eski bir bank bulunuyor.	atelic	progressive	bulunuyor	tr
Kayak pistinde önde bir kayakçı sol ayağını kaldırmış yürüyor, arkadaki insanlar piste bakıyor.	atelic	progressive	yürüyor, bakıyor	tr
Bir akşam yemeği sofrasında çorba, sandviç ve hamur işleri görünüyor.	atelic	progressive	görünüyor	tr
İki koyun, bir önde diğeri arkada, çalılık bir alanda yürüyorlar.	atelic	progressive	yürüyorlar	tr
İngiltere’deki Big Ben ve parlamento binası, arkasındaki birkaç bina ve önündeki köprüyle görüntüleniyor.	atelic	progressive	görüntüleniyor	tr
Kırmızı kalın montlu bir insan sırtında yine kırmızı üstlü ‘England’ yazan bir ayıcık çanta taşıyor.	atelic	progressive	taşıyor	tr
Ağaçlık ve çimlik bir arazide çitlerin arasında zürafalar görünüyor.	atelic	progressive	görünüyor	tr
İki tabela, yanlarındaki binada beyaz bir yazı graffitisi, arkada uzaktan bir köprü gözüküyor.	atelic	progressive	gözüküyor	tr
Arkada uzunlu kısalı binalar, odakta bir şemsiye ters dönmüş bir şekilde gözüküyor.	atelic	progressive	gözüküyor	tr
Bir at otların arasında yatıyor.	atelic	progressive	yatıyor	tr
Bir kadın ve çocuk pastanede sipariş veriyorlar.	telic	progressive	veriyorlar	tr
Odada 3 bilgisayar var, bir kadın ve çocuk bir ekrana bakıyor.	atelic	progressive	bakıyor	tr
Mutfakta bir karışım, mixerden geçirilmiş.	stative	noun phrase	-	tr
Bir mutfakta ortada masa, tavanda cam avize ve yan duvarda kırmızı ayna görünüyor.	atelic	progressive	görünüyor	tr
Bir adam yeniğinin fotoğrafını çekiyor.	telic	progressive	çekiyor	tr
Bir adam sörf tahtaları ve dalış kıyafetlerinin olduğu mağazaya ilerliyor.	telic	progressive	ilerliyor	tr
İki büyük kasenin içinde portakallar var.	stative	“var”	var	tr
Farklı renkte havuçlar tezgahın üstünde, fiyat etiketiyle bekliyor.	atelic	progressive	bekliyor	tr
Bir bebek masada oturarak kaseden yemeğini yiyor.	telic	progressive	yiyor	tr
Bir kedi gece vakti arabanın üstünde duruyor.	atelic	progressive	duruyor	tr
Bir tabakta etli yemek, turşu ve kızarmış ekmek bulunuyor.	atelic	progressive	bulunuyor	tr
Büyük bir şemsiye ile birlikte çocuklu bir aile yağmurda bekliyor.	atelic	progressive	bekliyor	tr
Şöminenin yanında, vazoda laleler bulunuyor.	atelic	progressive	bulunuyor	tr
Üstüne renkli yazılar yazılmış bir tren geçiyor.	atelic	progressive	geçiyor	tr
Yeşillik bir arazi görünüyor.	atelic	progressive	görünüyor	tr
Bir köpek yatağın üzerinde yorganın altında yatıyor.	atelic	progressive	yatıyor	tr
Bir adam elinde raketle duruyor.	atelic	progressive	duruyor	tr
Beyaz dolapları olan bir mutfak görünüyor.	atelic	progressive	görünüyor	tr
Farklı renkte şemsiyelere yukarıdan bakılıyor.	atelic	progressive	bakılıyor	tr
Masanın üstünde bir sosisli sandviçin üstüne çatal batırılmış.	atelic	passive narrative past	batırılmış	tr
Bir görevli iki katlı kırmızı otobüse giriyor, yanında tek katlı başka bir otobüs var.	telic	progressive	giriyor	tr
Bir trafik ışığının kırmızı ve sarı ışıkları görünüyor.	atelic	progressive	görünüyor	tr
Bir sahada oyuncular beyzbol oynuyor.	atelic	progressive	oynuyor	tr
Bir limanda arkada evler, önde yelkenliler duruyor.	atelic	progressive	duruyor	tr
Dört insan bankta oturup manzaraya bakıyor.	atelic	progressive	bakıyor	tr
Üst üste iki siyah fırın koyulmuş duruyor.	atelic	progressive	duruyor	tr
Bir çocuk yatakta yatarken biberonunu emiyor.	atelic	progressive	emiyor	tr
Bir ayı ağaçların arasından gözüküyor.	atelic	progressive	gözüküyor	tr
Bir pizza tabak üstünde dilimlere ayrılmış.	telic	passive narrative past	ayrılmış	tr
Bir insan yelken paraşüt sörfü yapıyor, arkada evler görünüyor.	atelic	progressive	yapıyor, görünüyor	tr
Bir insan sörf yapıyor.	atelic	progressive	yapıyor	tr
‘Square Victoria’ metro çıkışı görünüyor, arkada da apartmanlar var.	atelic	progressive	görünüyor	tr
Bir köpek kafasını beyaz yükseltiye koymuş manzaraya bakıyor.	atelic	progressive	bakıyor	tr
Bir kadın diğer insanlarla Wii oynuyor.	atelic	progressive	oynuyor	tr
Koltuklu, televizyonlu bir oturma odası görünüyor.	atelic	progressive	görünüyor	tr
Bir insan barın üstünde kaykay yapıyor.	atelic	progressive	yapıyor	tr
Süslü bir oturma odasında şömine, pembe perdeli pencereler ve yastıklı koltuk var.	stative	"“var"""	var	tr
Bir kişi televizyona Wii konsolu yöneltiyor.	atelic	progressive	yöneltiyor	tr
Bir masada büyük bir tost, yanında da bir içecek bulunuyor.	atelic	progressive	bulunuyor	tr
Üç tane adam var, iki tanesi birbirine gülerek sarılıyor, diğeri yanda duruyor.	atelic	progressive	sarılıyor, duruyor	tr
Bir plajda yürüyüş yapan, yüzen ve kanoya binen insanlar.	stative	noun phrase	-	tr
Dağınık bir oturma odasının içinde mermer bir şömine, cam bir sehpa, eski bir televizyon ve beyaz kanepeler.	stative	noun phrase	-	tr
Karlı bir dağın tepesinde poz veren beş kayakçı.	stative	noun phrase	-	tr
Olimpiyat tenis maçı ve tribünde izleyicileri.	stative	noun phrase	-	tr
Kırık dökük bir tuvaletin pis lavaboları.	stative	noun phrase	-	tr
Sulu bir uzak doğu et yemeği, soğuk bir içecek ve biberli bir sos.	stative	noun phrase	-	tr
Bir klavyenin üzerinde altı adet küçük Lego figürü.	stative	noun phrase	-	tr
Üzerinde şarap şişeleri ve kadehleri bulunan bir masanın önünde şarap koyup sohbet eden gençler.	stative	noun phrase	-	tr
Bir binanın çatısından yükselen bir saat kulesi ve paratoner.	stative	noun phrase	-	tr
Altında mağaza olan eski bir bina, önündeki sokak lambası ve tabelası.	stative	noun phrase	-	tr
Loş ışıklı bir banyo.	stative	noun phrase	-	tr
Havada akrobatik hareketler yapan iki kayakçı ve izleyiciler.	stative	noun phrase	-	tr
Sonbahar mevsiminde parkta bankta oturan bir kadın.	stative	noun phrase	-	tr
Bakımlı bir parkın karşısında geniş bir yol, park etmiş araçlar, ve park cihazının üzerindeki bir karga.	stative	noun phrase	-	tr
Kitap okuyan biri ve kitabına konmuş küçük bir kuş.	stative	noun phrase	-	tr
İnşaat alanı, ve önünde reklamla kaplı bir otobüs.	stative	noun phrase	-	tr
Eski bir sosisli sandviç karavanı, önünde düzensizce yerleştirilmiş eski eşyalar, ve park halindeki kırmızı bir araba.	stative	noun phrase	-	tr
Pembe ve yeşil renkli kanepe ve sandalyelerle dekore edilmiş modern bir salon.	stative	noun phrase	-	tr
Kıyıya yanaşmış bir turist gemisi ve tarihi görünümlü binalar.	stative	noun phrase	-	tr
Uçuş halindeki bir yolcu uçağının alttan görünüşü.	stative	noun phrase	-	tr
Eski bir kanepenin üzerinde siyah bir köpek, yerde kahverengi bir kedi ve açık bir televizyon bulunan bir oturma odası.	stative	noun phrase	-	tr
Minyatür kaykayların üzerinde küçük, beyaz renkli Star Wars figürleri.	stative	noun phrase	-	tr
Big Ben saat kulesinin tepesi, ve arkasında bulutlar.	stative	noun phrase	-	tr
Profesyonel ekipmanla kayak yapan bir erkek.	stative	noun phrase	-	tr
Mavi bir diş fırçasıyla dişini fırçalayan bir kız.	stative	noun phrase	-	tr
Dikdörtgen bir tabakta katlanmış iki krep, üzerinde çikolata sosu ve krem şanti.	stative	noun phrase	-	tr
Üzerinde trafik ışıkları ve sokak tabelaları bulunan uzun bir elektrik direği, arkasında gri bir duvar.	stative	noun phrase	-	tr
Hafif dalgalı bir deniz, üzerinde alçaktan uçan iki martı.	stative	noun phrase	-	tr
Bir saat kulesi, ve üzerinde elinde fener tutan bir kadın heykeli.	stative	noun phrase	-	tr
Etrafında büyük iş binaları olan bir kavşak, köşede basketbol oynayan iki çocuk, ve akıllı telefonuyla şehrin fotoğrafını çeken ceketli bir erkek.	stative	noun phrase	-	tr
Kumlu bir toprağın üzerinde üç tane zebra.	stative	noun phrase	-	tr
Işıklarla ve yazılarla dekore edilmiş park halindeki bir otobüs, ve önünde dört kişi.	stative	noun phrase	-	tr
Uçuş halindeki bir yolcu uçağının yandan görünüşü.	stative	noun phrase	-	tr
Kalabalık bir otobüsün içi, ayakta bekleyen sırt çantalı ve renkli giyimli bir kadın.	stative	noun phrase	-	tr
Kurak bir arazide durgun bir nehirden karşıya geçmeye çalışan bir zebra sürüsü.	stative	noun phrase	-	tr
Dağınık eşyalar arasında mavi bir fil şapkası giymiş siyah beyaz bir kedi.	stative	noun phrase	-	tr
Mavi ve beyaz renkli eski ve tarihi bir bina, ve binanın önünde siyah renkli bir inek.	stative	noun phrase	-	tr
Güneşli bir havada bir parkın içinde üç tane zebra.	stative	noun phrase	-	tr
Taş duvarlı, yüksek tavanlı bir restoranda yuvarlak masa etrafında yemek yiyen ve kameraya poz veren sekiz kişi.	stative	noun phrase	-	tr
İki kişilik gri bir kanepe, üzerinde iki adet kırlent, ve önünde kahve sehpası.	stative	noun phrase	-	tr
Yeşil tişörtlü, kucağında bebeğini tutan, kameralı telefonuyla ayna karşısında özçekim yapan bir erkek.	stative	noun phrase	-	tr
Kırda yere yatmış dinlenen bir koyun sürüsü, ve arka plandaki elektrik direkleri.	stative	noun phrase	-	tr
Bir masanın üzerinde klavyeli bir telefon, karalanmış bir kağıt, kırmızı bir kupa ve içi dolu bir içecek pet şişesi.	stative	noun phrase	-	tr
Büyük beyaz bir binanı önünden geçen siyah bir yük treni.	stative	noun phrase	-	tr
Kahverengi bir kanepenin üzerinde oturan rahat giyimli bir kadın, önünde klavyesine çıkartmalar yapıştırılmış bir dizüstü bilgisayar ve faresi.	stative	noun phrase	-	tr
Tarihi bir kilisenin önünde kalabalık bir meydan, şemsiyelerin altında satış yapan satıcılar, uzun birkaç tane ağaç ve üç tane midilli.	stative	noun phrase	-	tr
Yakından çekilmiş bir makas, birkaç tane gazlı kalem ve renkli kağıtlar.	stative	noun phrase	-	tr
Bir parkta eski bir bankın üzerinde beyaz tüylü, dilini çıkarmış, boynunda tasması olan bir köpek.	stative	noun phrase	-	tr
Mermer sütunlu bir holün içinde çiçekli desenlerle dekore edilmiş eski bir salon takımı, arka planda bir insan topluluğu.	stative	noun phrase	-	tr
Mavi duvarlı bir evin içindeki siyah bir motosikletin üzerinde kırmızı kıyafetli, dilini dışarı çıkarmış bir erkek.	stative	noun phrase	-	tr
Tabanında kahverengi halka şeklinde parçası olan boş, beyaz porselen kap.	stative	noun phrase	-	tr
Kırmızı  arabanın arkadan görünüşü, ortada HESS çeşidinin fiyat listesi, sağda mavi beyaz motosiklet yada scooterlar.	stative	noun phrase	-	tr
Yakın planda yüzün yarısı görünen, ayıcık olduğunu düşündüğüm pelüş oyuncak ve diğeri de maymun pelüş oyuncak.	stative	noun phrase	-	tr
Araba ve kamyonların olduğu iki yönlü bir yol ve yayalar için İngilizce trafik işareti ile uzakdoğu dilinde yazı.	stative	noun phrase	-	tr
Kırmızı tenis raketi ile servis atışı yapan beyaz spor kıyafetli tenisçi.	stative	noun phrase	-	tr
Sağ yan aynasına turuncu üzerine desenli serçe konmuş gri metalik 1600 motor araba ile arkada 4x4 koyu füme kamyonet.	stative	noun phrase	-	tr
İki tane pervaneli sarı mavi, gösteri uçuşu yapan uçak.	stative	noun phrase	-	tr
Yakın planda yaya geçidi için kullanılan tek ışıklı lamba ile uzakta üç ışıklı trafik lambası olan kavşak.	stative	noun phrase	-	tr
Trafik lambalarının olduğu yolda yeşil ışık yanmakta ve yol kenarında duran 3 araç var.	stative	“var”	var	tr
Gelen topu karşılamayı bekleyen kadın tenisçi ve yerde Sydney yazan mekanda oynanan tenis maçı ile hakemler.	stative	noun phrase	-	tr
Engelli yolda tekerlekli kaykay ile yarışan yarışmacı ve seyirciler.	stative	noun phrase	-	tr
Mavi zeminde, tenis maçında topu karşılamayı bekleyen siyahi kadın tenisçi, hakemler ve 182 yazan IBM ekran.	stative	noun phrase	-	tr
Önde Michelle, arkada Kennedy yazan flamalar ile duvara gömülü televizyon ekranında erkek konuşmacı.	stative	noun phrase	-	tr
Dalgalı denizde sörf yapan bir kişi ile denizin içinde duran iki kişi var.	stative	“var”	var	tr
Fırın, ocak, mikrodalga, buzdolabı, erzak dolapları, tencereler, çiçek, lavabo tezgahı ve girişte vestiyer.	stative	noun phrase	-	tr
Körük olmayan alana inen uçaktan yolcular kabin içi eşyaları ile aktarma otobüslerine gitmekte.	stative	noun phrase	-	tr
Küçük yatların olduğu deniz kenarı, çimlerin üstünde boş ahşap kanepe ve sahile yakın küçük ada.	stative	noun phrase	-	tr
Kaşık içinde kalp şeklinde havuç olan kenarları yeşil çizgili beyaz çukur tabakta sebze çorbası.	stative	noun phrase	-	tr
Hotdog tezgahı ve hazırlanmış ketçaplı sosisli sandviç, soslar ve bunlara uzanan el ve saçlar.	stative	noun phrase	-	tr
Üzerinde el yazısı ile yazıların olduğu Dur yazan trafik tabelası olan karlı dağlık alan ve boş karsız asfalt.	stative	noun phrase	-	tr
Çivi çakılmış kare kütüğün üstünde olan kuru ağaç parçasına konmuş kuş ile yanında ve karşısında yeşil yapraklı bitki.	stative	noun phrase	-	tr
Koyunu ön ve arka ayaklarından tutarak sırtında taşıyan 35-45 yaşlarında günlük giyimli erkek.	stative	noun phrase	-	tr
Sigara, sprey, şekerlik, laptop, gözlük, çakmak, biblo olan masanın önünde koltukta oturan telefonla konuşan kadın.	stative	noun phrase	-	tr
Zürafaların dolaştığı ve binaların bulunduğu hayvanat bahçesi görünümlü alan.	stative	noun phrase	-	tr
İki tabak içinde ekmek arası tavuk ve tatlı patates yanında iki adet Jamaika içeceği baharatlık, ekmek sepeti, peçete.	stative	noun phrase	-	tr
Önde karada küçük tekne, arka planda denizde küçük yatlar ve karada arka planda iki bot.	stative	noun phrase	-	tr
Üzerinde fiyatı ve ne olduğu yazan tatlılar ve bunlara bakan kişinin gölgesinin göründüğü pastane karesi.	stative	noun phrase	-	tr
Soyulmuş portakal dilimlerinin yer aldığı tabak ve bunları servis kaselerine yerleştiren kişinin elleri.	stative	noun phrase	-	tr
Kahverengi tuğla desenli binanın önünde valizleri ile bekleyen kalın giyimli kadın ve erkek.	stative	noun phrase	-	tr
Farklı deniz canlıları şeklinde olan değişik renkte 4 uçurtmanın uçtuğu yerlerde çim kaplı boş alan.	stative	noun phrase	-	tr
Sosyal medya sayfası açık laptopa bakan siyah kedinin arkadan görünüşü.	stative	noun phrase	-	tr
Kasalarda bulunan muzlar ve bunların yanında yer alan ellerini birleştirip yüzüne götüren çalışan.	stative	noun phrase	-	tr
Yeşil gözlü, sarı kahverengi tüylü karşıya dikkatli bakan kedinin yüz portresi.	stative	noun phrase	-	tr
Wasa benzeri kuru ekmek ve üzerinde pişmiş soğan balık ve peynir olan kanepe ile yanında yeşillik.	stative	noun phrase	-	tr
Yeşillik alanda frizbi ile oynayan çocuklar ve gençler.	stative	noun phrase	-	tr
Mutfakta buzdolabı, mikrodalga, bulaşık makinesi, masa ve dolaplar, oturma takımı ve üst kat merdiveni görünmekte.	stative	noun phrase	-	tr
Mutfakta ocak, tencere, çaydanlık ve tabaklar ile buzdolabı ve dolaplar ve yemek pişiren bir kişi.	stative	noun phrase	-	tr
Uğur böceği, kurbağa balık ,rinin olduğu renkli kağıtlardan yapılmış uçurtma ve duvar süsleri.	stative	noun phrase	-	tr
Öküz, inek ve süt emen yavrusu otlakta görünmekte.	stative	noun phrase	-	tr
Saatin yer aldığı katedralden bir bölüm görünmekte.	stative	noun phrase	-	tr
Masada laptopta yazı yazan siyahi kadın elleri ve ikinci kişinin mouse tutan sağ eli görünüyor.	atelic	progressive	görünüyor	tr
Yan yana dizilmiş motosikletler, gri metal, siyah deri oturma yeri var.	stative	“var”	var	tr
Mavi, beyaz kırmızı, sarı renklerin kullanıldığı duvar resmi ve yazısı.	stative	noun phrase	-	tr
Asia Fili yazan tabela ve hayvanat bahçesi bahçesinde görünen fil.	stative	noun phrase	-	tr
Yelkenli ile denizde seyahat eden iki kişi.	stative	noun phrase	-	tr
Sifon üstünde tuvaleti özürlü kişilerin kullanmasının önerildiği bir yazı ile kirli alafranga tuvalet.	stative	noun phrase	-	tr
Gri bezi üstünde yer alan beyaz porselen tepside pişmiş ve biraz yanıklar oluşmuş brokoli.	stative	noun phrase	-	tr
Karda uçurtma uçuran adam ve yürüyen insanlarla ağaçlar ve 1 ev görünüyor.	atelic	progressive	görünüyor	tr
Yol kenarında su musluğu, tabela ve kat kat taş bir yapı.	stative	noun phrase	-	tr
Saniye gösteren saat kadranı, ve yanda pencereden görünen ağaçlar.	stative	noun phrase	-	tr
Patates kızartması ve sebze eşliğinde, kızarmış deniz ürünleri tabağı ve plastik çatal bıçak var.	stative	“var”	var	tr
Duvara sabitlenmiş, su dolu cam bir vazoda, aşağı doğru sarkan yeşil yapraklı bir bitki var.	stative	“var”	var	tr
İkişer meyve suyu bidonuyla mısır gevreği kutusu, kapağında dondurma reklamı olan dolabın üstünde.	stative	noun phrase	-	tr
Palyaço makyajlı, çizgili tişörtlü, siyah dinozor motifli ceketli, şapkalı adam telefonda konuşuyor.	atelic	progressive	konuşuyor	tr
Beyaz bir kitaplığın önündeki masada, üstünden kulaklıklar sarkan kırmızı kaplı bir laptop duruyor.	atelic	progressive	duruyor	tr
İki masaüstü ekran ve bir laptop’ın olduğu ofis masasında fare, klavye ve kulaklık duruyor.	atelic	progressive	duruyor	tr
Cam bir masanın üstüne konmuş kahverengi bir vazoda iki büyük mor çiçek ve yeşillikler duruyor.	atelic	progressive	duruyor	tr
Dolu görünen stadyum kesitinde, birbirine yakın üç beyzbol oyuncusunu, başka bir oyuncu izliyor.	atelic	progressive	izliyor	tr
Sırtı dönük, kucağında laptop olan adam, parkta çiçeklerle çevrili çimenliğe doğru oturuyor.	atelic	progressive	oturuyor	tr
Uzun sarı saçlı, kırmızı üstlü bir çocuk üstünde oturduğu yataktaki oyuncak ayıya doğru bakıyor.	atelic	progressive	bakıyor	tr
Siyah üstlü adam, bir ekranın önünde duran mavi gömlekli adama Wii kontrol cihazını gösteriyor.	atelic	progressive	gösteriyor	tr
Pembe üstlü sarışın çocuk, elinde Wii kontrol cihazıyla, dağınık oturma odasının ortasında duruyor.	atelic	progressive	duruyor	tr
Dört çocuk görselde olmayan televizyona bakıyor, birinde Wii kontrol cihazı var.	stative	“var”	var	tr
Pizza kenarına benzer bir hamurun üstünde bolca roka ve prosciutto benzeri bir etin parçaları var.	stative	"“var"""	var	tr
W logolu bir raketi tutan, beyaz tişörtlü bir tenis oyuncusu var.	stative	“var”	var	tr
Yarısı görünen bir el, iki tane kalmış etli pizza dilimlerinden birini alıyor.	telic	progressive	alıyor	tr
Fotoğrafın kolajlandığı görselde yatakta yatan iki pijamalı kişinin belden aşağısıyla odaları var.	stative	“var”	var	tr
Yeşil kurdelayla süslenmiş üç katlı beyaz pasta, papatyaların önünde, çimlerin üstünde duruyor.	atelic	progressive	duruyor	tr
Kel mavi üstlü adam, yanında bir sörf tahtasıyla, kumsalda denize karşı yatıyor.	atelic	progressive	yatıyor	tr
Uçurtma sörfüyle havalanmış adam, başka uçurtma sörfçüleriyle dolu kıyı şeridinin önünde görünüyor.	atelic	progressive	görünüyor	tr
Siyah tişörtlü kot pantolonlu siyahi adam kaykayıyla havalanırken üstsüz beyaz adam arkada duruyor.	telic	progressive	duruyor	tr
Tost, patates kızartması, kara fasulye, hamburger ve iki koladan oluşan bir restoran sofrası.	stative	noun phrase	-	tr
Yatağa yüzüstü uzanmış kırmızı tişörtlü kişi, sol yumruğu ağzının üstünde, laptop’a bakıyor.	atelic	progressive	bakıyor	tr
Sarı saçlı genç, elinde kaykayıyla sırtı dönük yürürken, yaşıtları arka planda duruyorlar.	telic	progressive	duruyorlar	tr
Kayakçı adam, ayağında kayaklar ve elinde batonlarla arkası çam ağaçlı karlı yokuşta duruyor.	atelic	progressive	duruyor	tr
İkisi bıyıklı, üç askeri üniformalı adam bu siyah beyaz fotoğrafta poz veriyor.	atelic	progressive	veriyor	tr
Siyah beyaz görselde beyzbol eldivenli iki oyuncu, ortalarındaki şapkalı adamla konuşuyor.	atelic	progressive	konuşuyor	tr
Kahverengi at, sırtında bir jokey kadınla beyaz engelin üstünden atlıyor.	telic	progressive	atlıyor	tr
Kareli örtünün üstünde uyuyan köpek siyah beyaz gece görüşüyle çekilmiş.	atelic	passive narrative past	çekilmiş	tr
Hortumunun en tepesiyle kulaklarının ucu toprak olmuş yavru fil suyun içinde yürüyor.	atelic	progressive	yürüyor	tr
Pembe askılı giymiş kısa saçlı kadın, önünde turuncu şemsiyesini tutarak sırtı dönük yürüyor.	atelic	progressive	yürüyor	tr
Uzun elbiseler giymiş poz veren üç kadının önünde bir shiba inu köpeği kameraya bakıyor.	atelic	progressive	bakıyor	tr
Dört basketbol oyuncusuyla, siyah takım elbiseli koçları, basketbol sahasının yanından yürüyor.	atelic	progressive	yürüyor	tr
Bir inek, sağ arkada uzakta bir dağın göründüğü, başka ineklerin otladığı merada kameraya bakıyor.	atelic	progressive	bakıyor	tr
Solda turuncu, sağda kahverengi tekir iki kedi, birer beyaz ayakkabının üstünde yan yana yatıyor.	atelic	progressive	yatıyor	tr
Lacivert, sarı ve kırmızıya boyanmış tren, rayların üstünde ilerliyor; geride yeşil bir köprü var.	stative	“var”	var	tr
Yolda çekilmiş fotoğrafta sağda ağaçlı yeşil alan, yeşil yol tabelası ve elektrik direkleri var.	stative	“var”	var	tr
Kırmızı tuğla eski yapıya doğru çekilmiş fotoğrafta iki yönü gösteren bir sokak lambası var.	stative	“var”	var	tr
Dörtyol ağzında, durmuş bir arabadan çekilmiş bulanık fotoğrafta sağda beyaz bir araba var.	stative	“var”	var	tr
İkisi trafik ışıklarında duran üç araba; üçü camlı, dört binanın önünde görünüyor.	atelic	progressive	görünüyor	tr
Yeşil üstlü sarı kasklı kişi, sarı motosikletini sürüyor.	atelic	progressive	sürüyor	tr
Beyaz burunlu gri kedi yavrusu, lacivert plastik kaptan, kabı devirerek zıplıyor.	telic	progressive	zıplıyor	tr
Siyah beyaz fotoğrafta ikisi yüksek, eski çok katlı yapıların önünde arabalar görünüyor.	atelic	progressive	görünüyor	tr
Beyaz banyoda solda küvet, ortada klozetle altın rengi tuvalet kağıdı rulosu, sağda beyaz kapı var.	stative	“var”	var	tr
Işıklarda geçen gri bir araba ve arkada kapısında inek heykeli olan sarı tabelalı bir dükkan var.	stative	“var”	var	tr
Mavi beyaz fayanslı sarı tezgahlı tuvalette çöp, iki muslukla ayna, sağda da kırmızı bir bölme var.	stative	“var”	var	tr
Yeşil gözlü tekir kedi, çiçekli beyaz perdesi olan beyaz küvette duruyor.	atelic	progressive	duruyor	tr
Musluğun önündeki, ışıklı banyo aynasından, küvetle duşakabin görünüyor.	atelic	progressive	görünüyor	tr
Yapıştırma yapıştırılmış beyaz klozet kapağıyla, oturağı duvara yaslanmış olarak görünüyor.	atelic	progressive	görünüyor	tr
Siyah uzun tüylü bir köpek, insanların bellerinden altının göründüğü bir hizadan çekilmiş.	telic	passive narrative past	çekilmiş	tr
Bir tabağın içerisinde; ton balıklı, kuru domatesli, brokolili ve parmesan peynirli bir porsiyon penne ile onu yemek için bir adet çatal.	stative	noun phrase	-	tr
Soğuk bir havada, çocuklarını mahalle futbol takımına yazdırmış ebeveynler ve çocukları.	stative	noun phrase	-	tr
Bir ağılın içerisinde üç adet koç ve onlarla ilgilenen üç insan.	stative	noun phrase	-	tr
Odağı merkeze alınmış bir fotoğraf makinesi ile çekilmiş mavi ışıklı bir fare ve arka planda bulanık objeler.	stative	noun phrase	-	tr
Ortasından bölünmüş bir taze havuç ve onu tutan bir el.	stative	noun phrase	-	tr
Bir manavın tezgahındaki kasalar içerisinde meyveler ve fiyat etiketleri.	stative	noun phrase	-	tr
Suyun içerisinde birbirleri ile iletişim kuran iki kahverengi ayı.	stative	noun phrase	-	tr
Işığın yansıdığı ve renk tayflarının izlendiği bir tuvalet; bir çöp kovası, bir tuvalet fırçası, bir oda kokusu, bir şişe sprey, bir rulo tuvalet kağıdı ve bir klozet.	stative	noun phrase	-	tr
Endüstriyel bir mekan içerisinde açık bir televizyon, kahverengi deri bir koltuk takımı, büyük bir pencere ve Almanca yazıların olduğu büyük bir tebeşir tahtası.	stative	noun phrase	-	tr
Sekizinci cadde ile yirmi iki üç çeyrek sokağın kesişimini gösteren ormanlık alandaki bir yeşil kavşak tabelası.	stative	noun phrase	-	tr
Çeşitli protez dişler ve diş bakımı malzemeleri ile süslenmiş bir araba.	stative	noun phrase	-	tr
Eskidiği belli olan siyah beyaz bir fotoğraf; kırsal bir alanda iki at, kara saban, çiftçi ve çoban köpeği.	stative	noun phrase	-	tr
Seyahatinin yorgunluğu yüzünden belli olan bir yolcu ve açık valizi.	stative	noun phrase	-	tr
Mavi gagalı siyah bir kuş, ağaç dalına tünemiş.	stative	noun phrase	-	tr
Dalga sörfü yapan sarışın bir sörfçü erkek.	stative	noun phrase	-	tr
Bir tuvalette, aynadan kendi fotoğrafını çeken sarışın şapkalı kadın.	stative	noun phrase	-	tr
Ormanlık alanda terk edilmiş bir tekne ve kano.	stative	noun phrase	-	tr
Cep telefonu feneri ile şarj edilmeye çalışılan hesap makinesi.	stative	noun phrase	-	tr
Bir tabakta fırında pişirilmiş hindi ve bir kutu dolusu donut.	stative	noun phrase	-	tr
Bir yol tabelası ve bu tabelanın altına Molly isimli kız çocuğu tarafından yazılmış şirin bir yazı.	stative	noun phrase	-	tr
Oldukça karışık bir yemek tabağı; çeşitli sebzeler, pilav ve tavuk mevcut.	stative	noun phrase	-	tr
Kayak yapmak için toplanmış bir grup insan.	stative	noun phrase	-	tr
İştah açmak için ön plana yapılmış tatlının alındığı bir reklam fotoğrafı.	stative	noun phrase	-	tr
Afrika steplerinde birbiri ile mücadele veren iki adet zebra ve arka planda başka hayvanlar.	stative	noun phrase	-	tr
Sebzeli veya deniz mahsüllü çeşitli yemek tabakları.	stative	noun phrase	-	tr
Banyo yapmış bir fil, yorgun bakıcısı ve bir filin yanında olmaktan dolayı oldukça heyecanlı bir çift.	stative	noun phrase	-	tr
Değişik bir filtre kullanılarak çekilmiş, mahalle parkında kaskıyla kay kay yapan erkek çocuğu.	stative	noun phrase	-	tr
Vesikalık fotoğrafı için koyu renk bir fon önünde oturan gözlüklü, mor gömlekli, desenli kravatlı, beyaz tenli, kızıl saçlı ve yirmi veya otuzlu yaşlarında erkek.	stative	noun phrase	-	tr
Bir hayvanat bahçesinde yan yana gezinen zebra ailesi.	stative	noun phrase	-	tr
Blur tekniği ile çekilmiş, belediye otobüsünün ön plana alındığı fotoğraf karesi.	stative	noun phrase	-	tr
Bir evin arka bahçesinde iki ev köpeği.	stative	noun phrase	-	tr
Tek başına duvar tenisi oynayan şapkalı, şortlu, beyaz genç.	stative	noun phrase	-	tr
Kayak pistinde kayak yapan insanlar.	stative	noun phrase	-	tr
Masanın üzerinde duran, mavi peçeteler, siyah gözlük kabı, cep telefonu, makas, bir çeşit sivri alet, üzerinde Jeep karikatürü bulunduran yarısı dolu bir sütlü kahve fincanı.	stative	noun phrase	-	tr
Projektörden yansıyan görüntüye bakan iki beyaz erkek.	stative	noun phrase	-	tr
1980’lere ait bir fotoğrafta plak kapağını inceleyen iki, üç yaşlarında erkek çocuğu.	stative	noun phrase	-	tr
Kar üzerinde kite board yapan sporcu.	stative	noun phrase	-	tr
Göl kenarında baseball oynayan bir kadın.	stative	noun phrase	-	tr
Bir hayvanat bahçesinde yan yana duran zürafalar.	stative	noun phrase	-	tr
Bir sanat etkinliği nedeniyle yolun kapandığını gösteren ışıklı yol tabelası ve insanlar.	stative	noun phrase	-	tr
Kaykay sporu yapan bir genç ve onu izleyen başka kaykaycılar.	stative	noun phrase	-	tr
Açık gökyüzüne sahip bir günde, bir caddeyi gösteren fotoğraf.	stative	noun phrase	-	tr
Bir haber sitesinden alınmış, kış aylarında bir yangın tatbikatında veya olay yerinde toplanmış yerel itfaiyeye ait kamyonlar.	stative	noun phrase	-	tr
Eskimiş bir pelüş panda.	stative	noun phrase	-	tr
Bir toplantı sırasında dinleyici sırasının çekildiği fotoğraf karesi.	stative	noun phrase	-	tr
Umumi bir tuvalette alaturka tuvalet kabini.	stative	noun phrase	-	tr
İşporta bijuteri ürünleri satan bir kadın.	stative	noun phrase	-	tr
Siyah kapaklı bir klozet, çöp sepeti, tuvalet fırçası ve çiçekli fayanslarla döşeli bir banyo.	stative	noun phrase	-	tr
Afrikada sürü halinde dolaşan filler.	stative	noun phrase	-	tr
Televizyon seyrediyormuş izlenimi veren kırmızı bir koltukta oturmuş, siyah bir köpek.	stative	noun phrase	-	tr
Beyaz ayı kayalıklar üstünde, ses çıkarıyor, ağzını açmış bağırıyor denebilir, cüsseli bir beyaz ayı.	stative	noun phrase	-	tr
Sokak tabelası önündeyiz, evler çok katlı değil ve hava bulutlu, elektrik telleri göze çarpıyor, sokak lambaları da.	atelic	progressive	çarpıyor	tr
Sörf yapan maymun, dalga üstünde kayıyor, kolları açık ve arkasında bir büyük kuş yüzüyor.	atelic	progressive	kayıyor, yüzüyor	tr
Tekir kedisi büro sandalyesi üzerinde oturuyor ve üzerine ışık düşmüş, yanında çalışma lambası oda içerisi loş.	atelic	progressive, narrative past	oturuyor, düşmüş	tr
Küçük bir uçak, pistin kenarında bekliyor, arkasında yeşil bir ağaç ve sol arkada koruluk var, gökyüzü hafif bulutlu ve açık.	atelic	"progressive, “var"""	bekliyor, var	tr
Siyah bir köpek aydınlık bir odada kare kumaşlı, bir koltuk üzerinde oturuyor, tasmasında kalp sembolü var.	atelic	progressive	oturuyor	tr
Spor yapan iki kişi birisi kırmızı formalı olan yere yatmış, beyaz formalı olan ayakta sol elinde özel bir eldiven var yanda çim sahanın yeşili gözüküyor.	atelic	progressive, narrative past	yatmış, gözüküyor	tr
Kenarları yanmış bir pizza, ortası peynirli olsa gerek, beyaz bir tabağın üzerinde.	stative	noun phrase	-	tr
İki plastik kap içinde, öndekinde brokoli, salatalık ve sebze, arkasında ananas ve dağ yemişlerinden oluşan meyveler.	stative	noun phrase	-	tr
Banyonun içinde ayakta duran beyaz giysiler içinde siyah kemerli, bir hanımefendi, ağırlıklı renk beyaz.	stative	noun phrase	-	tr
Oyuncak bir hayvan, çizgili kumaştan yapılmış, ağız hizasında sanki dişini fırçalıyor gibi diş fırçası konmuş, fırça beyaz renkli fırçalar mavi ve yeşil renkli.	atelic	narrative past	yapılmış, konmuş	tr
Gri bir parlak kedi masanın üzerinde oturuyor, arkasında 3-4 raflı kütüphane ve onun arkasında kahverengi şifoniyer var.	atelic	progressive	oturuyor	tr
Ağaçlı bir işlek olmayan sokakta beyaz bir kamyon, yol kenarında kırmızı posta kutusu ve evler gözüküyor.	atelic	progressive	gözüküyor	tr
Üç tane büyük beyaz yatak ikisinin içinde oyuncak gibi büyük yapma karakterler, birisi yatıyor, birisi oturuyor gözüküyor somyanın önünde trafik polisi gibi meslektekilerin giydiği uyarı ve farkındalık sağlayan yelekli birisi var.	atelic	progressive	yatıyor, oturuyor, gözüküyor	tr
Bir büro masası, boş bir sandalye ve masanın üzerinde 5 monitör, klavye ve telefon var, masa açık kahverengi.	stative	noun phrase	-	tr
Açık bir gökyüzü altında çok katlı bir bina inşaatı önünde iki kırmızı otobüs duruyor fotoğrafın en önünde kullanılmayan otobüs durağı yazan bir durak var.	atelic	progressive	duruyor	tr
Sarı tişörtlü erişkin ile beyaz gömlekli esmer çocuk frizbi oynuyor, frizbi beyaz arka planda sarı bir bina, okul olsa gerek çünkü önünde beyaz gömlekli okul çocukları var.	atelic	progressive	oynuyor	tr
Eski bir tren lokomotifi, hurdaya çıkarılmış, açık mavi renkli yer yer paslanmış.	atelic	passive narrative past	çıkarılmış	tr
Yeşil ağırlıklı bir otobüs karşıda bir hotel gözüküyor.	atelic	progressive	gözüküyor	tr
Eski tarihi bir bina, sokakta geçen araba ve otobüs ve trafik lambaları.	stative	noun phrase	-	tr
Sarışın yüz hatları hafif şişman beyaz tenli bir bayan bir köpeği kucaklamış.	atelic	narrative past	kucaklamış	tr
Üç beyaz üniformalı sporcu pozisyon almış bekliyor, çimenlerin yeşili ve toprağın kızılı farkediliyor.	atelic	progressive, narrative past	almış, bekliyor, farkediliyor 	tr
Fotoğraf makinesinin önüne yatağın üstünde bir kız oturmuş duvarda bir resim yatağın iki yanında lambalar var.	atelic	narrative past	oturmuş	tr
Bir saat kulesi ve mavi gökyüzü, kulenin tepesi açık yeşil ve saat yediye yaklaşıyor.	telic	progressive	yaklaşıyor	tr
Bir salon ve 4 çocuk ayakta arkada, birisi sandalyede oturuyor.	atelic	progressive	oturuyor	tr
Bir kamyon kasası, üst kısmı kırmızı alt kısmı ise siyah ağırlıklı boyanmış sanki sürrealist akım.	telic	narrative past	boyanmış	tr
Sörf yapmaya giden birisinin arkadan çekilmiş resmi, denizde dalgalar ve ilerde sörf yapan biri var.	stative	“var”	var	tr
Kayak yapanlar, açık mavi gökyüzü, beyaz karlı dağ ve bulutlar.	stative	noun phrase	-	tr
Gövdesi maviye boyalı, tekerleri açılmış inişe geçmiş bir uçak ve ilerde iniş kulesi var.	stative	“var”	var	tr
Siyah beyaz bir fotoğraf omuzdan askılı çantası olan bir erkek.	stative	noun phrase	-	tr
İki tane eski model Nokia marka cep telefonu.	stative	noun phrase	-	tr
Sarı nergis çiçekleri vazoda.	stative	noun phrase	-	tr
İki uzakdoğulu bayan büyük beyaz bir pastayı kesiyorlar.	telic	progressive	kesiyorlar	tr
Geceye girerken aydınlatılmış Big Ben, hava az bulutlu.	stative	noun phrase	-	tr
Otobüs durağında biri oturarak biri ayakta bekleyenler, karşıda yüksek bir bina var.	stative	“var”	var	tr
Uzun tüylü yabansı boynuzlu bir boğa.	stative	noun phrase	-	tr
Bir mutfakta sarışın bir bey esmer bir hanım samimi poz vermişler.	atelic	narrative past	vermişler	tr
Yeşil tişörtlü başı öne eğik bir bey.	stative	noun phrase	-	tr
Bir parkta beyaz cüsseli ayı.	stative	noun phrase	-	tr
Spor yapanı gösteren siyah beyaz fotoğraf.	stative	noun phrase	-	tr
Servis atan beyaz formalı bayan tenisçi.	stative	noun phrase	-	tr
Muz ve bisküviler, muzun bir kısmı dilimlenmiş.	stative	noun phrase	-	tr
Dağın karlı zirvesinde mola vermiş sporcular.	stative	noun phrase	-	tr
Zebralar otlanıyor, arka planda göl manzarası.	atelic	progressive	otlanıyor	tr
Bir mutfak görüntüsü, iki bar sandalyesi.	stative	noun phrase	-	tr
İşlek olmayan bir cadde ve kaldırımda yürüyenler.	stative	noun phrase	-	tr
Havaalanı bagaj alma yeri.	stative	noun phrase	-	tr
Üst üste dizilmiş kitaplar.	stative	noun phrase	-	tr
Araba penceresinden başını çıkartmış köpek.	stative	noun phrase	-	tr
Deniz kenarı ve yan yana dizilmiş sörf boardları.	stative	noun phrase	-	tr
Ufak motorlu bir bot üzerinde duran bir adam, siyah beyaz.	stative	noun phrase	-	tr
Beyaz mavi temel renkli salon ve mutfak.	stative	noun phrase	-	tr
Mutfakta doğum günü pastası kesen bir adam, adamın sırtına sarılan bir kadın var.	stative	“var”	var	tr
Metro camından bakan yaşlı şapkalı bir adam.	stative	noun phrase	-	tr
Biri beyaz biri gri mama bekleyen 2 kedi.	stative	noun phrase	-	tr
Uçurtma festivali.	stative	noun phrase	-	tr
Yeni bir evin tuvaleti.	stative	noun phrase	-	tr
Sahil kenarında bir uçurtma festivali.	stative	noun phrase	-	tr
Ofis masasında 2 laptop, bir de monitör ekranları çıkarılmış.	atelic	passive narrative past	çıkarılmış	tr
Bisikletlere özel metro ve bisikletleri kontrol eden bir görevli.	stative	noun phrase	-	tr
Hamertime yazılı bir dur tabelası.	stative	noun phrase	-	tr
Yol ortasında motosikletine bakan bir adam, siyah beyaz.	stative	noun phrase	-	tr
Yerde belgeler olan, düzenli bir yatak odası.	stative	noun phrase	-	tr
Üç takım elbiseli, wii kumandası tutan adamlar.	stative	noun phrase	-	tr
Restoranda muz satan bir adam, sadece muzların rengi var.	stative	"“var"""	var	tr
Çiçekli musluk taşları ve kaseler.	stative	noun phrase	-	tr
Düz bir alanda uçaklarının yanına çadır kurmuş bir çift.	stative	noun phrase	-	tr
Mutfaktaki küçük bir kütüphane.	stative	noun phrase	-	tr
Lambaları gözükmeyen sarı bir trafik lambası.	stative	noun phrase	-	tr
Demir yollarında eski yük vagonları.	stative	noun phrase	-	tr
Yuvarlak donutlarla çevrili sarı bir bebeğin yanından kafasını uzatan ve donutı yalayan bir kedi.	stative	noun phrase	-	tr
Otlak bir ortamda boğamsı bir hayvan ve yavrusu.	stative	noun phrase	-	tr
Sitesini, içini, dışını ve kapısını gösteren yeni üretilmiş bir metronun kolajı.	stative	noun phrase	-	tr
Kayalık bir yerde suyun yakınında bir kutup ayısı ve pelikan.	stative	noun phrase	-	tr
Sarı, kırmızı ve gri bir metro.	stative	noun phrase	-	tr
Bir grup insana numara yapan bir kaykaycı.	stative	noun phrase	-	tr
Beyaz temalı cam masası olan bir yemek ve oturma salonu.	stative	noun phrase	-	tr
Binanın önünde frizbi atan bir adam.	stative	noun phrase	-	tr
Park edilmiş bir sıra motosiklet.	stative	noun phrase	-	tr
Bir kanalın önünde, şehir arkaplanlı bir Colgate saati.	stative	noun phrase	-	tr
Yılbaşı ağaçı ile süslü bisikletli bir oturma salonu.	stative	noun phrase	-	tr
Dağda kayakçı bir genç.	stative	noun phrase	-	tr
Ormanın içinden geçen bir ayı.	stative	noun phrase	-	tr
Kayalık bir kanaldan suya yaklaşan iki at.	stative	noun phrase	-	tr
Bir sürü tır park edili bir otopark.	stative	noun phrase	-	tr
At süren bir adam.	stative	noun phrase	-	tr
Koltukta adamın yanında oturan laptop kullanan bir kedi.	stative	noun phrase	-	tr
Park edili eski 2 otobüs.	stative	noun phrase	-	tr
Dalgalar içinde numara yapan bir sörfçü.	stative	noun phrase	-	tr
Motosikletlerle dolmuş dar bir sokak.	stative	noun phrase	-	tr
Camdan dışarı bakan sarı bir kedi.	stative	noun phrase	-	tr
22 numaralı bir beyzbol oyuncusu.	stative	noun phrase	-	tr
Wii'de bowling oynayan bir çocuk.	stative	noun phrase	-	tr
Zürafaya teller ardından yemek uzatan bir adam.	stative	noun phrase	-	tr
İniş yapan ufak bir uçak.	stative	noun phrase	-	tr
Sehirde yağmur altında şemsiye ile koşan bir adam, siyah beyaz.	stative	noun phrase	-	tr
Frizbiyi yakalamaya zıplayan kızıl bir köpek.	stative	noun phrase	-	tr
Yoldaki yeşil trafik lambaları.	stative	noun phrase	-	tr
Bir salkım meyvesi olan bir muz ağacı.	stative	noun phrase	-	tr
Tahta üzerinde sucuklu büyük boy bir pizza.	stative	noun phrase	-	tr
Cadde üstü kafenin, cam kenarında bulunan masasında oturan şapkalı bir erkek sol eli çenesinde bilgisayara bakıyor.	atelic	progressive	bakıyor	tr
Alacakaranlık, sağlı sollu binaların ve bir alt geçidin olduğu ışıklandırılmış geniş bir cadde.	stative	noun phrase	-	tr
Cam kapısı olan bir duşu ve duvarında iki beyaz havlunun asılı olduğu ve küçük bir kız çocuğu bulunan banyo.	stative	noun phrase	-	tr
Ormanlık alanda, anayola birleşen bir arayol ve üç adet trafik tabelası birinin üzerinde dur, diğerinde git yazıyor.	atelic	progressive	yazıyor	tr
Park halinde, koyu renk arazi aracı ve kaputunun üzerinde camın önünde yatan alaca renkli bir kedi.	stative	noun phrase	-	tr
Gece karanlığında ışıklandırılmış, alt kısmı beyaz taşlardan, üst bölümü kahverengi taşlardan örülü saat kulesi.	stative	noun phrase	-	tr
Her iki yanında bitişik nizam ikişer katlı evlerin olduğu, 20 mil hız limiti olan ve yol çalışması uyarıları olan bir kasaba caddesi.	stative	noun phrase	-	tr
Kareli masa örtüsü üzerinde, 3 dilim mantarlı salamlı pizza beyaz bir tabak içerisinde, dilimlerden biri ters dönmüş.	stative	noun phrase	-	tr
Yangın musluğu etrafında, rengarenk menekşelerden oluşturulmuş bir çiçek bahçesi.	stative	noun phrase	-	tr
Çitler içerisinde iki adet fil, arkalarında büyükçe bir bina, ağaçlık alan içerisinde vahşi hayvan barınağı.	stative	noun phrase	-	tr
Çok çekmeceli mutfak dolapları, çift kapılı buzdolabı, şık bir fırın ve ada tezgahı olan büyük bir mutfak.	stative	noun phrase	-	tr
Ormanlık bölgede tünele girmek üzere olan mavi renkli tren ve en arkasından bakan yolcular.	stative	noun phrase	-	tr
Oturma odasında televizyon karşısında ayakta duran genç erkek televizyona doğru dans eder gibi hamle yapıyor.	telic	progressive	yapıyor	tr
Başında şapkası, gözünde gözlükleri, dizlerinin üzerinde bilgisayarı ile genç kız kırmızı koltukta oturmuş gülümsüyor.	atelic	progressive, narrative past	oturmuş, gülümsüyor	tr
Cam önünde küçük Buda heykeli ve camın dış tarafından siyah renkli bir kesi ona bakıyor.	atelic	progressive	bakıyor	tr
Kahverengi tuğlalardan yapılmış, üzerinde hayvan figürleri ve tepesinde çanı olan saat yapısı.	stative	noun phrase	-	tr
Ormanda gezinen, ikisi daha büyük olan beş adet zürafa.	stative	noun phrase	-	tr
Cadde üzerinde, biri siyahi iki genç erkek, bir futbol topu ve beyaz erkek topa vurmak üzere hamle yapmış.	telic	narrative past	yapmış	tr
Kot pantolonlu biri, ahşap bankın Şıralık bölümüne oturmuş ve ayakları ile bankın oturma bölümüne basmakta.	atelic	narrative past	oturmuş	tr
Sahilden geçen tren yolunda sarı renkli bir tren ve sahilde yürüyüş yapan insanlar.	stative	noun phrase	-	tr
Kalabalık bir caddede yırtık tişörtlü bir genç, kafası ve kolları kanlı şekilde yangın musluğuna tutunuyor.	atelic	progressive	tutunuyor	tr
Cadde üzerinde, beyaz bir binanın önünde park etmiş sarı renkli bir okul otobüsü.	stative	noun phrase	-	tr
Dalgalar üzerinde bir sörfçü sörf yapıyor.	atelic	progressive	yapıyor	tr
Geçen yüzyıl ortalarından büyük bir market binası ve dönemin taşıma kamyonetleri civarında park etmiş.	atelic	narrative past	etmiş	tr
Alt tarafı kırmızı renkli olan ve uçmakta olan uçağın gökyüzünde çekilmiş görüntüsü.	stative	noun phrase	-	tr
Siyah ve beyaz formalar giymiş rakip futbol oyuncuları sahadaki topun peşinden koşuyorlar.	atelic	progressive	koşuyorlar	tr
Karlarla kaplı dağların önünde kayaklarını takmış iki kadın resimlerini çeken arkadaşlarına poz veriyorlar.	atelic	progressive	veriyorlar	tr
Bir kadeh içeceğin önünde hamburgerin olduğu bir kompozisyon.	stative	noun phrase	-	tr
Odada lacivert halı üzerinde ayak ayak üstüne atılmış oturan kişinin ayak ucunda bir peluş ayı ve kitaplıkta kitaplar.	stative	noun phrase	-	tr
Üç farklı sefer tası, birinde biftek, diğerinde sulu yemek ve sonuncusunda meyveler, yeşil bir örtü üstünde.	stative	noun phrase	-	tr
Ana cadde üzerindeki bir park ücreti ödeme cihazı.	stative	noun phrase	-	tr
İki kadın bir erkek, kadınlardan biri pasta keserken erkek başını omuzuna koymuş şekilde poz veriyorlar.	atelic	progressive	veriyorlar	tr
Çim saha üzerinde iki erkek, birinin elinde frizbi fırlatmaya çalışırken diğeri engellemeye çalışıyor.	telic	progressive	çalışıyor	tr
Cadde üzerinde ağaçlı bir yol ve üzerinde kırmızı renkli bir körüklü otobüs.	stative	noun phrase	-	tr
Gidiş geliş bölünmüş yol olan kalabalık bir cadde ve yoğun trafikte yol alan çift katlı otobüsler.	stative	noun phrase	-	tr
Koltuk, berber ve yanan bir abajurun olduğu loş odada, berberde oturan genç erkek silüeti.	stative	noun phrase	-	tr
Bakımsız bir banyo, kapaksız klozet ve üzerinde oturan bir kedi ve kelebekli bir duş perdesi.	stative	noun phrase	-	tr
Kareli halısı, bacalı sobası, eski ama konforlu bir koltuğu olan oturma odasında oturan birisi.	stative	noun phrase	-	tr
Turuncu duvarlı odada oturan, kravatı omzunun üzerinde, uzun saçları bağlı ve sakallı erkek kollarını bağlamış oturuyor.	atelic	progressive, narrative past	bağlamış, oturuyor	tr
Islak beton pistte kaykaya binen çocuk ve beton bloğun yanında fotoğraf makinasına bakan diz çökmüş erkek.	stative	noun phrase	-	tr
Kalabalık caddede, itfaiye araçları, yangın musluğuna bağlı hortumlar ve etrafta durumu izleyen kalabalık.	stative	noun phrase	-	tr
Üzerinde bilgisayar ve monitörü, abajuru, çerçeveli resimleri ve önünde koltuğu bulunan kahverengi çalışma masası.	stative	noun phrase	-	tr
Büyük bir kanyona tepeden bakan insanlar ve önde görünen büyük sarı renkli yangın musluğu.	stative	noun phrase	-	tr
Ağaçlar içerisinde iki güzel dağ evi, önlerindeki orman yolunda biri sarı diğeri beyaz iki büyük kamyon.	stative	noun phrase	-	tr
Ayna önünde duran, yeşil yapraklı dalları ve kırmızı çiçekleri olan, vazo içinde buket ve yanında bir sürahi.	stative	noun phrase	-	tr
Saha içerisinde yüz koruyucu siperliği kalkık şekilde duran bir beyzbol oyuncusu.	stative	noun phrase	-	tr
Pembe desenli fayansları, aynası ve dolaplı lavabosu ile modüler camlı havluluğu olan bir banyo.	stative	noun phrase	-	tr
Sahilde sörfünün yelkenini kaldırmaya çalışan bir erkek sörfçü.	stative	noun phrase	-	tr
Saçları fön makinası ile kurutulan küçük bir kız çocuğu ve onunla aynı doğrultuya bakan eli çenesinde bir erkek.	stative	noun phrase	-	tr
Ahşap çocuk oyuncağı ve bir peluş ayı.	stative	noun phrase	-	tr
