Caption	Class	Subclass	Verb	Language
Мужчина бросает мяч	telic	D	бросает	ru
Теннисистка делает подачу	telic	D	делает	ru
Бейсболист ждёт подачу	state	D	ждёт	ru
Сёрфер идет к океану	telic	D	идет	ru
Сёрфер катается на волне	atelic	D	катается	ru
Женщины разрезают торт	telic	D	разрезают	ru
Самолет идет на посадку	telic	D	идет	ru
Собака сидит на кресле	state	D	сидит	ru
Дети играют в приставку	atelic	D	играют	ru
Парень проходит перед витриной	atelic	D	проходит	ru
Люди играют в летающий диск	atelic	D	играют	ru
Теннисистка отбивает мяч	telic	D	отбивает	ru
Люди играют с летающим диском	atelic	D	играют	ru
Теннисист делает подачу	telic	D	делает	ru
Люди плывут на паруснике в море	atelic	D	плывут	ru
Теннисистка отбивает мяч	telic	D	отбивает	ru
Сёрферы катаются на волнах	atelic	D	катаются	ru
Человек чистит мандарины	telic	D	чистит	ru
Скейтбордисты катаются на дороге	atelic	D	катаются	ru
Люди печатают на ноутбуке и пользуются мышкой компьютера	atelic	D	печатают	ru
Пассажиры переходят из самолета в автобус	telic	D	переходят	ru
Мужчина несёт овцу на плечах	atelic	D	несёт	ru
Кот смотрит на экран компьютера	atelic	D	смотрит	ru
Самолеты летят в небе	atelic	D	летят	ru
Коровы с теленком пасутся в поле	atelic	D	пасутся	ru
Человек запускает воздушного змея	telic	D	запускает	ru
Женщина разговаривает по мобильному телефону	atelic	D	разговаривает	ru
Лошадь лежит на лужайке	state	D	лежит	ru
Девушка и мальчик делают покупки в магазине	telic	D	делают	ru
Дети играют на ноутбуках	atelic	D	играют	ru
Мужчина фотографирует ужин	telic	D	фотографирует	ru
Мужчина несет доску серфинга	atelic	D	несет	ru
Девочка ест кашу из миски	telic	D	ест	ru
Кот сидит на машине	atelic	D	сидит	ru
Пара с детьми стоит под зонтом	state	D	стоит	ru
Собака лежит под простыней	state	D	лежит	ru
Теннисист ждет подачи	state	D	ждет	ru
Бейсболисты играют на бейсбольном поле	atelic	D	играют	ru
Ребенок лежит в кровати	state	D	лежит	ru
Медведь лежит в лесу	state	D	лежит	ru
Виндсёрфер прыгает над водой	atelic	D	прыгает	ru
Сёрфер катается на волне	atelic	D	катается	ru
Девушка играет в приставку	atelic	D	играет	ru
Скейтбордист едет на трубе	atelic	D	едет	ru
Мужчины играют в летающий диск	atelic	D	играют	ru
Игроки и судья разговаривают у теннисной сетки	atelic	D	разговаривают	ru
Пончик лежит на скакалке	state	D	лежит	ru
Мальчик ест хот-дог	telic	D	ест	ru
Женщины с собакой общаются на набережной	atelic	D	общаются	ru
Мотоциклисты стоят на парковке	state	D	стоят	ru
Вагон поезда подъезжает к станции	telic	D	подъезжает	ru
Автобус стоит на парковке	state	D	стоит	ru
Мотоциклисты едут по дороге	atelic	D	едут	ru
Теленок пьет молоко	atelic	D	пьет	ru
Слон облокотился на столб	atelic	D	облокотился	ru
Скейтбордист катается в парке	atelic	D	катается	ru
Овцы пасутся на лужайке	atelic	D	пасутся	ru
Сёрфер плывет по воде	atelic	D	плывет	ru
Жираф идет в поле	atelic	D	идет	ru
Молодые люди пользуются мобильными телефонами	atelic	D	пользуются	ru
Бейсболисты на поле ждут подачи	state	D	ждут	ru
Девушка в наушниках держит мобильные телефоны	atelic	D	держит	ru
Милиционер едет на мотоцикле	atelic	D	едет	ru
Скейтбордисты катаются на тротуаре	atelic	D	катаются	ru
Кот проходит возле стула	atelic	D	проходит	ru
Лыжники стоят на фоне гор	state	D	стоят	ru
Теннисисты играют в парный теннис	atelic	D	играют	ru
Лыжники прыгают на склоне	atelic	D	прыгают	ru
Человек сидит на лавочке	state	D	сидит	ru
Птица сидит на парковочном автомате	state	D	сидит	ru
Птица сидит на раскрытой книге	state	D	сидит	ru
Самолет пролетает в небе	atelic	D	пролетает	ru
Роботы катаются на скейтбордах	atelic	D	катаются	ru
Лыжник едет на спуске	atelic	D	едет	ru
Девочка чистит зубы	telic	D	чистит	ru
Птицы летят над водой	atelic	D	летят	ru
Мужчина фотографирует город	telic	D	фотографирует	ru
Зебры стоят в загоне зоопарка	state	D	стоят	ru
Самолет летит в небе	atelic	D	летит	ru
Люди едут на автобусе	atelic	D	едут	ru
Зебры переходят реку	telic	D	переходят	ru
Корова стоит у синих ворот	state	D	стоит	ru
Зебры стоят возле деревьев	state	D	стоят	ru
Люди сидят за круглым столом	state	D	сидят	ru
Мужчина фотографируется с ребенком	telic	D	фотографируется	ru
Овцы пасутся в поле	atelic	D	пасутся	ru
Мобильный телефон лежит на столе	state	D	лежит	ru
Мужчина сидит на мопеде	state	D	сидит	ru
Компьютеры стоят на столе	state	D	стоят	ru
Женщина сидит у гидранта	state	D	сидит	ru
Две лежат овцы на траве	state	D	лежат	ru
Собаки играют в поле	atelic	D	играют	ru
Медведь идет в лесу	atelic	D	идет	ru
Девочка ест пиццу	atelic	D	ест	ru
Наездники идут по берегу океана	atelic	D	идут	ru
Люди стоят на теннисном поле	state	D	стоят	ru
Овцы пасутся в поле	atelic	D	пасутся	ru
Бейсболист отбивает мяч	telic	D	отбивает	ru
Сёрфер катается на волнах	atelic	D	катается	ru
Девушки сидят на скамейке	state	D	сидят	ru
Сёрфер катается на волне	atelic	D	катается	ru
Собака катается на скейтборде на поводке	atelic	D	катается	ru
Женщина едет на велосипеде	atelic	D	едет	ru
Два монитора стоят на столе	state	D	стоят	ru
Пара идет под зонтом	atelic	D	идет	ru
Оранжевый автобус стоит на остановке	state	D	стоит	ru
Тюльпаны стоят в вазе	state	D	стоят	ru
Долька апельсина лежит на тарелке	state	D	лежит	ru
Девочка ест банан	telic	D	ест	ru
Теннисистка отбивает мяч	telic	D	отбивает	ru
Девушка читает красную книгу	telic	D	читает	ru
Мотоциклист стоит на обочине	state	D	стоит	ru
Два кота лежат на подушке	state	D	лежат	ru
Теннисисты занимаются в спортзале	atelic	D	занимаются	ru
Сэндвич лежит на тарелке	state	D	лежит	ru
Овцы пасутся в поле	atelic	D	пасутся	ru
Мужчина фотографируются с печеньем в духовке	telic	D	фотографируются	ru
Бейсболист бросает мяч	telic	D	бросает	ru
Самолет взлетает	telic	D	взлетает	ru
Виндсёрфер прыгает над водой	atelic	D	прыгает	ru
Клоун в разноцветном пиджаке говорит по телефону	atelic	D	говорит	ru
Мужчина едет на желтом мотоцикле	atelic	D	едет	ru
Девушка пользуется ноутбуком	atelic	D	пользуется	ru
Наездник перепрыгивает через препятствие	telic	D	перепрыгивает	ru
Черная собака стоит рядом с людьми	state	D	стоит	ru
Теннисист отбивает мяч	telic	D	отбивает	ru
Котенок выпрыгивает из синей миски	telic	D	выпрыгивает	ru
Сёрфер лежит с доской на берегу	state	D	лежит	ru
Рука берет кусок пиццы	telic	D	берет	ru
Собака лежит на кровати	state	D	лежит	ru
Два кота лежат на кедах	state	D	лежат	ru
Мальчики играют в приставку	atelic	D	играют	ru
Человек стоит на лыжах	state	D	стоит	ru
Слоненок выходит из реки	telic	D	выходит	ru
Свадебный торт стоит на фоне цветов	state	D	стоит	ru
Девушка идет с оранжевым зонтом	atelic	D	идет	ru
Ребенок сидит на кровати	state	D	сидит	ru
Кот сидит в ванне	state	D	сидит	ru
Баскетболисты выходят на поле	telic	D	выходят	ru
Скейтбордист катается в парке	atelic	D	катается	ru
Девочка играет в приставку	atelic	D	играет	ru
Мужчины стоят в униформе	state	D	стоят	ru
Дети играют в футбол	atelic	D		ru
Женщины кормят коз	telic	D	кормят	ru
Медведи дерутся в воде	atelic	D	дерутся	ru
Парень сидит на диване	state	D	сидит	ru
Птица сидит на дереве	state	D	сидит	ru
Сёрфер катается на волне	atelic	D	катается	ru
Женщина фотографируется перед зеркалом	telic	D	фотографируется	ru
Люди фотографируются со слоном	telic	D	фотографируются	ru
Мальчик катается на скейтборде	atelic	D	катается	ru
Мужчины играют в приставку	atelic	D	играют	ru
Видсёрфер прыгает над водой	atelic	D	прыгает	ru
Девушка стоит с синей битой	state	D	стоит	ru
Жирафы идут по лужайке	atelic	D	идут	ru
Скейтбордист прыгает с доской	telic	D	прыгает	ru
Люди пользуются мобильными телефонами	atelic	D	пользуются	ru
Девушка продает украшения и разговаривает по телефону	atelic	D	продает	ru
Слоны идут в саванне	atelic	D	идут	ru
Собака сидит на красном диване	state	D	сидит	ru
Парень сидит за компьютером в кафе	state	D	сидит	ru
Девушка сидит с ноутбуком	state	D	сидит	ru
Кот смотрит на статуэтку Будды	atelic	D	смотрит	ru
Мужчины играют в футбольный мяч	atelic	D	играют	ru
Человек сидит на лавочке	state	D	сидит	ru
Окровавленный мужчина держится за гидрант	atelic	D	держится	ru
Сёрфер катается на волне	atelic	D	катается	ru
Грузовики стоят перед зданием	state	D	стоят	ru
Футболисты бегут на поле	atelic	D	бегут	ru
Лыжники стоят на фоне гор	state	D	стоят	ru
Люди разрезают торт	telic	D	разрезают	ru
Теннисисты играют на поле	atelic	D	играют	ru
Кот сидит на унитазе	state	D	сидит	ru
Сёрфер катается на доске	atelic	D	катается	ru
Девочка стрижется у парикмахера	telic	D	стрижется	ru
Люди запускают воздушных змеев	telic	D	запускают	ru
Люди запускают воздушных змеев	telic	D	запускают	ru
Компьютеры стоят на столе	state	D	стоят	ru
Мотоциклист стоит у мотоцикла	state	D	стоит	ru
Трое мужчин улыбаются	atelic	D	улыбаются	ru
Люди смотрят на скейтбордиста	atelic	D	смотрят	ru
Мужчина играет в летающий диск	atelic	D	играет	ru
Лыжник стоит в снегу	state	D	стоит	ru
Медведь идет в лесу	atelic	D	идет	ru
Наездник едет на дороге	atelic	D	едет	ru
Кот сидит на ноутбуке	state	D	сидит	ru
Сёрфер катается на волне	atelic	D	катается	ru
Мужчина кормит жирафа	telic	D	кормит	ru
Самолет идет на посадку	telic	D	идет	ru
Человек идет с зонтом	atelic	D	идет	ru
Собака ловит летающий диск	telic	D	ловит	ru
Лыжники едут по снегу	atelic	D	едут	ru
Наездник едет по полю	atelic	D	едет	ru
Скейтбордист прыгает	atelic	D	прыгает	ru
Наездник едет по воде	atelic	D	едет	ru
Зебры стоят на дороге	state	D	стоят	ru
Люди играют в мяч	atelic	D	играют	ru
Пара идет с розовым велосипедом	atelic	D	идет	ru
Человек запускает воздушного змея на берегу океана	telic	D	запускает	ru
Дети играют в приставку	atelic	D	играют	ru
Женщина читает в постели	atelic	D	читает	ru
Мотоциклист едет по дороге	atelic	D	едет	ru
Девочка ест за столом	atelic	D	ест	ru
Компания сидит за столом	state	D	сидит	ru
Мальчик стоит с воздушным змеем	state	D	стоит	ru
Девушка говорит по мобильному телефону	atelic	D	говорит	ru
Мужчины стоят в смокингах	state	D	стоят	ru
Коровы идут по городской дороге	atelic	D	идут	ru
Жирафы стоят в загоне	state	D	стоят	ru
Два хот-дога лежат на тарелке	state	D	лежат	ru
Девушка смотрит на мобильный телефон	atelic	D	смотрит	ru
Скейтбордист прыгает с доской	telic	D	прыгает	ru
