Sentence	Class	Subclass	Verb	Language
Rushville ABD'nin Illinois eyaletine bağlı Schuyler ilçesinin merkezi olan şehirdir.	stative	copula	şehirdir	tr
"Philippe Liégeois (d. 8 Temmuz 1947), ""Türk"" takma adıyla anılan Belçikalı karikatüristtir."	stative	copula	karikatüristtir	tr
Arnavutluk Demiryolları'nın hatları tamamen elektriksiz olup trenler Çekoslovak yapımı T-669 lokomotifleri tarafından çekilmektedir.	stative	copula	çekilmektedir	tr
Falafel ya da Tamiya, humus ve künefe gibi artık tüm Ortadoğu’ya mal olmuş İsrail ve Filistin kaynaklı bir yemektir.	stative	copula	yemektir	tr
2 Firefox 4.0 Yalı LVM/RAID ve disk bölümlendirme ekranı ile yeni bir arayüz Plymouth Pisi paket yöneticisi'nde iyileştirmeler Paket yöneticisi arayüzünde ekran görüntüleri 32 Bit ve 64 Bit desteği verilen ilk sürüm.	stative	zero copula	-	tr
Daha çok Trakya Umumî Müfettişliği olarak bilinir.	stative	aorist	bilinir	tr
İzvornik Sancağı (Boşnakça: Zvornički sandžak), günümüzde Bosna-Hersek'in sınırları içerisinde bulunan Zvornik şehrinde kurulmuş, Osmanlı İmparatorluğu'nun bir sancağıdır.	telic	copula	sancağıdır	tr
1 cadde vardır ve tüm dükkânlar bu cadde üzerindedir (Kulaksız Caddesi).	stative	copula	üzerindedir	tr
Christ Illusion Slayer'ın 8 Ağustos 2006 tarihinde piyasaya sürülen dokuzuncu stüdyo albümüdür.	stative	copula	albümüdür	tr
Gökyüzünde Suyılanı takımyıldızı yönünde bulunur.	atelic	aorist	bulunur	tr
Karayolu, İsfahan Eyaleti'nin Nayin şehrinden başlar, Luristan Eyaleti'nin Çalançulan şehrinde sonlanır.	atelic	aorist	sonlanır	tr
Profesyonel kariyerine 1999 yılında Fulham kulübünde başladı.	telic	past	başladı	tr
Plaza de Colón meydanında başlayan cadde sırasıyla Nuevos Ministerios, Plaza de Lima, Plaza de Cuzco ve Plaza de Castilla’yi geçer ve Colmenar Viejo’ya kadar uzanır.	atelic	aorist	uzanır	tr
2004 yılı 31 Aralık tarihine göre 2.42 kişilik bir nüfusa ve 95,9 km lik bir alana sahiptir.	stative	copula	sahiptir	tr
Açık eksiltme, bir mal veya hizmetin, birden çok satıcıdan teklif alınarak satın alınması.	stative	zero copula	-	tr
Linux, Mac OS X, Windows, OS/2, FreeBSD işletim sistemlerinde çalışabilmektedir.	telic	copula	çalışabilmektedir	tr
Orta Amerika'daki Dünya Mirasları listesi.	stative	zero copula	-	tr
Mariana Mimmis Plessas ile çalıştı ayrıca birlikte bazı projeler dolayısıyla sahne aldı.	telic	past	aldı	tr
Düzenli olarak sinagoga gidenlerin sayısı 20'ye kadar düştü ve cemiyet, binasını Henry Street'teki cemiyetle paylaşmaya başladı.	telic	past	düştü, başladı	tr
Delikli bant veya delikli kâğıt şerit, verileri saklamak üzerinde delikler bulunan uzun bir kâğıt şeritten oluşan bir veri depolama aygıtıdır.	stative	copula	aygıtıdır	tr
Bu atomik yapıları nedeniyle bilinen klasik yığın haldeki yarı iletkenler ve de klasik atom veya moleküller arasında bir yerde bulunurlar.	stative	aorist	bulunurlar	tr
İnkılap, toplum düzenini ve yapısını daha iyi duruma getirmek için yapılan köklü değişiklik ve iyileştirmelerdir.	stative	copula	iyileştirmelerdir	tr
Toplam alan 42,55 km olup, km başına 208 nüfus yoğunluğuna sahiptir.	stative	copula	sahiptir	tr
Yurtdışındaki bazı örgütler bu çatı kelimeye daha sonradan interseksüelleri temsilen I ya da queeri temsilen Q harflerini eklemişlerdir.	telic	narrative past copula	eklemişlerdir	tr
Bu büro, diğer işlevlerin yanı sıra, eğlence endüstrisi ile çalışır.	atelic	aorist	çalışır	tr
Kuzeyinde Beykoz, güneyinde ise Çubuklu bulunur.	atelic	aorist	bulunur	tr
Başbakanlığın teşvikiyle 1990 yılında bölgesel kalkınma amacıyla kurulan ve o dönem bünyesinde Gaziantepli belediyelerin de yer aldığı Güneydoğu Anadolu Bölgesi Belediyeler Birliği başkanlığını yaptı.	telic	past	yaptı	tr
Medellín metrosu 25.8 km uzunlukta olup iki hat ve 27 istasyon ile ek olarak üç adet Metrocable adlı telesiyej sistemi ve Ayacucho tramvayına sahiptir.	stative	copula	sahiptir	tr
Evli ve bir çocuk babasıdır.	stative	copula	babasıdır	tr
Yüzölçümü 08.52 km olan şehrin nüfusu Eylül 2012 tarihi itibarı ile 123,129'dur.	stative	copula	123,129’dur	tr
Ayrıca 1999 yılı Aralık ayında ayrılma niyetini açıklayan Moritanya ise Aralık 2000'de üyelikten çekilmiştir.	telic	narrative past copula	çekilmiştir	tr
1998 - YÖK, başörtüsü takmanın ve taktırmanın suç olduğunu açıkladı.	telic	past	açıkladı	tr
Karaçalı, Tekirdağ ilinin Süleymanpaşa ilçesine bağlı bir mahalledir.	stative	copula	mahalledir	tr
Dolayısıyla, Aristo, edinilen özelliklerin mutlaka kalıtlanmadığı, kalıtlanan şeyin bu özellikleri sergileme potansiyeli olduğunu savunmuştur.	telic	narrative past copula	savunmuştur	tr
Profesyonel kariyerinin tamamını Borussia Mönchengladbach kulübünde geçirdi.	telic	past	geçirdi	tr
Belediye aşağıdaki alt belediyelerden oluşur.	atelic	aorist	oluşur	tr
"Toshiba ""Temiz enerji politikası savunuculuğu"", ""Ürünlerde geri dönüştürülmüş plastiklerin kullanılması"" ve ""Kağıt için kullanılan lifler için sürdürülebilir kaynak oluşturulması üzerine politika ve uygulama"" kategorilerinde ""sıfır"" puan aldı."	telic	past	aldı	tr
Geviş getiren hayvanlar, otlanma anında bitkisel besinlerini ancak kabaca çiğner ve yutarlar.	atelic	aorist	çiğner, yutarlar	tr
Dejan Nemec (d. 1 Mart 1977), kaleci pozisyonunda görev yapmış Sloven millî futbolcudur.	stative	copula	futbolcudur	tr
Motor 2815 cm'lik bir deplasmandan 14 hp (10,4 kW) güç üretebilmekteydi.	stative	past copula	üretebilmekteydi	tr
Şehrin nüfusu 2010 sayımına göre 77,062'dir.	stative	copula	77,062’dir	tr
Okulun iki farklı girişi ve bölünmüş bir bahçesi bulunur.	stative	aorist	bulunur	tr
Sistem, savaş nedeniyle göç etmiş azınlıkların eski adreslerine geri dönmelerini sağlamak üzere geçici bir çözüm olarak 1997 yılında başlatılmış; ancak etnik ve millî söylemi güçlendirmede faydalı bir araç olarak sürdürülmüştür.	telic	narrative past copula	başlatılmış, sürdürülmüştür	tr
Sonuçlar halk oylamaları sonucunda belli olmuştur.	telic	narrative past copula	olmuştur	tr
Nahum Sokolow bir Siyonist lider, yazar, çevirmen ve gazeteci.	stative	zero copula	-	tr
İlk olarak 1834'te devlet tıp koleji olarak kurulan okul 1847 yılında tam kampsamlı bir üniversiteye dönüşmüştür.	telic	narrative past copula	dönüşmüştür	tr
Gösterime girdiğinde büyük gişe hasılatı elde edemese de zamanla onu kült statüsüne getirecek bir hayran kitlesi kazanmıştır.	telic	narrative past copula	kazanmıştır	tr
Mezuniyetinin ardından üniversitenin inşaat mühendisliği bölümünde laboratuvar asistanı olarak çalışmaya başladı.	telic	past	başladı	tr
Yeşilyurt, Mersin'in Tarsus ilçesine bağlı bir mahalledir.	stative	copula	mahalledir	tr
MySQL AB şirketinin kurucu üyesidir.	stative	copula	üyesidir	tr
Uluslararası düzeyde IV DAN Kara Kuşak sahibidir.	stative	copula	sahibidir	tr
Mela şikar yönteminde kunki adı verilen eğitimli filin üzerinde bulunan kişi fili yakalamak için kement kullanır.	telic	aorist	kullanır	tr
"Bates'in ölü bedenini inceleyen patalog William Lawler onun vücudunu ""gördüğüm en berbat cinayet vakası"" şeklinde ifade etmiştir."	telic	narrative past copula	etmiştir	tr
Furlan, Yahudi bir ailenin çocuğu olarak, dönemin Yugoslavya şehri olan Zagreb'te doğdu.	telic	past	doğdu	tr
Savaş bunalımı geçiren bazı kişilerde travma haline gelmiş ve kalıcı bir psikolojik rahatsızlık oluşturmuştur.	telic	narrative past copula	oluşturmuştur	tr
Mayorka Adası'nda olup nüfusu; 558'dir.	stative	copula	558’dir	tr
CIF terimi, malların ihraç işlemlerinin de satıcı tarafından yapılmasını öngörür.	atelic	aorist	öngörür	tr
Bazlambaç, Yozgat ilinin Çekerek ilçesine bağlı bir beldedir.	stative	copula	beldedir	tr
Farklılıklarımızla bir aradayız ve Yaşamak en önemli akademik faaliyettir sloganlarını benimsemiştir.	telic	narrative past copula	benimsemiştir	tr
Böylelikle bu ödüle en yaşlı aday gösterilmiş insan olmuş, bu rekor daha sonra 1997 yılında 87 yaş 221 gün ile Gloria Stuart tarafından kırılmıştır.	telic	narrative past copula	kırılmıştır	tr
Bölge günümüzde Uganda devletini oluşturmaktadır.	telic	copula	oluşturmaktadır	tr
Altı ay süren bu çalışma sırasında tanıştığı mimar Ralph Erskine'in daveti üzerine mimari tasarımları için form araştırmaları yapmak üzer İsveç'e gitti.	telic	past	gitti	tr
Europeana materyaller hakkında, ilişkin ufak bir fotoğraf ile birlikte, bağlamsal bilgi veya metaveri toplar.	atelic	aorist	toplar	tr
Osborne Executive oldukça başarılı olan Osborne 1'in devam modelidir.	stative	copula	modelidir	tr
Final serisinde Edmonton Oilers'ı 4-0 yenen New York Islanders dördüncü Stanley Cup şampiyonluğunu elde etmiştir.	telic	narrative past copula	etmiştir	tr
En önemli eserleri, Metâli-ül-Envâr ve Beyan-ül-Hak adlı eserleridir.	stative	copula	eserleridir	tr
Hotaşlar, Balıkesir ilinin Kepsut ilçesine bağlı bir mahalledir.	stative	copula	mahalledir	tr
Cupid Uranüs'ün bilinen en küçük uydusudur ve sadece 18 km genişliğindedir.	stative	copula	genişliğindedir	tr
Dan Howbert (d. 29 Temmuz 1987), Japon eski futbolcudur.	stative	copula	futbolcudur	tr
Flavia Julia Constantia, (293 sonrası– 330 civarı), Roma İmparatoru Constantius Chlorus ve onun ikinci karısı Flavia Maximiana Theodora'nın kızı olan Roma İmparatoriçesi.	stative	zero copula	-	tr
Bunun yanında bazı teknik elemanları en üst seviye olan dört değil üç üzerinden değerlendirildi.	telic	passive past	değerlendirildi	tr
Nisan 2010'da Live.com'un eski adresi olan live.com, Bing olanağına giderek Windows Live Home'ye bağlanmaya başladı.	telic	past	başladı	tr
Spin müzik dergisi tarafından “1994’ en iyi ve en az tanınan 10 topluluk” arasında gösterilmiştir.	telic	passive narrative past copula	gösterilmiştir	tr
Ankaraya Yağmur Yağacak Mustafa Yıldızdoğan'ın 2007 yılında piyasaya sürdüğü 14. albümüdür.	stative	copula	albümüdür	tr
İlk albümü Priscilla'yı 2012 yılında çıkardı.	telic	past	çıkardı	tr
Franco Costanzo'dan sonra ikinci kaleci oldu.	stative	past	oldu	tr
Kişiden kişiye değişebilmektedir.	stative	copula	değişebilmektedir	tr
Tollu, heykel etkisi bırakan “Ana ve Çocuk”, “Hatay’da Portakal Bahçesi”, “Ankara Keçileri ve Hasat” gibi tablolarında Anadolu’ya özgü konuları kübist-yapımcı bir tarzda işlemişti.	telic	narrative past copula	işlemişti	tr
Kuzey Amerika'daki Dünya Mirasları listesi.	stative	noun phrase	-	tr
Servikal vertebralardaki anomali nedeniyle boyun kısa ve hareketleri sınırlıdır (torticollis).	stative	copula	sınırlıdır	tr
Krasnodar'da forma giymektedir.	stative	copula	giymektedir	tr
Mariya Şarapova turnuvanın son şampiyonuydu, ancak omuz sakatlığı nedeniyle turnuvadan çekildi.	telic	passive past	çekildi	tr
Jiaozuo (Çince pinyin: Jiāozuò shì), Çin'in Henan eyaletinde bulunan bir il düzeyi şehirdir.	stative	copula	şehirdir	tr
Galibin yarış mesafesinin %75'ini Tamamlayamayan araçlar Sınıflandırma Dışı (NC) olarak yazılmıştır.	stative	passive narrative past copula	yazılmıştır	tr
Kar kazı Anser caerulescens Küçük kar kazı Anser rossii Bering kazı Anser canagicus - bazen Philacte cinsinde sınıflandırılır.	atelic	passive aorist	sınıflandırılır	tr
1962 yılında burada, o zamanlar adı İnşaat ve Jeoteknik Mühendisliği olan bölümden Doktora derecesini almaya hak kazandı.	telic	past	kazandı	tr
Gökyüzünde Büyük Ayı takımyıldızı yönünde bulunur.	stative	passive aorist	bulunur	tr
WNBA ekiplerinden Las Vegas Aces forması giymektedir.	stative	copula	giymektedir	tr
Ödül 1978'e kadar düzensiz sunuldu; 1979'dan 2008 yılına kadar, her yıl bir yazara veriliyordu.	telic	progressive past	veriliyordu	tr
Alessandro Crescenzi (d. 25 Eylül 1991), Pescara takımında defans pozisyonunda görev yapan İtalyan futbolcudur.	stative	copula	futbolcudur	tr
Tip Top Dağı Kanada'nın Ontario kentine bağlı Pukaskwa Ulusal Parkı içinde bulunmaktadır.	stative	copula	bulunmaktadır	tr
19 Ekim 2015 tarihinde CTP-UBP Koalisyon Hükümetinde İçişleri ve Çalışma Bakanı olarak görev aldı.	telic	past	aldı	tr
Vücudun ürettiği sesleri (örn. kalp sesi, solunum sesi) dinlemek amacıyla yapılır.	telic	passive aorist	yapılır	tr
Alcântra, Portekiz'de Lizbon belediyesine bağlı olan, 4,39 2 yüzölçümüne sahip, 14.44 nüfuslu (2001) bir bucaktır (Portekizce: freguesia).	stative	copula	bucaktır	tr
Özellikle, kapaklı telefonların esas müşterileri bayanlar idi.	telic	past	idi	tr
Yüzölçümü 36,72 2, nüfusu 15.29, nüfus yoğunluğu 416 kişi/2'dir.	stative	copula	kişi/2’dir	tr
Floransalı ressamların, anıtsal barok resmin merkezi olan Roma'ya göç ettiği bir dönemde Dolci, Toscana'da kaldı ve Floransa'nın dengeli ve durağan yerel resim geleneklerine dayandardığı özgün bir üslup geliştirdi.	telic	past	geliştirdi	tr
Dünya genelinde 89 ülkenin katıldığı Miss Universe yarışmasında ilk 10 arasına kalmıştır.	atelic	narrative past copula	kalmıştır	tr
Denizaltı 18 Ekim'de son seferine çıkmış, 9 Kasım 1918 günü Cebelitarık dolaylarında HMS Privet tarafından su bombalarıyla imha edilmiştir.	telic	narrative past copula	edilmiştir	tr
Avrupa Erkekler ve Kadınlar Artistik Jimnastik Bireysel Şampiyonası, 19-23 Nisan 2017 tarihleri ​​arasında Romanya, Cluj-Napoca'daki Polyvalent Hall'da gerçekleştirildi.	telic	passive past	gerçekleştirildi	tr
Bu matbaa İbrahim Müteferrika'nın matbaasından önce olmakla beraber sadece Ermenice basım yaptığı için Türk basın tarihinde yer almamıştır.	atelic	narrative past copula	almamıştır	tr
Albo Panchina d'Oro (İngilizce: Golden Bench), (Türkçe: Altın Sehpa) Italian ,Serie A nın bir sezondaki en iyi teknik direktörüne verilir.	atelic	passive aorist	verilir	tr
Bu sebepten ötürü takım taraftarlarının çoğu Meksikalı veya Meksika asıllıdır.	stative	copula	asıllıdır	tr
Open Platform Communications (OPC), endüstride veri haberleşmesi üzerine yayınlanan bir dizi standart ve şartnamenin adıdır.	stative	copula	adıdır	tr
Adam Yayınları, 1981 yılında kurulan Türk yayınevi.	stative	zero copula	-	tr
Morfinden sekiz ila on kat daha güçlü bir maddedir.	stative	copula	maddedir	tr
Bahsettiği diğer asker ise Titus Pullo'dur.	stative	copula	Pullo’dur	tr
"Arthur William Matthew ""Art"" Carney (4 Kasım 1918 - 9 Kasım 2003), film, sahne, televizyon ve radyoda oyunculuk yapmış Amerikalı oyuncu."	stative	zero copula	-	tr
albümünden çıkan üçüncü teklidir.	stative	copula	teklidir	tr
1904-05 Division I Belçika'nın en üst düzey futbol liginin 9. defa düzenlenen sezonudur.	stative	copula	sezonudur	tr
I. Konstantin'in ailesinden geride kalan II. Constantius, Suriye'de Persler'le devam eden savaşı keserek batı'ya hareket etti.	telic	past	etti	tr
Moldoviţa Manastırı (Rumence: Mânăstirea Moldoviţa), Romanya'nın Boğdan bölgesindeki Suceava ilindeki Vatra Moldoviţei'de bulunan bir Rumen Ortodoks manastırıdır.	stative	copula	manastırıdır	tr
2.313.44 sayısının karekökü.	stative	zero copula	-	tr
Gılgamış Destanı'nın Rusça çevirileri yapan kişi olarak bilinir.	stative	passive aorist	bilinir	tr
Birliklerin ilk yaz kampanyasında iyi savaşmalarına rağmen, kış koşullarında uygun olan anti-tank silahları yoktu.	telic	past “var”/“yok”	yoktu	tr
Merkezi ve basım yeri Kuzey San Jose'dedir.	stative	copula	Jose’dedir	tr
Bu kabileler; Halilanlı, Zekgeli, Miros, Şatoğulları, Şeyh Kanlı, Garip Uşağı ve Saruhanlı'dır.	stative	copula	Saruhanlı’dır	tr
Arıkaya, Denizli'nin Çameli ilçesine bağlı bir mahalle.	stative	zero copula	-	tr
Bu önemli kara ve demiryolu kavşağının kaybıyla Alman kuvvetleri kentin dışından dolanmak zorunda kalacaklardı.	telic	past	kalacaklardı	tr
Filmin yapımcısı Halk Film adına Fuat Rutkay'dır.	stative	copula	Rutkay’dır	tr
Dönem başlarında müzik, daha çok dinsel amaçlarla kullanılırken; dönem sonlarında daha dünyevi amaçlara hizmet eden bir eğlence aracı hâline gelmiştir.	stative	narrative past copula	gelmiştir	tr
Köyün ilk ismi Temirli'dir.	stative	copula	Temirli’dir	tr
Bölge Libya, Çad ve Orta Afrika Cumhuriyeti ile çevrilidir.	stative	copula	çevrilidir	tr
Söz konusu makam ülkenin Portekiz Doğu Afrikası ismi ile Portekiz'e bağlı bir koloni bölgesi olduğu 1974 yılında oluşturulmuştur.	telic	passive narrative past copula	oluşturulmuştur	tr
Altı minareli Sultanahmet Camii'nde ise mihrab duvarına göre üç minare sağda üç minare soldadır.	stative	copula	soldadır	tr
Gelecekte başka seferler sonucu savaşlar olmasına rağmen, birkaç tane kısa süreli toprak kazancı hariç, hiçbiri İlhanlılar lehine bitmemiştir.	telic	narrative past copula	bitmemiştir	tr
İlk eğitimini babası Şeyh Yunus Rızauddin'in yanında fıkıh ve hadis ilimleri öğrendi, ardından Bağdat'taki Nizamiye Medreseleri'nde okumaya devam etti.	telic	past	etti	tr
Savignone İtalya'nın Ligurya bölgesinde bulunan bir komündür.	stative	copula	komündür	tr
altı tanede canlı performans sergilediği özel video yayınlamıştır.	telic	narrative past copula	yayınlamıştır	tr
Gökyüzünde Aslan takımyıldızı yönünde bulunur.	atelic	passive aorist	bulunur	tr
Selanik'te kiliseleri ve manastırlarını gezip papazlar ve keşişlerin duaları ve perhizlerle acılarına çare aramaktaydı.	telic	past copula	aramaktaydı	tr
Heizer çocukken Lexington, Kentucky'de bir dizi topluluk tiyatrosu yapımında sahne aldı.	telic	past	aldı	tr
Voljski (Rusça), Rusya'nın güneybatı kesimindeki Volgograd Oblastı'nda şehir.	stative	zero copula	-	tr
Don't Close Your Eyes (Türkçe: Gözlerini kapatma), Max Jason Mai tarafından seslendirilen 2012 Euro Şarkı Yarışması'nda Slovakya'yı temsil eden şarkı.	stative	zero copula	-	tr
Lig kurallarına göre bir veya birden fazla ayaklı maçlarla, çeşitli formatlarla düzenlenmektedir.	stative	copula	düzenlenmektedir	tr
Gisèle Halimi (doğum adı: Zeiza Gisèle Élise Taïeb; 27 Temmuz 1927, Tunis, Tunus – 28 Temmuz 2020, Paris, Fransa), Tunuslu-Fransız hukukçu, feminist, siyasetçi ve deneme yazarı.	stative	zero copula	-	tr
Siyah-beyaz filmin başrollerinde Göksel Arsoy, Leyla Sayar ve Sunay Uslu var.	stative	“var” existence noun-verb	var	tr
Roanoke, Amerika Birleşik Devletleri'nin Alabama eyaletinde yer alan ve Randolph ilçesinde yer alan bir şehirdir.	stative	copula	şehirdir	tr
Amponville Fransa'nın Île-de-France bölgesine bağlı Seine-et-Marne ilinde bulunan bir komündür.	stative	copula	komündür	tr
Show TV'de yayınlanan, yapımcılığını Med Yapım'ın, yönetmenliğini Uğur Aksay'ın üstlendiği program, Seray Sever ve Kayra Şenocak'ın sunumuyla gerçekleşmiştir.	telic	narrative past copula	gerçekleşmiştir	tr
6%'sının ise de diğer halklardan oluştuğu tespit edilmiştir.	telic	passive narrative past copula	edilmiştir	tr
Interactive Entertainment tarafından yayınlanan bir dövüş oyunudur.	stative	copula	oyunudur	tr
Mustafa Kemal Atatürk, Milli Mücadele döneminde mahalleli Yasef Ruso'nun evinde konaklamış, daha sonra Makbule Atadan, Ali Çetinkaya, Tunalı Hilmi ve İhsan Sabri Çağlayangil gibi isimler de kentte kalacak otel olmaması dolayısıyla mahallede konaklamıştır.	telic	narrative past copula	konaklamış, konaklamıştır	tr
Ahbap çavuş kapitalizmi, yandaş kapitalizmi ya da eş dost kapitalizmi, bir iktisadi teşebbüsün başarısının iş adamlarıyla hükûmet arasındaki yakın ilişkilere bağlı olduğu, iş adamlarının işlerini, siyasal iktidar ve bürokratlarla olan ilişkilerine dayanarak yürüttüğü sistemi anlatan terimdir.	stative	copula	terimdir	tr
Edon - Sınıfa yeni gelen çocuk.	stative	noun phrase	-	tr
1947'de başlayıp 1983 yılına kadar sürdürdüğü oyunculuk kariyerinde 20 civarı yapımda rol almıştır.	stative	narrative past copula	almıştır	tr
São João da Pesqueira Portekiz'de aynı adı taşıyan São João da Pesqueira belediyesine bağlı olan, 50,74 km yüzölçümüne sahip, 1.989 nüfuslu (2001) bir bucaktır (Portekizce: freguesia).	stative	copula	bucaktır	tr
Bayırbaşı, Tokat ilinin Reşadiye ilçesine bağlı bir köydür.	stative	copula	köydür	tr
Marco Estrada (doğum 28 Mayıs 1983), Şili'li millî futbolcudur.	stative	copula	futbolcudur	tr
Stanisław Lem'in aynı adlı romanından uyarlanan yapımın yönetmenliğini Andrey Tarkovski üstlenmiştir.	stative	narrative past copula	üstlenmiştir	tr
Sayısız plak ve birçok albüm yayımladı.	telic	past	yayımladı	tr
Huawei Ascend 2 Çinli teknoloji üreticisi Huawei tarafından CES 2013 fuarı kapsamında Las Vegas, Amerika Birleşik Devletleri'nde tanıtılan akıllı telefon modeli.	stative	zero copula	-	tr
İstasyon, Erivan ve Batum arasındaki düzenli tren seferlerine hizmet vermektedir.	stative	copula	vermektedir	tr
2000 (iki bin), bir sayı.	stative	zero copula	-	tr
İzmit Anadolu Güzel Sanatlar Lisesi Resim Bölümü’nden 2005 yılında mezun oldu.	stative	past	oldu	tr
Meksika sınırına kadar onları rehin almaya karar verirler.	telic	aorist	verirler	tr
Monroe ilçesi veya Monroe County Amerika Birleşik Devletleri'nin Indiana eyaletinde yer alan bir ilçedir.	stative	copula	ilçedir	tr
Frankfort, ABD'ye bağlı Kentucky eyaletinin başkentidir.	stative	copula	başkentidir	tr
5 Haziran 2012 Salı günü, dizi final olmuştur ve ekranlara veda etmiştir.	telic	narrative past copula	etmiştir	tr
Okuma yazma oranının yüksekliğinin yanında mahallede yaklaşık yirmi ye yakın insanın bağlama çalması sanata yatkınlığının da göstergesidir.	stative	copula	göstergesidir	tr
4 Real Sociedad kulübü, Donostia CF adını almıştır.	telic	narrative past copula	almıştır	tr
Yedi Zirveler (ing. Seven Summits), her kıtadaki en yüksek dağın oluşturduğu grup.	stative	zero copula	-	tr
Louvain Üniversitesi'nde gökbilim okudu ve daha sonra aynı üniversiteye gökbilim profesörü olarak atandı.	telic	passive past	atandı	tr
Pierre Mauroy (5 Temmuz 1928, Cartignies, Nord - 7 Haziran 2013, Clamart, Hauts-de-Seine), Fransa eski başbakanı.	stative	zero copula	-	tr
Jorge Molina Vidal (d. 22 Nisan 1982), İspanyol futbolcudur.	stative	copula	futbolcudur	tr
1994-2003 arasında Stuttgart ve Bayern Münih'te oynarken Elber kariyerinde yükselmeye başladı ve Alman kulüplerinde 250'den fazla maça çıkarak ve 130'un üstünde gol attı.	telic	past	attı	tr
İlçe ülkenin kuzeybatısında yer almaktadır.	stative	copula	almaktadır	tr
261'i erkek, 167'si kadın toplam 428 Türk sporcu oyunlarda yer aldı.	telic	past	aldı	tr
İlk eşi soylu bir aileden gelen Asiye Hanım idi.	telic	past copula	idi	tr
Komünün nüfusu 1 Ocak 2018 tarihi itibarıyla 9,977'dir.	stative	copula	9,977’dir	tr
Belediye Başkanlığı Michael Koch tarafından yürütülmektedir.	stative	copula	yürütülmektedir	tr
Gölbaşı, Sivas ilinin Zara ilçesine bağlı bir köydür.	stative	copula	köydür	tr
İlin nüfusu 2010 yılı itibarıyla 183,641'dir.	stative	copula	183,641’dir	tr
Düşsel Varlıklar Kitabı, Arjantinli yazar Jorge Luis Borges'in Margarita Guerrero ile birlikte yazdığı, ilk kez 1957'de yayımlanan kitap.	stative	zero copula	-	tr
NGC 5175, Yeni Genel Katalog'da yer alan bir yıldızdır.	stative	copula	yıldızdır	tr
Bu genellikle cinsel saldırı korkusu ile ilişkilendirilir.	atelic	passive aorist	ilişkilendirilir	tr
Grup arkadaşları Ginger Fish ve Chris Vrenna'nın yanında eski gitaristi Twiggy Ramirez'i de yanına alarak albüm için çalışmaya başladı.	telic	past	başladı	tr
Ulusal İdare Okulu'nu bitirmiştir.	telic	narrative past copula	bitirmiştir	tr
Karayiplerdeki Dünya Mirasları listesi.	stative	noun phrase	-	tr
Weimar'daki Lotte adlı filmi 1975'teki Cannes Film Festivali'nde Altın Palmiye'a aday gösterildi.	telic	passive past	gösterildi	tr
Aralık 2009'da, yakınlardaki Forward Operating Base Chapman (FOB Chapman)'da intihar saldırısı meydana geldi ve yedi CIA çalışanı öldürüldü.	telic	passive past	öldürüldü	tr
Egemenlik , İzmir'in Bornova ilçesine bağlı bir mahalledir.	stative	copula	mahalledir	tr
Kutsal Roma Cermen İmparatoru Friedrich Barbarossa, 3. Haçlı Seferi'nde ordusu ile Filistin'e giderken, 10 Haziran 1190 günü Ekşiler Köyü yakınlarında Göksu Irmağı'nda boğulmuştur.	telic	passive narrative past copula	boğulmuştur	tr
Mardin Kalesi, Mardin'de bir kaledir.	stative	copula	kaledir	tr
İki adet köşegeni vardır.	atelic	copula	vardır	tr
Kendisi Sultanzade Prens Asım bin Naif ile Firuze Vokshouri`nin kızıdır.	stative	copula	kızıdır	tr
Kronotipteki iki uç nokta akşamcıl ve sabahçıl uyku periyodlarıdır.	stative	copula	periyodlarıdır	tr
Büyük ihtimalle Jötunheimr'de bulunan Utgard'da oturur.	atelic	aorist	oturur	tr
Mahallede bulunan mezarların genişliği eskiden büyük yerleşime sahip olduğunu göstermektedir.	stative	copula	göstermektedir	tr
Avrupa kariyeri sonunda Kuffour ülkesine dönmüştür ve bir Gana takımı olan Asante Kotokoda forma giymiştir.	telic	narrative past copula	giymiştir	tr
Sanayide yanma ve patlama gibi tehlikelere karşı ortamın riskli hale gelmeden durağanlaştırılması anlamında kullanılmaktadır.	stative	copula	kullanılmaktadır	tr
José Guimarães Dirceu (d. 15 Haziran 1952), Brezilyalı millî futbolcudur.	stative	copula	futbolcudur	tr
"Madonna'nın müzik videoları ""Express Yourself (1989) ve ""Human Nature"" (1995) gibi videolarından esinlenmiştir."	telic	narrative past copula	esinlenmiştir	tr
Katil Dans, Çilekeş grubunun 15 Nisan 2008'da yayınladığı ikinci stüdyo albümü.	stative	zero copula	-	tr
LaFee (d. 9 Aralık 1990), asıl adı Christina Klein olan ama sanat dünyasında LaFee adını kullanan pop-rock müzik şarkıcısı ve söz yazarıdır.	stative	copula	yazarıdır	tr
"Aralarında bu tür bir ilişki bulunan kişiler birbirlerini ""kıymetli"" ve ""partner"" olarak da tanımlamaktadırlar."	atelic	copula	tanımlamaktadırlar	tr
2017 yılında Litvanya Kupası'nda ve Litvanya Basketbol Ligi'nde en değerli oyuncu (MVP) seçildi.	telic	passive past	seçildi	tr
Millî Eğitim Bakanı Hüseyin Çelik, baskılara rağmen öğretmenleri görevlerine iade etmeyi reddetti.	telic	past	reddetti	tr
Vandœuvre-lès-Nancy Fransa'nın Grand Est bölgesine bağlı Meurthe-et-Moselle ilinde bulunan bir komündür.	stative	copula	komündür	tr
2009 Akdeniz Oyunları'nda tenis mücadeleleri 28 Haziran-3 Temmuz tarihleri arasında Pescara'da yapıldı.	telic	passive past	yapıldı	tr
1950 yılında, ilk endüstriyel tesis Via Cesare Battisti'de 5.00 m alana inşa edildi.	telic	passive past	edildi	tr
Uçak 500 metre irrtifada (1640 ft) perdövitese girdi.	telic	past	girdi	tr
My Choice/The Evil that Men Do, senfonik metal grubu After Forever'ın Exordium EP'sinden çıkan ilk ve son teklisidir.	stative	copula	teklisidir	tr
Phörpa, yönetmenliğini ve senaristliğini Khyentse Norbu'nun üstlendiği, komedi türündeki 1999 yapımı Avustralya-Bhutan filmi.	stative	zero copula	-	tr
İstanbul Hukuk Fakültesi'ni bitirdi.	telic	causative past	bitirdi	tr
Bu Aktive edici sinyal 1'dir.	stative	copula	1’dir	tr
Daha sonra Güney Kore takımı Seoul SK Knights'da devam etti.	telic	past	etti	tr
Natalia Linichuk (Rusça; 6 Şubat 1956, Moskova) Partneri Gennadi Karponossov ile birlikte 1978 1979 Dünya Şampiyonasında ve 1980 Kış Olimpiyatlarında şampiyon olmuştur.	stative	narrative past copula	olmuştur	tr
Bu sayfada İslam diniyle ilgili tüm maddelerin dizin halinde gösterilmesi amaçlanmıştır.	stative	narrative past copula	amaçlanmıştır	tr
Pentium M ile rekabet etmek için tasarlanmıştır.	atelic	narrative past copula	tasarlanmıştır	tr
EuroCrypt, analog uydu yayınlarını şifrelemekte kullanılan bir koşullu erişim sistemidir.	stative	copula	sistemidir	tr
Abovyan Sokağı Erivan'ın en eski sokaklarındandır ve güneyindeki Cumhuriyet Meydanı'nı, kuzeyindeki Aboyvan trafik adası'na bağlar.	atelic	aorist	bağlar	tr
1979-1980 yılları arasında Çekoslovakya'daki Merkezi Güçler Grubunun komutanı olarak görev yaptı.	telic	past	yaptı	tr
NGC 7105, Yeni Genel Katalog'da yer alan bir galaksidir.	stative	copula	galaksidir	tr
Böğürtlen, Eskişehir ilinin Sivrihisar ilçesine bağlı bir mahalledir.	stative	copula	mahalledir	tr
Antonio Marchesano (7 Kasım 1930 -24 Ocak 2019), Uruguaylı siyasetçi ve avukattır.	stative	copula	avukattır	tr
Kanal havuzunun doğusuna, 2004 yılında, 350 yoluna geçiş sağlayabilmesi için, köprüye modern inşaat olarak Yeni Semington Su Kemeri yapılmıştır.	telic	narrative past copula	yapılmıştır	tr
Villus ince bağırsağın iç yüzey alanını genişleterek daha fazla maddenin emilimini mümkün kılar.	atelic	aorist	kılar	tr
"USSA tarafından ""Yılın En İyi Kadın Atleti"" Ödülü."	stative	noun phrase	-	tr
Alevilik konusunda ve mesleki nitelikte çok sayıda yayınlanmış makaleleri bulunan Müslüm Doğan, Alevilik üzerine yaptığı çalışmalarla da tanınıyordu.	stative	passive progressive past	tanınıyordu	tr
İzmir ilk defa bu kadar uzun süre Süper Lig'den ayrı kalmıştı.	telic	narrative past copula	kalmıştı	tr
İlçenin merkezi Albany şehridir.	stative	copula	şehridir	tr
Kiddo sinirlenmesine rağmen karşılık vermeye cesaret edemez.	atelic	impossible	edemez	tr
Ford Transit Courier, Ford tarafından 2014 yılından bu yana üretilen bir LAV modelidir.	stative	copula	modelidir	tr
Oyuncu kardeşi Özge Özberk ile birlikte Özgür Yapımlar adlı firmayı kurmuştur.	telic	narrative past copula	kurmuştur	tr
Şehrin nüfusu 26 Kasım 2009 tarihinde yapılan nüfus sayımına göre şehrin nüfusunun 18,423 olduğu tespit edilmiştir.	stative	passive narrative past copula	edilmiştir	tr
Erkekler ve kadınlarda altışar olmak üzere toplam 12 ağırlık kategorisinde madalya dağıtıldı.	telic	passive past	dağıtıldı	tr
Hacettepe Üniversitesi Ankara Devlet Konservatuvarı Müzikoloji Bölümü'nün kurucularınndandır; bu kurumda Fazıl Say, Muhiddin Dürrüoğlu-Demiriz, Toros Can gibi solist ve bestecileri yetiştirmiştir.	telic	narrative past copula	yetiştirmiştir	tr
Zaira Wasim (d. 23 Ekim 2000), Hint televizyon çocuk oyuncusu.	stative	zero copula	-	tr
isimli ilk video oyununda seçilebilen üç karakterden birisiydi.	stative	past copula	birisiydi	tr
İnsanlarda hastalık yapan tek siliattır.	stative	copula	siliattır	tr
Aysen bölgesi senatörü olan isim, 12 Mart 2008-13 Mart 2009 tarihleri arasında Şili Senatosu Başkanı olarak görev yaptı.	telic	past	yaptı	tr
Bugün, İngiltere ve Amerika’da Gelenekçi Masonluk, Kıta Avrupası’nda ise Özgür Masonluk ağırlıklı olarak varlığını sürdürmektedir.	atelic	copula	sürdürmektedir	tr
Fransa’dan alınan patente ek olarak Belçika, Lüksemburg ve Yunanistan’dan da patent alınmıştır.	stative	passive narrative past copula	alınmıştır	tr
Süslemeler genellikle boya şemaları ve çıkartmalar içerir.	atelic	aorist	içerir	tr
Ekmek Teknesi, Kurtlar Vadisi, Kurtlar Vadisi Terör, Eşref Saati, Kurtlar Vadisi Pusu ve Reaksiyon dizilerinin senaristliğini yapmıştır.	telic	narrative past copula	yapmıştır	tr
Tarihçi, tarihle, geçmişe ilişkin olayları yer ve zaman göstererek ve sebep-sonuç ilişkisine bağlı sistemli bilgilerle uğraşan kişilere denir.	stative	aorist	denir	tr
1945'te Almanya'ya dönerek, Sovyet işgali altındaki bölgede SPD ile KPD'nin birleşmesiyle oluşan Almanya Sosyalist Birlik Partisinin (SED) başkanlığına getirildi.	telic	passive past	getirildi	tr
Tüfek kategorilerinde yarışmaktadır.	telic	copula	yarışmaktadır	tr
Zittau, Almanya'nın Saksonya eyaletinde yer alan bir şehirdir.	stative	copula	şehirdir	tr
Perry'nin savaş gemilerine direnecek askeri güce sahip olmadıklarını gören Japonlar, ABD gemilerinin Şimoda ve Hakodate limanlarına giriş ve çıkışlarını serbest bıraktılar.	atelic	past	bıraktılar	tr
Mirror, Lil Wayne'in, Bruno Mars ile birlikte seslendirdiği bir şarkı.	stative	zero copula	-	tr
Kaliforniya Üniversitesi, Berkeley, Kaliforniya'da yer alan araştırma üniversitesidir.	stative	copula	üniversitedir	tr
Lev Alburt (d. 21 Ağustos 1945) şu anda ABD’de yaşayan ve satranç eğitimi veren eski Sovyet Büyük Ustası.	stative	zero copula	-	tr
Dışişleri Bakanlığı'nda görevler üstlenmiş, ayrıca Devlet Bakanı ve Başbakan yardımcısı Erdal İnönü'nün danışmanlığını üstlenmiştir.	stative	narrative past copula	üstlenmiştir	tr
Romãs Portekiz'de Sátão belediyesine bağlı olan, 33,74 2 yüzölçümüne sahip, 1.09 nüfuslu (2001) bir bucaktır (Portekizce: freguesia).	stative	copula	bucaktır	tr
Halvetiyye tarikatının ikinci kurucusudur.	stative	copula	kurucusudur	tr
2019-20 sezonu öncesinde gerçekleşen olağan genel kurulda mevcut başkan Adil Gevrek tekrar başkanlık görevine seçildi.	telic	passive past	seçildi	tr
Görevi sırasında, 2 Eylül 1666 tarihinde bir gece yarısı Thomas Farrynor adlı bir kişinin fırın dükkânında bir yangın çıktı.	telic	past	çıktı	tr
Şehristanın 2006 yılı toplam nüfusu 7.36 olup, yönetim merkezi Gavbandi şehridir.	stative	copula	şehridir	tr
Santa Catarina Portekiz'de Vagos belediyesine bağlı olan, 6,85 2 yüzölçümüne sahip, 1.706 nüfuslu (2001) bir bucaktır (Portekizce: freguesia).	stative	copula	bucaktır	tr
Yapılan kazılarda Kalmar'ın bulunduğu bölgede Taş Devri döneminden kalma mezarlara rastlanmıştır.	telic	passive narrative past copula	rastlanmıştır	tr
Ta ki Bacalar Köşkü’nde işlenen cinayet, bilinmezler düğümünün çözülmesini sağlayan ipucunu verene kadar.	stative	noun phrase	-	tr
Trokofora larvaları görülür.	atelic	passive aorist	görülür	tr
Şehrin nüfusu 2010 sayımına göre 42,598'dir.	stative	copula	42,598’dir	tr
Damarlanma tali (ikincil) loblara göre şekillenir.	atelic	passive aorist	şekillenir	tr
Earth 2 adlı bilimkurgu televizyon dizisinin senaristlerinden ve yaratıcılarından biridir.	stative	copula	biridir	tr
TRT Yönetim Kurulu üyeliği, 1960-1962 yılları arasında İstanbul Gazeteciler Sendikası Yönetim Kurulu üyeliği, 1961-1963 arası Basın Şeref Divanı üyeliği, 1978-1986 arasında Türkiye Yazarlar Sendikası Yönetim Kurulu üyeliği yaptı.	telic	past	yaptı	tr
2002 Afrika Uluslar Kupası 23. kez Mali'de düzenlenen Afrika Uluslar Kupası'dır.	stative	copula	Kupası’dır	tr
Yernes y Tameza, İspanya'nın 17 otonom bölgesinden kuzeyde, Cantabrian Denizi'ne kıyısı bulunan, içinde İspanya Krallığı'nın da bulunduğu Asturias Prensliği'ne bağlı belediye.	stative	zero copula	-	tr
Cevizli, Erzurum ilinin Uzundere ilçesine bağlı bir mahalledir.	stative	copula	mahalledir	tr
İran'nın Bargh Şiraz takımının maçlarını yaptığı stadyum, 20.00 seyirci kapasitelidir.	stative	copula	kapasitelidir	tr
Bölüm öğrencileri son iki yarıyılda eğitimlerini enerji alanı veya konstrüksiyon ve imalat alanından birisini tercih ederek ilgi duydukları alanda yeterlilik kazanma fırsatına sahiptirler.	stative	copula	sahiptirler	tr
Sebep oldukları hastalığın adı balantidiasis'dir.	stative	copula	balantidiasis’dir	tr
Albümdeki konuk sanatçılar Nate Dogg, Rick Rock, Swizz Beatz, Slick Rick, Wiz Khalifa, Russ, YG, Trey Songz, Chris Brown, Jermaine Dupri, RJ, Mustard, Slim Jxmmi, Stressmatic, DJ Bazttlecat, Lil Duval, Anitta şeklindedir.	stative	copula	şeklindedir	tr
Türkiye'nin en eski holdinglerinden biri olan şirketin merkezi Bursa'da bulunmakta ve temelleri 1946 senesinde Doğru Gazetesi'nin kuruluşuna dayanmaktadır.	stative	copula	dayanmaktadır	tr
1955 Akdeniz Oyunları'nda bisiklet mücadeleleri Barselona'da yapıldı.	telic	passive past	yapıldı	tr
Bazı duvar resimleri daha sonra duvara yapıştırılmış büyük tuvallerde boyanmaktadır.	stative	copula	boyanmaktadır	tr
1987'de sinemaya geçerek Elm Sokağı Kabusu 3 (1987) ve The Crush (1993) adlı fimlerle adından söz ettirdi.	atelic	causative past	ettirdi	tr
İngiliz astronom John Herschel tarafından 1828 yılında 47,5 cm (18,7 inç) çaplı aynalı tip bir teleskopla keşfedilmiştir.	telic	passive narrative past copula	keşfedilmiştir	tr
Lakewood ABD'nin Colorado eyaletine bağlı Jefferson ilçesinde bulunan bir şehirdir.	stative	copula	şehirdir	tr
Mehmet, İslam peygamberi olan Muhammed'in adından türemiş Türkçe bir erkek adıdır.	stative	copula	adıdır	tr
"Øyvind Johan ""Mustis"" Mustaparta (d. 10 Eylül 1979) senfonik black metal grubu Dimmu Borgir ile adından söz ettiren Norveçli klavyeci."	stative	zero copula	-	tr
Kemal Çelik, Türk ressam, arkeolog.	stative	zero copula	-	tr
Orta saha pozisyonunda görev almakta olup, Ligue 1 ekiplerinden Olympique de Marseille'de forma giymektedir.	stative	copula	giymektedir	tr
1984-85 FA Cup, Football Association Challenge Kupası'nın 104. sezonudur.	stative	copula	sezonudur	tr
Uzun süre İzmir toplu taşıma ağının merkezi oldu ve çirkin bir görünüm aldı.	telic	past	aldı	tr
"Honey Lee, 2006 yılında ülkesinde düzenlenen ulusal güzellik yarışmasında ""Miss Kore"" seçilmiştir."	telic	passive narrative past copula	seçilmiştir	tr
Böylece 1820 yılından beri ilk defa bir parti üç dönem üst üste seçim kazanmış oldu.	telic	past	oldu	tr
Kozmik ışın ile ilgili bir çalışmayı yönetmek için Eritre’ye gitti ve çalışmayı batıdan gelen ışınların doğudan gelenlere göre daha geniş olduğunu gösterdi.	telic	past	gösterdi	tr
Yağlı sac üzerinde kızartılarak yapılır.	atelic	passive aorist	yapılır	tr
"Android 11, menteşeli ekranlara (katlanabilir akıllı telefonlar gibi) ve ultra kavisli ""şelale"" ekranlara sahip cihazları desteklemek için de yeni API'ler verir."	atelic	aorist	verir	tr
Cihazın sıcaklığını izlemek ve uygulama işlemlerini buna göre ayarlamak için yeni bir API kullanılabilir.	atelic	passive abilitative aorist	kullanılabilir	tr
1967 yılında sinemaya adım attı.	telic	past	attı	tr
Geliştirdiği dünyaca ünlü Tetris oyunuyla bilinir.	stative	passive aorist	bilinir	tr
Türkmenistan başbakanları listesi, Türkmenistan'da 1925-1992 yılları arasında görev yapan en yüksek ikinci siyasi makamdı.	stative	past copula	makamdı	tr
1 olacaktır.	telic	future copula	olacaktır	tr
Clark Air Force Base, Angeles City, Pampanga, Filipinler'de doğmuştur.	telic	narrative past copula	doğmuştur	tr
İngiltere Kralı VIII. Henry, antlaşmanın İngiltere'de imzalanması talebinin reddedilmesi üzerine katılmayı reddetti.	telic	past	reddetti	tr
Gökyüzünde Herkül takımyıldızı yönünde bulunur.	atelic	passive aorist	bulunur	tr
Bu sistemlerin bazı ülkelerde oyuncuya fikir vermenin de ötesine geçtiği görülmektedir.	stative	copula	görülmektedir	tr
73 (yetmiş üç), bir sayı.	stative	zero copula	-	tr
Jamie'nin dul Laoghaire ile evlendiğini keşfeder.	telic	aorist	keşfeder	tr
Onun başlıca girişiminin Ksenophanes'in, değişen görüntüler ardındaki değişmeyen varlık düşüncesini temellendirmek yönünde olduğunu söyleyebiliriz.	atelic	abilitative aorist	söyleyebiliriz	tr
Haftada bir ABD'nin çeşitli şehirlerinde Cuma-Pazar arası çeşitli saatlerde televizyon şovları ve yılda birkaç kere yayınlanan pay-per-view şovları vardır.	atelic	copula	vardır	tr
Kendi bulundukları devlet içinde ya da bölgelerinde bulunan kentleri gelecekteki oyunlar için aday gösterebilirler.	telic	abilitative aorist	gösterebilirler	tr
2006 yılında Ordizia'da dilbilimi, Latin edebiyatı ve felsefe konularında eğitim veren bir ortaokulda çalışmaya başladı.	telic	past	başladı	tr
New Jersey'deki günlük gazeteler arasında en çok tiraja sahip ikinci gazetedir, en çok tiraja ise The Star-Ledger gazetesi sahiptir.	stative	copula	sahiptir	tr
D'Or, yarışma tarihinde ilk defa gerçekleştirilen yarı finalde 57 puan toplayarak on birinci geldi ve yarı finalde ilk ona giremediği için yarışma kuralları gereği finale yükselemedi.	telic	negative abilitative past	yükselemedi	tr
Nehrin kıyısındaki önemli yerleşim yerleri Rubtsovsk ve Aleysk'tir.	stative	copula	Aleysk’tir	tr
Bu oyuncuların bazıları kulübünün yedek takımı için oynadığını lütfen unutmayın.	atelic	negative reflexive	unutmayın	tr
Klasik örnek bir simetrik uzay'ın Lie cebridir.	stative	copula	cebridir	tr
Dolganların kendilerine verdikleri diğer isim olan Tığa Kihi (Orman Kişi), ormanda yaşayan anlamına gelmektedir.	atelic	copula	gelmektedir	tr
Albümün kendisi ise 17 Mayıs 2010'da yayınlandı.	telic	passive past	yayınlandı	tr
Dutluca, Bursa ilinin Orhangazi ilçesine bağlı bir mahalle.	stative	zero copula	-	tr
Yıllar sonra büyüdüğü yer olan Antalya'ya geri dönme kararı almıştır.	telic	narrative past copula	almıştır	tr
Süleymanlı, Denizli'nin Buldan ilçesine bağlı bir mahalle.	stative	zero copula	-	tr
İncilli, Sakarya ilinin Karasu ilçesine bağlı bir mahalledir.	stative	copula	mahalledir	tr
Ertesi gün Sokollu aynı şekilde şehit edilmiştir.	telic	passive narrative past copula	edilmiştir	tr
Türkiye U-23 mill takımı, ilk kez 2007 yılında Polonya'ya karşı oynanan hazırlık maçına çıktı.	telic	past	çıktı	tr
100% te ljubam (Makedon Kirilcesi: 100% sto po sto te ljubam; (Türkçe: %100 seni seviyorum), 2000 Euro Şarkı Yarışması'nda Makedonya Cumhuriyeti'nin temsilcisi XXL tarafından seslendirilen şarkıdır.	stative	copula	şarkıdır	tr
Arnavutluk 2008 Euro Şarkı Yarışması temsilcisini seçmek için 16 Aralık 2007'de Festivali I Këngës adı verilen ulusal bir yarışma düzenledi.	telic	past	düzenledi	tr
Várzea dos Cavaleiros Portekiz'de Sertã belediyesine bağlı olan, 32,88 km yüzölçümüne sahip, 968 nüfuslu (2001) bir bucaktır (Portekizce: freguesia).	stative	copula	bucaktır	tr
Önce kızlar bu tura devam etti, sonra Dangerous and Moving Promo Tour kapsamında uzun bir tura başladılar.	telic	past	başladılar	tr
1671'de ise Lecce'ye geçti.	telic	past	geçti	tr
Jander Ribeiro Santana (d. 8 Temmuz 1988), Brezilyalı futbolcudur.	stative	copula	futbolcudur	tr
Başka bir elektronik enstrüman ise Ondes Martenot'tur.	stative	copula	Martenot’tur	tr
2009-2011 yılları arasında İçişleri Bakanlığı görevini ifa etmiş, 2015 seçimlerinin ardından ise Çevre Bakanı olmuştur.	telic	narrative past copula	olmuştur	tr
Gökyüzünde Kuğu takımyıldızı yönünde bulunur.	atelic	passive aorist	bulunur	tr
(İngilizce: Laggies veya Birleşik Krallık'ta yayınlanan adıyla Say When) 2014 yılında vizyona giren ABD yapımı romantik komedi filmi.	stative	zero copula	-	tr
Bu ilde çok kesif yoğunlukta ve çok sayıda nüfusu olan büyük şehirsel yerleşkelerin bulunması ile gayet açıkça görülebilmektedir.	atelic	copula	görülebilmektedir	tr
Motion Picture Directors Association (Türkçe: Film Yönetmenleri Birliği) 26 film yönetmenin katılımı ile Los Angeles'ta kuruldu.	telic	passive past	kuruldu	tr
Mayıs ve Haziran aylarında yapılan Petrograd bölge konseylerinde grup Bolşeviklerle ittifak yapar.	telic	aorist	yapar	tr
Aomori, resmî olarak 1 Nisan 1898 tarihinde kurulmuş olup 1 Ekim 2006 tarihinde çekirdek şehir statüsü almıştır.	telic	narrative past copula	almıştır	tr
İlk sayısı Japonya'nın teslimiyetinden 11 ay sonra 1946 Temmuz'unda yayınlandı.	telic	past	yayınladı	tr
Mancılık, Şahbat, Kadiroğlu, Hacınazif, Kuytulu olmak üzere 5 mahalleden oluşur.	atelic	aorist	oluşur	tr
Yayınların şifrelemesinde NDS Videoguard şifreleme sistemini kullanır.	atelic	aorist	kullanır	tr
36. doğu meridyeni ile 144. batı meridyen birbirlerini tamamlayarak büyük bir daire oluştururlar.	atelic	aorist	oluştururlar	tr
5 vezikül döneminde diensefalon ve telensefalona ayrılır.	atelic	passive aorist	ayrılır	tr
17,73 km yüzölçüme sahiptir.	stative	copula	sahiptir	tr
Kasabanın nüfusu 2015 yılı itibarıyla 5,536'dır.	stative	copula	5,536’dır	tr
Gottfried Dienst (d. 9 Eylül 1919 - ö. 1 Haziran 1998), İsviçreli futbol hakemi.	stative	zero copula	-	tr
Fleetwood Town FC, İngiltere'nin Fleetwood kasabasında bulunan profesyonel futbol kulübüdür.	stative	copula	kulübüdür	tr
Yaklaşık 1.13 m olan sıçrama yüksekliğiyle tanınır.	stative	passive aorist	tanınır	tr
Ayrıca İbranice İncil üzerine feminist yorumlar yaptı.	telic	past	yaptı	tr
Voroneţ Manastırı, günümüz Gura Humorului kasabasının bir parçası olan Rumen köyü Voroneţ köyünde bulunan bir Orta Çağ manastırıdır.	stative	copula	manastırıdır	tr
Jake ve Blake, Disney Channel'da yayınlanan Arjantin yapımı bir sitcomdur.	stative	copula	sitcomdur	tr
Yeni albümde yer alan şarkıların düzenlemelerini, bir önceki çalışmada olduğu gibi yine Ozan Çolakoğlu hazırladı.	telic	past	hazırladı	tr
2011 NBA Seçmeleri'ne katılmış, ancak seçilememiştir.	telic	negative abilitative narrative past copula	seçilememiştir	tr
Genel olarak Antik Çağ'daki ilkel insanların yüksek bir medeniyete ve bilgi düzeyine sahip dünya dışı varlıklar tarafından ziyaret edildiğine dair hipotezleri ve bunların delillendirilmesini içermektedir.	stative	copula	içermektedir	tr
Bunu sadece Tanrının aşkı ve Havarinin onuru için yapıyorum.	telic	progressive	yapıyorum	tr
Zaman içinde iki ayakla yürümeye başlayıp insan zekasına sahip oldu.	telic	past	oldu	tr
Warehouse Management System (Depo Yönetim Sistemi) olan yönetim bilişim sisteminin genel adıdır.	stative	copula	adıdır	tr
Saldırıyı herhangi bir kişi veya grup üstlenmedi.	stative	negative past	üstlenmedi	tr
1987 yılında Ankara Üniversitesi Siyasal Bilgiler Fakültesi Kamu Yönetimi Bölümünden mezun oldu.	telic	past	oldu	tr
Ulus Ankara'nın Altındağ ilçesinde bulunan şehirdeki en eski ve Çankaya-Esenboğa yolunda (protokol yolu) güzergahında yer alan tarihi bir semttir.	stative	copula	semttir	tr
Hırvatistan'ın Sırp Dil ve Edebiyat Kurumu (Sırpça: Društvo za srpski jezik i književnost u Hrvatskoj; Hırvatça: Društvo za srpski jezik i književnost u Hrvatskoj) bir Vukovar'dan sivil toplum kuruluşu.	stative	zero copula	-	tr
Amerikalı takımlar ilk dört sırada yer alarak, madalyaların sahibi oldu.	stative	past	oldu	tr
Günümüzde firmalar tanıtıma ayırdıkları rakamları kıstıkça farkında olmadan piyasalarını rakip firmalara kaptırmaktadırlar.	stative	copula	kaptırmaktadırlar	tr
ayrıca hat güzergâhı içindeki mayınlar ve patlamamış bombalar önemli sorun kaynağı olmuştur.	stative	narrative past copula	olmuştur	tr
Şehrin nüfusu 13 Ocak 2010 tarihi itibarıyla 3,116'dır.	stative	copula	3,116’dır	tr
Tesbihat'dan sonra dua edilir.	atelic	aorist	edilir	tr
Anna Korakaki (Modern Yunanca:  ; d. 8 Nisan 1996, Drama), Yunan atıcı.	stative	zero copula	-	tr
Enka sporcusudur.	stative	copula	sporcusudur	tr
Bayramlı, Samsun ilinin Çarşamba ilçesine bağlı bir mahalledir.	stative	copula	mahalledir	tr
"Mezun olduğu Fakültede İslâm Hukuku dalında ""İslâm'da Sosyal Güvenlik"" adlı teziyle 1985'te doktor oldu."	stative	past	oldu	tr
2001 Euro Şarkı Yarışması'nda İzlanda'yı temsil etmiş, yarışmada 3 puanla 22. olmuştur.	telic	narrative past copula	olmuştur	tr
Bir konserinde orkestrasız 3 saat boyunca doğaçlama acapella performans tir. İbrahimova lenf kanseri sonucu vefat eden CHP Bursa Milletvekili Ali Dinçer'in eşidir.	stative	copula	eşidir	tr
Macaristan’da 1985 yılında Macarca olarak yayımlanmıştır.	telic	passive narrative past copula	yayımlanmıştır	tr
Yine bu dönemde MIPS 4000 platformu için ilk GCC derleyicisini yazdı.	telic	past	yazdı	tr
"Arlington'da 1972'den itibaren günümüzde Texas Rangers ismini taşıyan önemli ""Amerikan Lig""'de oynayan beyzbol kulübüne ait ""Rangers Ballpark""'da ve ""Dallas Cowboys ismini taşıyan profesyonel önemli NFL liginde oynayan Amerikan futbolu takımı ""AT&T Stadyumu (eskiden Cowboys Stadyum)"" adli büyük (80,000 kişisi oturarak toplam 105,000 kişi seyirci için) kapalı stadyumda yerleşik bulunmaktadırlar."	stative	copula	bulunmaktadırlar	tr
Yedi yaşından itibaren vokal eğitimi almaya başladı ve yerel gençlik korosu ile festivallere katıldı, okullarda ve gösterilerde solo performanslar sergiledi.	telic	past	sergiledi	tr
Ömer Dedeoğlu, Türk siyasetçi.	stative	zero copula	-	tr
2010 yılında Belçika Temsilciler Meclisi'ne ildi.Parlamentodaki çalışmalarına ek olarak, Van Vaerenbergh 2010'dan beri Belçika Avrupa Konseyi Parlamenterler Meclisi (PACE) heyetine üyedir.	stative	copula	üyedir	tr
Özel Yükseliş Koleji mezunudur.	stative	copula	mezunudur	tr
Acı ve tatlı sularda yaşayan Antennarius biocellatus gibi bir istisna dışında, deniz sularında, çoğunlukla da derin denizlerde yaşarlar.	atelic	aorist	yaşarlar	tr
Arahtos Nehri (Modern Yunanca), Yunanistan'ın Epir bölgesinde bulunan bir nehirdir.	stative	copula	nehirdir	tr
Klibin bazı kısımları Londra, Berlin ve Paris gibi Avrupa'nın öne çıkan şehirleri'nde çekilmiştir.	telic	passive narrative past copula	çekilmiştir	tr
Velcro'nun Tarih Bölümü.	stative	noun phrase	-	tr
Küçükgüney, Manisa ilinin Soma ilçesine bağlı bir mahalledir.	stative	copula	mahalledir	tr
Eğer iki atom, bu çekme kuvvetinin tesiri ile birbirine çok fazla yaklaşırsa bu defa birbirlerini itmeye başlarlar.	atelic	aorist	başlarlar	tr
Yürütme hareketi, sadece bu hareketin eksenindeki düzlemlerin görüntülerini okuyacak şekilde uygulanır.	stative	passive aorist	uygulanır	tr
Köyün yerleşiminin bulunduğu yerde bir kuyu olduğu bu kuyunun da suyunun bulunmadığı isminin buradan geldiği rivayet edilmektedir.	atelic	copula	edilmektedir	tr
Meydana gelen glikoprotein sonra Golgi aygıtına taşınır, orada bazı mannoz kalıntılarının da çıkartılması mümkündür.	stative	copula	mümkündür	tr
1973 yılında genelkurmay başkanı oldu.	stative	past	oldu	tr
Büyükşehir yasasından önce köy statüsünde iken ,şimdi Nazilli'nin bir mahallesidir.	stative	copula	mahallesidir	tr
Kendisi daha çok rol aldığı dram tarzında filmlerle tanındı.	telic	passive past	tanındı	tr
Giovanni Antonio Dosio (d.1533 – ö.1611) İtalyan heykeltıraş.	stative	zero copula	-	tr
Kitap, 18 adet şiirden oluşmaktadır.	atelic	copula	oluşmaktadır	tr
Çerçili, Kocaeli ilinin Kandıra ilçesine bağlı bir mahalledir.	stative	copula	mahalledir	tr
Profesyonel kariyerine 2006 yılında Dinamo Zagreb kulübünde başladı.	telic	past	başladı	tr
Küçük Japon köstebeği (Mogera imaizumii), köstebekgiller (Talpidae) familyasından bir böcekçil memeli hayvan türü.	stative	zero copula	-	tr
1.93 boyundaki oyuncu şutör gard pozisyonunda oynamaktadır.	atelic	copula	oynamaktadır	tr
Özgün adı Die Hard olan film, John McTiernan tarafından yönetilmiştir.	telic	narrative past copula	yönetilmiştir	tr
Bu üç azınlık Kıbrıs Temsilciler Meclisi'nde temsilci bulundurma hakkına sahiptirler.Kıbrıs Türklerinin bu kapsama girip girmeyeceği tartışma konusudur.	stative	copula	konusudur	tr
Almir Moraes Andrade (d. 11 Mayıs 1973), Brezilyalı eski futbolcudur.	stative	copula	futbolcudur	tr
Kırmızı, yeşil ve beyaz renklere sahip takım, 2012-13 sezonunda İstanbul 2. Amatör Küme'de mücadele etmektedir.	telic	copula	etmektedir	tr
Kızıl butlu atmaca (Accipiter erythropus), atmacagiller (Accipitridae) familyasından yırtıcı bir kuş türü.	stative	zero copula	-	tr
18, Sergey Rahmaninov'un 1901 yılının Nisan ayında tamamladığı orkestra ve piyano için bestelediği ünlü konçertosu.	stative	zero copula	-	tr
2011 yılında, 19 yaşındayken Azerbaycan Cumhuriyeti Spor Ustası adını kazandı.	telic	past	kazandı	tr
Merkezi Zaamin şehridir.	stative	copula	şehridir	tr
Cıva madeninde yer alan mağazalar ve altyapı ile birlikte madencilerin yaşadığı mahalle ve madencilerin tiyatrosu dikkat çekicidir.	stative	copula	çekicidir	tr
Ezio'nun kız kardeşi.	stative	noun phrase	-	tr
Marcel Iureş (d. 2 Ağustos 1951, Băileşti, Romanya), Rumen tiyatro ve sinema oyuncusudur.	stative	copula	oyuncusudur	tr
Palais Duèze sarayı.	stative	noun phrase	-	tr
Zaman zaman bu sözün etnik ayrımcılığa yol açtığı iddiasıyla çeşitli eleştirilerde de bulunulmuştur.	telic	passive narrative past copula	bulunulmuştur	tr
Ocak 1919'da Almanya Komünist Partisi kuruldu.	telic	passive past	kuruldu	tr
Klorsülfonik asit, sis perdesi meydana getirmede kullanılır.	atelic	passive aorist	kullanılır	tr
Üç yıl Güney Afrika ekibinin başında bulunduktan sonra, Haziran 2015'te Gençlerbirliği ile anlaştı.	telic	reciprocal past	anlaştı	tr
André Jørgensen (9 Nisan 1979 doğumlu), şu anda Danimarka Hentbol Ligi'nde AaB Håndbold takımında oynayan, Norveçli hentbol oyuncusu.	stative	zero copula	-	tr
2013'te kulüp 3. lig şampiyonluğuna final serisinde hiç kaybetmeyerek ulaştı.	telic	past	ulaştı	tr
İlçe merkezine 38 km uzaklıkta bulunmaktadır.	stative	copula	bulunmaktadır	tr
SUV, crossover, coupe, sedan türlerinde mevcuttur.	stative	copula	mevcuttur	tr
Ferahfeza (Ferahfezâ), Klasik Türk müziğinde yegah perdesinde karar kılan makamlardan biri.	stative	zero copula	-	tr
Andorra-Türkiye ilişkileri Andorra ile Türkiye Cumhuriyeti arasındaki ikili ilişkilerdir.	stative	copula	ilişkilerdir	tr
Cook Adaları'na dönmeden önce kısa bir süre sonra Yeni Zelanda Polisine katıldı ve memur olarak görev yaptı.	telic	past	yaptı	tr
Turnaköy, Bolu ilinin Mengen ilçesine bağlı bir köydür.	stative	copula	köydür	tr
Adını Sen Koy 4 Aralık 2009'da vizyona giren filmdir.	stative	copula	filmdir	tr
Jerez Havalimanı (İspanyolca:Aeropuerto de Jerez) (IATA:XRY, ICAO:LEJR) İspanya'nın Cádiz şehrine bağlı Jerez de la Frontera belediyesindedir.	stative	copula	belediyesindedir	tr
Bilbao Havalimanı (İspanyolca:Aeropuerto de Bilbao, Baskça:Bilboko aireportua) (IATA:BIO, ICAO:LEBB) İspanya'nın Bilbao kentindedir.	stative	copula	kentindedir	tr
Dan Dan, Türk şarkıcı Gülşen'in 2015 çıkışlı onuncu stüdyo albümü Bangır Bangır'dan bir şarkı.	stative	zero copula	-	tr
2006 yılında Özbek Ligi şampiyonu oldu.	telic	past	oldu	tr
Natasha Jane Richardson (d. 11 Mayıs 1963, Westminster, Büyük Londra, İngiltere - ö. 18 Mart 2009, New York, ABD), Britanyalı oyuncu.	stative	zero copula	-	tr
Sovyet muhaliflerinin bilgilerine göre, pek çok Kırım Tatarı, Sovyetler Gulag sistemi tarafından yapılan büyük ölçekli projeler için işçi olarak çalıştırılmıştır.	telic	narrative past copula	çalıştırmıştır	tr
Ova nehir vadileri ve Güney Adası'nın batı kıyısında kadar kıyı ormanlarından kea aralıkları dağ bölgelerinde ,South Island, Arthur Pass ve Aoraki / Cook Dağı Milli Parkı gibi Alp bölgelerinde yaşarlar.	atelic	aorist	yaşarlar	tr
Ömer Hayyam - matematikçi, astronom, filozof ve şair, Selçuklu Devleti'nin ilk hükümdarları olarak bilinen Tuğrul Bey ve Çağrı Bey, Nişabur'da hutbe okutarak 1038 yılında bağımsızlıklarını ilan etmişlerdir.	telic	narrative past copula	etmişlerdir	tr
"Ayrıca ""New Yorker"" ve ""The Sunday Times"" gazetelerinde çizer olarak faaliyet göstermiştir."	telic	narrative past copula	göstermiştir	tr
Şehrin eski adı, burada bulunan siyah kiliseden gelir 1935 yılına kadar Karakilis (Rusça) olarak anılırdı.	telic	passive aorist past	anılırdı	tr
1988-1995 yılları arasında Danıştay Bayındırlık İşleri Dairesi Başkanlığı görevinde bulunmuştur.	stative	passive narrative past copula	bulunmuştur	tr
Adatepe, Sakarya ilinin Karasu ilçesine bağlı bir mahalledir.	stative	copula	mahalledir	tr
Mülteci kamplarında görev alan ve kalabalık, kötü hijyen koşullarının hakim olduğu diğer uygulamalar içerisinde yer alan insani yardım görevlileri risk altında olabilir.	atelic	abilitative aorist	olabilir	tr
April Rain, Hollandalı senfonik metal topluluğu Delain'in April Rain albümünden çıkan ilk teklisidir.	stative	copula	teklisidir	tr
Aşağıdaki sıralama Uluslararası Olimpiyat Komitesi (IOC) tarafından verilen bilgilerden yararlanılarak düzenlenmektedir.	stative	copula	düzenlenmektedir	tr
"Roland Garros onu ""tahtın varisi"" olarak nitelendirdi."	telic	past copula	nitelendirdi	tr
O, 27 Kasım 1935 tarihinde Schwarz'ın 60. doğum gününe de katıldı.	telic	passive past	katıldı	tr
William Leonard Pereira (25 Nisan 1909 - 13 Kasım 1985), Portekiz kökenli Amerikalı mimar.	stative	zero copula	-	tr
Yazpınarı, Yozgat ilinin merkez ilçesine bağlı bir köydür.	stative	copula	köydür	tr
1867'de Manastır Vilayetinden ayrılıp kurulmuştur.	telic	passive narrative past copula	kurulmuştur	tr
"23 Temmuz 2016 tarihli ""Olağanüstü Hal Kapsamında Alınan Tedbirlere İlişkin Kanun Hükmünde Kararname"" ile kapatılan üniversiteler."	stative	noun phrase	-	tr
Eski adı Malıkân yeni adı Karpuzlu mahallesidır.	stative	copula	mahallesidir	tr
Şirketin merkezi Seul'de yer almaktadır.	stative	copula	almaktadır	tr
Topraklık, Denizli'nin Pamukkale ilçesine bağlı bir mahalle.	stative	zero copula	-	tr
İç giyim, dış giyim eşyalarının altına giyilen kıyafetler olup, genellikle cilt ile doğrudan temas halindedirler, ancak tek kattan fazlasını oluşturabilirler.	stative	abilitative aorist	oluşturabilirler	tr
Selanik, Yunanistan göçmeni olan köylü Mustafa Kemal Atatürk'le hemşehri olduğundan köye Kemaliye adı verilmiştir.	stative	passive narrative past copula	verilmiştir	tr
İlk olarak 16 Şubat 1918 yılında ilan edilen bağımsızlık ile kullanılmaya başlanan unvan, ülkenin Litvanya Sovyet Sosyalist Cumhuriyeti ismi ile Sovyetler Birliği içerisinde yer aldığı 1940 ile 1990 yılları arasında kullanımda olmamıştır.	telic	negative narrative past copula	olmamıştır	tr
Zey, Eskişehir ilinin Sivrihisar ilçesine bağlı bir mahalledir.	stative	copula	mahalledir	tr
Antlaşma, Antarktika'yı bilimsel bölge olarak tesis eder ve bilimsel araştırmamın özgürlüğünü sağlar; kıtada askeri aktiviteyi yasaklar.	atelic	aorist	sağlar, yasaklar	tr
"Samuel Shane ""Sam"" Worthington (d. 2 Ağustos 1976, Perth, Batı Avustralya), Avustralyalı sinema oyuncusu."	stative	zero copula	-	tr
İnçin standart uluslararası sembolü in'dir.	stative	copula	in’dir	tr
2016 yılında Olaylar Olaylar filminde oynadı.	telic	past	oynadı	tr
Marianne (Türkçe:Marianne), İtalyan şarkıcı Sergio Endrigo tarafından seslendirilen şarkı.	stative	zero copula	-	tr
Brusnwick, Amerika Birleşik Devletleri'nin Maryland eyaletinde yer alan ve Brunswick ilçesinde yer alan bir şehirdir.	stative	copula	şehirdir	tr
uk siteleri üzerinden alınabilir.	atelic	passive abilitative aorist	alınabilir	tr
6 Mayıs 2015'te açılan müze, 7.00 2 alanıyla ve sahip olduğu 130 otomobil ve 40 motosiklet ile Türkiye'nin en büyük otomobil müzesidir.	stative	copula	müzesidir	tr
Kasım 2015 Türkiye genel seçimleri'nde tekrar seçilen Köse, Türkiye Büyük Millet Meclisi (TBMM) XXIV. Dönem Başkanlık Divanı İdare Amiridir.	stative	copula	Amiridir	tr
Kırıkkale merkezine 14 km uzaklıktadır.	stative	copula	uzaklıktadır	tr
"Halton Arp tarafından görüntülenmiş ve etkileşim halinde olduğu NGC 6040 (PGC 56932) ile birlikte Arp 122 olarak ""Yakınında rahatsız edici sarmal gökadalar olan eliptik gökadalar"" kategorisi altında Tuhaf Gökadalar Atlası'na dahil edilmiştir."	stative	passive narrative past copula	edilmiştir	tr
"Gerçek bir NGC nesnesi değildir fakat NGC 6040 yakınlarında bulunduğundan sıklıkla ""NGC 6040"" olarak belirtilmektedir."	telic	copula	belirtilmektedir	tr
Torres do Mondego, Portekiz'de Coimbra belediyesine bağlı olan, 16,71 2 yüzölçümüne sahip, 2.55 nüfuslu (2001) bir bucaktır.	stative	copula	bucaktır	tr
Momoko Kōchi Japon oyuncu.	stative	noun phrase	-	tr
Aydın İbrahimov, Azerbaycan SSC güreşçisi; Neftçi PFK Başkanı (1988-1997).	stative	zero copula	-	tr
Yeni yerleşim yeri eski yerleşim yerinden uzak değildir.	stative	copula	değildir	tr
2 tipi bir 2 sınıfı yıldız kümesidir.	stative	copula	kümesidir	tr
"Buchschacher, 2011 yılında ülkesinde yapılan ulusal güzellik yarışmasında ""Miss Schweiz"" seçilmiştir."	telic	passive narrative past copula	seçilmiştir	tr
Ankara iline 41 km, Kahramankazan ilçesine 6 km uzaklıktadır.	stative	copula	uzaklıktadır	tr
Jagodina, Sırbistan'ın Pomoravlje ilinde yer alan bir şehirdir.	stative	copula	şehirdir	tr
Ankara'nın Yenimahalle ilçesine bağlı bir mahalle ve çevre mahalleleri de içine alan aynı isimli semttir.	stative	copula	semttir	tr
Murat Yakın'ın kardeşidir.	stative	copula	kardeşidir	tr
Köyün geçmişi Kıpçak Atabek devletine kadar dayanır.	stative	aorist	dayanır	tr
Bir nesne üzerinde hem veri soyutlama, hem de kontrol soyutlaması yapılıyor ise buna sarma adı verilir.	stative	aorist	verilir	tr
Zarif, sempatik, aktif, şakacı ve sevimlidir.	stative	copula	sevimlidir	tr
1978 yılında başlayan yenileme çalışmaların maliyeti 1 milyon Türk lirasını bulmuştur.	telic	narrative past copula	bulmuştur	tr
Primeira Liga ekiplerinden Gil Vicente FC'de oynamaktadır.	atelic	copula	oynamaktadır	tr
Romanın konusu, Mısır'ın çölünde orta çağ ve modern sanatta sıkça tekrarlanan bir tema olan Saint Anthony the Great'in yüzleştiği günahtır.	stative	copula	günahtır	tr
Bu kelime “Kaşer” (koşer) kelimesinin zıt anlamlısı olarak kullanılır.	atelic	passive aorist	kullanılır	tr
Türk sanat müziği bestekârı, solist.	stative	zero copula	-	tr
Yoram Kaniuk iki kitap yayımladı.	telic	past	yayımladı	tr
Ankara'da profesyonel lig kurulması için Gençlerbirliği, Güneşspor, Ankara Demirspor, Hacettepe SK, Ankaragücü, Yolspor, Hilalspor ve Otoyıldırım kulüpleri 8 Temmuz 1954 tarihinde futbol federasyonuna müracaat etmiş ve istekleri kabul edilince lig, 1955-56 yılından itibaren Ankara Profesyonel Ligi adını almıştır.	telic	narrative past copula	almıştır	tr
Okuma, sıvıların etrafı çevrildiğindeki doğası sebebiyle menisküs yardımıyla yapılmak zorundadır.	stative	copula	zorundadır	tr
Filmin tamamlanmasının ardından, birkaç yıl şarkıcı olarak çalıştı ve ardından kiroproyuncu oldu.	telic	past	oldu	tr
Elizabeth Bennet, Jane Austen tarafından 1813'de yazılan Gurur ve Önyargı romanında birinci şahıstır.	stative	copula	şahıstır	tr
General ve amirallerin yargılanması ise 15. Madde ile; General ve amirallerin askeri mahkemelere tabi suçlarından dolayı yargılanmaları Genelkurmay Başkanlığı nezdinde kurulan askeri mahkemede yapılır şeklinde düzenlenmiştir.	telic	passive narrative past copula	düzenlenmiştir	tr
Ağırlıklı olarak bira, meşrubat, otomotiv ve perakende sektörlerinde faaliyet gösteren Anadolu Grubu'nun holding şirketi olan Anadolu Endüstri Holding 'de %68 pay oranı grubun büyük hissedarı konumundadır.	stative	copula	konumundadır	tr
Profesyonel kariyerine 2004 yılında Sanfrecce Hiroshima kulübünde başladı.	telic	past	başladı	tr
Weil's dr guat got, (Türkçe: Çünkü sen iyi hisset) George Nussbaumer tarafından seslendirilen ve 1996 Euro Şarkı Yarışması'nda Avusturya'yı Almanca seslendirilerek temsil eden şarkı.	stative	zero copula	-	tr
Rick Springfield, asıl adı Richard Lewis Springthorpe, (d. 23 Ağustos 1949, Sidney) Avustralyalı oyuncu, aktör ve müzisyendir.	stative	copula	müzisyendir	tr
Başbakanlık Plan ve Prensipler Genel Müdürlüğü, YÖK Üyeliği, Emniyet Genel Müdürlüğü, Ankara, Antalya, Malatya ve Kayseri Valiliği, TPAO Yönetim Kurulu Üyeliği, Basın İlan Kurulu Üyeliği, XX. ve XXI. Dönem Ankara Milletvekilliği yaptı.	telic	past	yaptı	tr
Salihli ilçe belediyesi tarafından düzenlenen etkinlikler, ilk olarak 21 Aralık 1985 tarihinde başlatıldı.	telic	passive past	başlatıldı	tr
Batık ya da gemi batığı, deniz veya nehirlerde bir kaza yahut deniz savaşı sonucu su altına batan, seyahat, ticaret ya da savaş amacıyla inşa edilmiş deniz taşıtlarına verilen isimdir.	stative	copula	isimdir	tr
Yapımı bile tartışma konusu olmuş sonra ilk yedi kat açılmış ve şı anda atıl durmda olan yıkılması konusunda hala bir fikir bulunamamış ve şu anki halini almıştır.	telic	narrative past copula	almıştır	tr
MKE Ankaragücü dışında kiralık olarak Sakaryaspor'da forma giyen Burak Karaduman, daha sonra Karşıyaka Diyarbakırspor Konyaspor Mersin İdman Yurdu Turgutluspor takımlarında oynadı.	telic	past	oynadı	tr
León'un orijinal konumu burasıydı.	stative	past copula	burasıydı	tr
Yarışmada 19 şarkı arasından 15. olmuştur.	telic	narrative past copula	olmuştur	tr
Henüz 14 yaşında olmasına rağmen, bölgedeki ABD askerlerinin sürekli cinsel tacizlerine maruz kalıyordu.	stative	progressive past	kalıyordu	tr
2013'e kadar burada top koşturan Camara, 2013 yılında Ligue 1 ekiplerinden AC Ajaccio altyapısına transfer oldu.	stative	past	oldu	tr
Göç edenlerin yüzde 90'ı tekstil işi ile uğraşmaktadır.	stative	copula	uğraşmaktadır	tr
2009 - Türkiye'de yerel seçimler gerçekleşti.	telic	past	gerçekleşti	tr
Elektrik santrali, tüm Batı Balkan bölgesinin önemli bir kirlilik kaynağı olmaya devam etmektedir.	atelic	copula	etmektedir	tr
Her turda okçu 70, 50 ve 30 metreden hedefe üçer düzine ok atar.	telic	aorist	atar	tr
Bunda baş etken Silikon Vadisi'nde bulunan çok sayıdaki yüksek teknoloji firmalarıdır.	stative	copula	firmalarıdır	tr
Bu salonlarda jandarma teşkilatının tarihi gelişimi, kullanılan silahlar, giyilen kıyafetler ve çekilen fotoğraflar kronolojik sırasına göre sergilenmektedir.	stative	copula	sergilenmektedir	tr
Powers ülkesine döndükten sonra Lockheed Powers'ı tekrar işe almıştır.	telic	narrative past copula	almıştır	tr
Çamlık, Zonguldak ilinin Çaycuma ilçesine bağlı bir köydür.	stative	copula	köydür	tr
Dedeler, Zonguldak ilinin Karadeniz Ereğli ilçesine bağlı bir köydür.	stative	copula	köydür	tr
Aşağıda küresel yıldız kümeleri listesi yer almaktadır.	stative	copula	almaktadır	tr
Kariyerini LDU Quito takımında sürdürmektedir.	telic	copula	sürdürmektedir	tr
Bu durum seyircileri daha da heyecanlandırmaktaydı.	stative	past copula	heyecanlandırmaktaydı	tr
Doğal sayı sisteminde 100'den önce yer alır ve 98'den sonra gelir.	atelic	aorist	gelir	tr
Espanyol'daki tek golünü, aynı zamanda La Liga'daki ilk golünü 22 Mart 2006'da 1-1 biten karşılaşmada Athletic Bilbao'ya attı.	telic	past	attı	tr
Kanō'nun moe hakkında bilgi, fikir ve öngörüleri dışında herhangi bir özel yeteneği bulunmamaktadır.	stative	copula	bulunmamaktadır	tr
