Sentence	Class	Subclass	Verb	ru
16 января 1895 года бывшая королева была взята под стражу , после того , как в садах дворца Иолани было найдено оружие .	telic	P	была взята	ru
Фундамент заложен 20 января 2012 года В декабре 2014 года строительство башни пересекло рубеж 125 м , а по состоянию на июль 2015 года высота башни достигла 255 м ( 837 футов ) .	telic			ru
СССР — ФРГ. г. Гиссен ) .	telic			ru
Библиотека была основана в 1919 году на фондах частных коллекций как организующий и руководящий центр для всех библиотек Москвы .	telic	P	была основана	ru
Этот объект входит в число перечисленных в оригинальной редакции «Нового общего каталога» .	state	D	входит в число	ru
Экипаж броненосца самоотверженно боролся за живучесть корабля .	atelic	D	Боролся	ru
Оливер Каудери был «Вторым Старейшиной» церкви после Джозефа Смита , и вплоть до отлучения вместе с Джозефом держал «ключи управления» церковью .	state	D	 Был	ru
Позднее в здании работало представительство Литовской ССР .	atelic	D	работало	ru
Если в семье были дети , которые долго не разговаривали , то таким давали напиться воды из ритуального колокольчика .	state	D	были	ru
"Декретом ""Fructuosae ecclesiae "" от 2 марта 1982 года Ланчано утратило статус митрополии , сохранив статус архиепархии , после чего была создана архиепархия Ланчано и Ортона со статусом викариатства архиепархии Кьети ."	telic	P	утратило	ru
Манга -адаптация начала выходить с июня 2014 года издательством Kadokawa Shoten .	telic	P	Начала	ru
Из 435 домохозяйств в 19,3 % воспитывались дети до 18 лет , в 66,7 % проживали супружеские пары , в 4,6 % проживали незамужние женщины и в 27,1 % домохозяйств проживали несемейные люди .	atelic	D	воспитывались	ru
Она доминировала как у профессиональных музыкантов , так и у любителей .	state	D	доминировала	ru
В 1979 году японская фирма Yamaha фактически второй раз возродила класс «скутеров» , создав модель Passol с пластиковыми наружными панелями , изначально рассчитанный на домохозяек .	telic	P	возродила	ru
В 1996 на Олимпийских играх в Атланте она стала обладателем серебряной медали в эстафете 4×400 м .	telic	P	Стала 	ru
По окончании войны разработки немецких конструкторов подтолкнули исследования в области ракетостроения в СССР и в США , куда эмигрировали многие немецкие учёные и инженеры , в том числе В. фон Браун .	telic	P	Подтолкнули	ru
Александрия потеряла многих выдающихся учёных и государственных мужей .	telic	P	потеряла	ru
Нож с лезвием в тринадцать дюймов в длину и полтора дюйма в ширину хранился лично у Робинсона , но в настоящее время его местонахождение неизвестно .	state	D	Хранился	ru
Площадь заказника — 65 345,4 гектара .	state			ru
Около года находился под следствием — вначале содержался на Лубянке , затем переведён в особорежимную Сухановскую тюрьму , где провёл около 100 дней .	state	D	находился	ru
Кроме того , было предложено , чтобы выгода от мелиорации может быть нивелирована последствиями уменьшения ширины гавани , что повлияет на количество судов , проходящих через порт Гонконга .	telic	P	было предложено	ru
Напротив , папа Иннокентий X не особенно интересовался искусством и предпочита	state	D	интересовался	ru
28 января 1913 года был произведён в военные лётчики , а 1 октября в поручики .	telic	P	был произведён	ru
В 2018 году стал трехкратным чемпионом России по вольной борьбе ( до 79 кг ) , а также бронзовым призёром чемпионата России по греко-римской борьбе ( до 77 кг ) .	telic	P	Стал	ru
Ланкашир — графство Англии , расположенное в северо-западной части Англии на берегу Ирландского моря .	telic			ru
25 мая состоялся совместный концерт с группами ПРО ' Н ' КОН и Озан ( бывший Equinox ) , который прошёл в баре Half Way Inn .	atelic	P	состоялся	ru
В сетке основных соревнований 32 участницы , пять из которых попали сюда по специальному приглашению от организаторов , а ещё четверо прошли дополнительный отборочный турнир .	telic	P	попали	ru
Судебные и тюремные сцены были созданы по описаниям прокуроров и судей , практикующих в Китае .	telic	P	Были созданы	ru
Встречаются всё лето , откладывают белые продолговатые яйца на кормовые растения .	state	D	встречаются	ru
Вторым Электро стала бывшая любовница оригинального Электро Франсин , которую Макс Диллон непреднамеренно убил во время их поцелуя , так как на тот момент не мог контролировать свои супер - силы .	telic	P	Стала	ru
Георгиевский полк — из небольшого офицерского кадра , прибывшего из Киева . ( Полковник Кириенко ) .	telic			ru
Джонсон , Том Том Джонсон ( ; род. 18 ноября 1939 , Колорадо ) — американско-французский , музыкальный теоретик и , один из наиболее значительных представителей музыкального минимализма .	telic			ru
В 1965 году в Черёмушки в новое здание переехала средняя школа № 2 .	telic	P	переехала	ru
Кроме трудовой деятельности выполнял и большую общественную работу .	telic	D	выполнял	ru
Второй — нецелесообразность использования вихревых агрегатов для перекачивания воды , содержащей абразивные фрагменты , поскольку это приводит к падению давления , КПД и быстрому изнашиванию внутренних элементов устройства .	telic	D	Приводит	ru
Фюзеляж в виде ферм , сварной из труб стали 30ХГСА , с лентами -расчалками , носовая часть дуралюминовая , обшивка кабины фанерная , хвостовая часть - полотняная .	telic			ru
Проницаемость её для солнечных лучей была очень слабая , поэтому на поверхности Земли царил мрак .	state	D	Была	ru
В то же время , Злотницкий отметил , что «к сожалению» , роман относится к тем , что «стоит прочитать , но вряд ли захочется перечитывать» .	telic	P	отметил	ru
датских крон Хёг перешёл в турецкий «Фенербахче» .	telic	P	перешел	ru
К 1948 году были полностью восстановлены все судостроительные заводы , началась постройка кораблей и судов .	telic	P	Были восстановлены	ru
Большой транспортный узел — железнодорожный вокзал , аэропорт .	telic			ru
С 1928 года , в составе Пантелеевского сельсовета .	telic			ru
Учился в консерваториях Маастрихта , Гааги и Утрехта , в том числе у Сема Дресдена и Кееса ван Баарена .	atelic	D	Учился	ru
Двухэтажное главное здание мызы в югендстиле было построено в начале 19-ого столетия .	telic	P	Было построено	ru
Янг также принимал участие во многих бейсбольных мероприятиях .	atelic	D	принимал участие	ru
В 2013 году Родригес помог сборной выйти в финал Золотого кубка КОНКАКАФ .	atelic	P	помог	ru
Тренером этой команды он работал всего полгода и после выездного поражения от ровенского «Вереса» подал в отставку .	atelic	D	работал	ru
В госпитале одну ступню подготовили к ампутации , но внимательность медсестры , заметившей , что в одном мизинце присутствует кровоснабжение , спасло от операции ногу пилота .	telic	P	подготовили	ru
В 1798 году получил сан протоиерея .	telic	P	получил	ru
Примерно в IX — X веках на место поселения скифской эпохи пришли представители племени северян — одного из 15 племен , образовавших Киевскую Русь .	telic	P	пришли	ru
Похоронен на Центральном ( Армянском ) кладбище в Кишинёве .	telic			ru
Резервы которые так были необходимы для взятия Петрограда не пришли в боевые порядки .	state	P	были	ru
Указ о внесении рода в Бархатную книгу , в главу Смоленских князей был подписан 10 июня 1687 года .	telic	P	был подписан	ru
Было решено , что японский пилот уедет с Ниихау , когда его с очередным еженедельным визитом посетит хозяин острова — Эйлмер Робинсон , а пока что останется под охраной жить в доме Харада .	telic	P	Было решено	ru
В начале июля 1941 года в районе города Борисова 1-я мотострелковая дивизия методом подвижной обороны более десяти дней сдерживала продвижение 18-й танковой дивизии вермахта вдоль автострады Минск — Москва .	atelic	D	сдерживала	ru
По данным переписи населения 2000 года здесь находились 527 человек , 181 домохозяйств и 139 семей .	atelic	D	находились	ru
По правую сторону дороги в село Евгеньевка ( в 12 км от села Тургень ) находится могильник , состоящий из 10 курганов , ІV - ІІ века до нашей эры .	atelic	D	находится	ru
Поэтому могут быть использованы как статические , так и гиф-картинки .	state	D	могут	ru
Хоть река Иордан была на самом деле восточнее Храма , согласно табеля она на юго-западе , видимая через юго-восточный вход Храма .	state	D	была	ru
В это время с некоторыми судьбами стало ясно , и группа обвиняемых уменьшилась .	telic	P	стало	ru
В сезоне 2003/04 он набрал 43 очка в 62-х играх и получил «Билл Хантер Мемориал Трофи» — приз лучшему защитнику WHL .	telic	P	набрал	ru
Однако уже в 1961 году храм был закрыт вторично и его помещения использовались под спортивный зал , а затем его превратили в колхозный склад .	telic	P	был закрыт	ru
Самый большой колокол — колокол Святой Марии — отлит в 1546 году .	telic	P	отлит	ru
Обжаривают не более двух минут в специальном дуршлаге с длинной ручкой .	atelic	D	Обжаривают	ru
В репертуаре Нежинского народного театра были произведения : Также ставились пьесы М. П . Старицкого и М. Л. Кропивницкого .	state	D	были	ru
Одноразовый огнемёт состоял из цилиндрического резервуара объёмом 1,7 л с зажигательной смесью внутри и шлангом с диаметром 9 мм .	state	D	состоял	ru
Верхние Плостки — самая южная и самая верхняя по берегу Волги деревня Охотинского сельского поселения .	state			ru
Ростер WWE был переполнен из-из огромного количества пришедших из купленных промоушенов реслеров и других сотрудников .	telic	P	был переполнен	ru
Заслуженный профессор Московского университета ( 2005 ) .	telic			ru
Заказчик определяет цель и ограничения проекта и его финансирование .	telic	D	определяет	ru
Перешел из кальвинизма в римско-католическую веру и получил место в сенате Речи Посполитой .	telic	P	перешел	ru
Таким образом , создаётся локальное повышение концентрации углекислого газа в месте наиболее высокой концентрации Рубиско .	telic	D	создаётся	ru
Началось сведение Красногвардейских отрядов , отрядов бывшей Русской армии , воинских частей и отрядов Советских республик в пять армий численностью по 3-3,5 тысячи человек .	telic	P	началось	ru
14 ноября в Австралии , 17 ноября в Европе , и 18 ноября в Азии , Северной Америке и Южной Америке вышел восьмой альбом группы под названием «No Fixed Address» .	telic	P	вышел	ru
После освобождения Югославии избран в Народную скупщину Югославии и Народную скупщину Сербии .	telic			ru
Уже 10 июля Дерек дебютировал в своей новой команде , выйдя на замену в мачте с «Ляонином» .	atelic	P	дебютировал	ru
Спустя месяц после своего возвращения в Йорк 8 июня 1154 г. архиепископ Вильям скончался .	telic	P	скончался	ru
Критики и литераторы более поздних поколений несколько иначе оценивали минорные интонации поэта , находя их созвучными тому времени , в котором он жил .	atelic	D	оценивали	ru
Из 341 активных работали 314 человек ( 169 мужчин и 145 женщин ) , безработных было 27 ( 12 мужчин и 15 женщин ) .	atelic	D	работали	ru
C 1912 года — депутат 4-й Государственной Думы , глава фракции меньшевиков .	atelic			ru
Позже девушки встретились с Зендаей и приняли участие в показе в ночном клубе , где и прошла их фотосессия , по итогам которой Джастин была исключена .	telic	P	встретились	ru
Кроме того , за несколько десятилетий до Жака Деррида Пессоа воплотил в своем творчестве его знаменитый тезис о несуществовании внетекстовой реальности .	atelic	P	воплотил	ru
На счету самого Безукладникова 3 огневые точки и до 20 вражеских солдат .	atelic			ru
В состав вооружения корабля , помимо 54 бортовых пушек , входила также пара резервных кормовых пушек .	state	D	входила	ru
Монастырь Святой Терезы был основан в первой половине XIX века .	telic	P	был основан	ru
Византийские императоры династии Комнинов весьма зорко следили за восточной границей империи .	atelic	D	следили	ru
Для того чтобы предупредить недостаточную перфузию в мозг требуется агрессивная поддержка кровообращения и артериального среднего давления с использованием растворов .	state	D	требуется	ru
Демонстрации протеста против смертного приговора не имели успеха .	telic	P	имели успеха	ru
С 1893 года при церкви открыта школа грамоты , преобразованная затем в церковно-прихо́дскую .	atelic	D	открыта	ru
По неподтверждённой информации , аптекарь Штраус начал работу в Уральске провизором в аптеке Миллера , но со временем решил открыть собственное дело .	telic	P	Начал	ru
Батарея состояла из двух орудийных блоков с железобетонными стенами в 2—3 метра толщиной .	state	D	состояла	ru
Во всех романсах , особенно в наиболее старинных , отражается истинный испанский национальный характер — мужественный , искренний , степенный , крепко уважающий раз данное слово .	state	D	отражается	ru
В течение всей своей жизни работал над главным произведением — историей открытия и завоевания колоний в Новом Свете .	atelic	D	работал	ru
Г. дю Вэр был автором многочисленных эссе , в которых пытался связать христианскую религию с античным стоицизмом .	state	D	был	ru
Если formula_4 — непрерывная ограниченная функция на прямой и formula_5 то Пусть formula_7 — всюду плотное на прямой счетное множество .	state			ru
В муниципалитете Риезе - Пио-X расположен собор Санта Мария Ассунта , а также собор в Кастельфранко - Венето .	state	D	расположен	ru
В современной Сербии он назван «великим художником , автором и хранителем великого сербского письменного слова» .	state	D	назван	ru
Публиковался в газетах «Комсомольская правда» , «Неделя» , в журнале «Ровесник» .	telic	D	Публиковался	ru
Здесь за детьми следят сиделки — Розовые Дамы .	atelic	D	следят	ru
Хотя , вполне возможно , в недрах сещинской земли еще хранятся подземные ходы , вход в которые завален .	state	D	хранятся	ru
Ближайшие станции метро — «Удельная» , «Пионерская» и «Комендантский проспект» .	state			ru
Мещеряков , Александр Николаевич ( историк ) Алекса́ндр Никола́евич Мещеряко́в ( род. ) — советский и российский историк , японист , литератор .	state			ru
Может использоваться с грейфером , челюстным захватом , гидравлическим молотом для рыхления грунта .	state	D	может	ru
Нападавшие избили и связали работников станции , после чего заложили в машинном зале и на ОРУ пять взрывных устройств и скрылись .	telic	P	избили	ru
В партизанских войсках пользовался псевдонимом «Конрад» .	atelic	D	пользовался	ru
Сам Данила Выговский был захвачен в плен .	telic	P	был захвачен	ru
Воду необходимо фильтровать и часто менять по мере загрязнения .	telic			ru
Условия труда там были несравненно лучше , чем в тесноте в здании Главного штаба .	state	D	были	ru
Землетрясение 15-го января 1858 года также сильно повлияло на состояние храма .	atelic	P	повлияло	ru
Женский хоккейный турнир суммарно посетили 162 419 человек , что в среднем составило 8120 зрителей за игру .	atelic	P	посетили	ru
По селу протекает пересыхающий ручей с запрудами .	atelic	D	протекает	ru
В результате 24 февраля город переходит под власть большевиков .	telic	D	переходит	ru
Кроме того , из-за гомологичной рекомбинации плазмидные мономеры могут объединяться в димеры , которые из-за своих более крупных размеров медленнее мономеров проходят в агарозном геле при электрофорезе .	state	D	могут	ru
В местах скопления вшей на коже кроликов появляются красные точки , которые расчёсываются животными до крови , та засыхает , образуя корки .	telic	D	появляются	ru
Награжден двумя орденами Ленина , тремя Красного Знамени , Кутузова ІІ степени , Отечественной войны І степени , Красной Звезды , медалями , иностранными наградами .	telic	P	Награжден	ru
8 июля 1916 года учёные , Роберт Кастман Мёрфи провели пресс-конференцию в американском музее естественной истории .	atelic	P	провели	ru
По израильским данным 9 самолётов было потеряно , из них 4-5 сбито в воздушных боях .	telic	P	было потеряно	ru
"Публиковалась на страницах ""The London Review of Books , the New Statesman , Sunday Times , The Telegraph , Vogue "" ."	telic	P	Публиковалась	ru
Уличная сеть посёлка состоит из 2 улиц .	state	D	состоит	ru
Границы области близки к границам существующего Герцаевского района , но не идентичны им .	state			ru
Во время штурма лагеря войсками работал в радиорубке , передавая сигнал SOS , по некоторым сведениям был ранен .	atelic	D	Работал	ru
По его итогам была определена тройка кандидатов , из которых во втором туре 10 апреля был выбран президент страны .	telic	P	была определена	ru
Среди его соседей по комнате в общежитии были , в частности , Расул Гамзатов и Владимир Тендряков .	state	D	были	ru
Позже она некоторое время жила в Нью-Йорке , где работала гоу - гоу танцовщицей и разносчицей коктейлей .	state	D	жила	ru
Испаноязычные составляли 0,74 % населения независимо от расы .	state	D	составляли	ru
Генерал армии Конфедерации , Брэкстон Брэгг , решил в ответ вторгнуться в Кентукки , соединиться с армией Кирби Смита , пополнить армию кентуккийцами и этими силами атаковать армию Бьюэлла .	telic	P	решил	ru
В 1940-1945 годах на службе в армии , в военно-морской разведке .	telic			ru
Почтовый адрес : 125993 , Москва , Г - 59 , ГСП-5 , Бережковская наб., 30 .	telic			ru
Ещё через несколько лет здание попало в руки сановника Александра Андреевича Безбородко , который после частичной перестройки передарил его наследнику престола Павлу I .	telic	P	попало	ru
Береговая линия примерно соответствует побережью геологической провинции Борборема на северо-востоке Бразилии , которая начала отделяться от этой части Африки около 115 миллионов лет назад .	state	D	соответствует	ru
В 1994 году был принят Федеральный закон Джейкоба Веттерлинга , названный в честь него .Это был первый закон , который ввел государственный реестр сексуальных преступников .	telic	P	был принят	ru
В древнегреческой мифологии ( «Василис» , «царственная» ) — эпитет богинь Геры , Афродиты , Персефоны .	telic			ru
Этот стадион был дополнен выдвижной стеклянной крышей , которую разработал испанский архитектор Сантьяго Калатрава .	telic	P	был дополнен	ru
Средний возраст жителя округа 40 лет .	telic			ru
Население в основном занимается овцеводством , скотоводством и овощеводством .	atelic	D	занимается	ru
Выход длился 2 ч 45 мин и был лишь частично успешным .	state	D	длился	ru
За действия на островах Лейте и Лусон отмечено Благодарностью президента Филиппинской республики за службу на Филиппинах с 22 октября 1944 по 16 июня 1945 .	telic	P	отмечено	ru
Может означать : Также известны Команы Италийские — три одноимённых коммуны в современной Румынии .	state	D	Может	ru
Однако гиробусы в Конго быстро изнашивались .	telic	D	изнашивались	ru
Расположен примерно в 4 км к юго-западу от села Фатнево .	state	D	Расположен	ru
— Но , во всяком случае , надо сделать как-то , чтобы не повторялись такие убийства .	telic	D	повторялись	ru
В скором времени они , однако , подписали соглашение , по которому обязались не заниматься вербовкой и хищением кадров .	telic	P	подписали	ru
Главные роли в этом фильме исполнили Роберт Де Ниро , Аннетт Бенинг и Джордж Уэндт .	atelic	D	исполнили	ru
Таким образом , картина является также первой по времени трактовкой знаменитой серии Делоне .	state	D	является	ru
Роберт Проски был членом совета директоров театральной компании Cape May Stage в Нью - Джерси .	state	D	был	ru
Режиссёр фильма Карен Шахназаров рассказывает о том , что все действия в этом фильме являются реальностью 2000 года .	atelic	D	рассказывает	ru
С событий предыдущей части серии прошли столетия .	telic	P	прошли	ru
"Его фотографии появлялись на обложках многих популярных журналов , среди которых ""«Vanity Fair» "" , ""«Glamour» "" , ""«Cosmopolitan» "" , ""«Playgirl» "" и ""«Men’s Fitness» "" ."	telic	P	появлялись	ru
Речной бассейн реки — ( Верхняя ) Волга до Куйбышевского водохранилища ( без бассейна Оки ) .	telic			ru
Рейчу , она была приобретена в 1886 году .	telic	P	была приобретена	ru
Сильное переохлаждение земной поверхности зимой вызывает большие различия между летними и зимними температурами , а также сезонными количествами осадков .	telic	D	вызывает	ru
Аутентичный текст написан на русском языке — фамилии действующих лиц ; все авторские реплики и замечания , монологи и диалоги действующих лиц , строки песен на западнополесском ( пинском ) диалекте .	telic	D	написан	ru
Диверсионному делу Кипкеев обучался на базе под Урус-Мартаном , которой командовал арабский наёмник Хаттаб .	atelic	D	обучался	ru
Единственная проблема заключалась в том , что в журнале от сдачи рукописи в набор до появления номера проходило три месяца .	state	D	заключалась	ru
11 января 1965 года Нефёдовский с/с был возвращён в восстановленный Серпуховский район .	telic	P	был возвращён	ru
В состав группы , которая подчинена Никонову , включены учёные — специалисты в области порохового дела , военный специалист артиллерист , красноармеец в качестве ординарца .	telic			ru
Считается одной из самых ядовитых змей Африки .	state	D	Считается	ru
В 1949 году окончил Московскую консерваторию ; ученик Сергея Василенко ( композиция ) и Григория Столярова ( дирижирование ) .	telic	P	окончил	ru
В апреле 2016 года Стил опубликовала в своем профиле Instagram , что находится на четвёртом месяце беременности .	telic	P	опубликовала	ru
Чтобы обойти эти законы , японцы и другие выходцы из Азии переводили права собственности на недвижимость на своих детей , рождённых в США и имевших гражданские права по праву рождения .	telic	D	переводили	ru
В сентябре 1941 года монастырь передан КЭЧ Тюменского гарнизона .	telic	P	передан	ru
Я думаю , что эта дорога преждевременна .	atelic	D	думаю	ru
Maylandia estherae Maylandia estherae — вид пресноводных рыб семейства цихлидовые , обитающий у скалистого побережья озера Малави , эндемиком которого он является .	state	D	является	ru
Среднегодовой доход на 1 человека , евро ( 2010 ) — 26 513 ( Франция в целом — 23 780 , департамент Нор — 21 164 ) .	state			ru
Это первый дистрибутив , сочетающий утилиты GNU с ядром OpenSolaris .	state			ru
В 1944 году принимается на вооружение новый 3-линейный карабин , он имел также игольчатый штык , но другой конструкции Н. С . Сёмина .	telic	D	принимается	ru
Урал -2 Урал -2 — средняя программируемая машина 60-х годов 20 века .	telic			ru
Шарнирное соединение остальных секций , которые не имеют торцевых стенок , позволяет проходить закругления радиусом не менее 12 м .	state	D	имеют	ru
Пламя — это светящаяся зона , образующаяся в ходе горения .	state			ru
Фильм сочетает в себе жанры приключенческого кино , боевика , фантастики и семейного фильма .	state	D	сочетает	ru
Свидетельства о своей деятельности Диана оставила в дневнике , который вела с 23 октября 1941 года до 7 февраля 1947 года ( дневник был опубликован в Хорватии в 2003 году ) .	telic	P	оставила	ru
Творчество Лало высоко ценил Клод Дебюсси .	state	D	ценил	ru
По переписи 2007 года в коммуне проживало 2552 человека .	state	D	проживало	ru
От колоссальных перегрузок левая плоскость крыла разрушилась .	telic	P	разрушилась	ru
Он осуществлял торговлю в Архангельском порту , занимался продажей льна , хлеба и кожи .	telic	P	осуществлял	ru
В 1918–1921 гг. работал заведующим механическим отделением разработок торфа Редкинского торфопредприятия , а также преподавателем курсов , организованных Цуторфом для подготовки работников по добыче торфа .	atelic	D	работал	ru
В сети Интернет : Медресе Хивы Медресе — мусульманское учебное заведение , выполняющее роль средней школы и мусульманской духовной семинарии .	atelic			ru
В условиях плохой погоды крейсера потопили немецкий учебный корабль Бремзе , но транспортам удалось уйти .	telic	P	потопили	ru
Так , в 2010 году в тяжёлом весе он одержал победу на Мемориале Дуйшенкула Шопокова в Бишкеке .	telic	P	одержал	ru
Все члены комитета находились на трибуне и прекрасно наблюдали «третий тайм» .	state	D	находились	ru
В Стрыйском парке работала парашютная вышка , демонтированная в 1980-х гг .	atelic	D	работала	ru
Длина реки 145 км , площадь водосборного бассейна 1830 км² .	atelic			ru
Было отмечено , что специализированному техническому агентству необходимо рассмотреть исполнение этого законодательства и помочь в его осуществлении .	telic	P	Было отмечено	ru
Происходившие в это время события студенческой революции в соседней Франции оказали влияние на его мировоззрение .	atelic	D	оказали влияние	ru
16 июля 1944 года в составе полка экипаж Пе - 2 — Н. Д .	atelic			ru
В начале 2000-х годов памятник был повреждён вандалами — на лбу Ленина оставлена глубокая вмятина .	telic	P	был повреждён	ru
На сайте Rotten Tomatoes получил рейтинг 0 % на основе 19 критиков , со средним баллом 2.6 из 10 .	telic	P	получил	ru
Вера Игнатьевна печатала статьи в медицинских журналах , проводила с земскими врачами обсуждения диагностики и лечения различных заболеваний .	telic	D	печатала	ru
Озёрная котловина водоёма неправильной удлинённой формы с извилистой береговой линией .	telic			ru
Справившись с ними , Куинн обнаруживает , что арбалет заряжен его же зелёными стрелами .	telic	D	обнаруживает	ru
16 марта 1914 года был рукоположен в сан епископа Левкийского , викария Халкидонской митрополии .	telic	P	был рукоположен	ru
В 1872 году здание биржи было перестроено , внутренний двор перекрыли крышей .	telic	P	было перестроено	ru
В деревне Ларс жил полной жизнью .	state	D	жил	ru
Ствол бананового дерева используется для изготовления плотов .	atelic	D	используется	ru
Родился в семье нотариуса , купца второй гильдии Исая Семёновича ( Вольфовича ) Вейнберга ( 1791 — 1865 ) и Розы Абрамовны Вейнберг .	telic	P	Родился	ru
Цингер ( 1836 — 1907 ) , А. К .	telic			ru
В том числе 48 % в возрасте до 18 лет и 16,3 % в возрасте 65 и старше .	telic			ru
4 января 2012 года он был обменян в «Мемфис Гриззлис» .	telic	P	был обменян	ru
С началом военной фазы Карабахского конфликта приехал из Санкт-Петербурга в Нагорный Карабах .	telic	P	приехал	ru
Для защиты слобожан из Верхотурья была послана вооруженная команда .	telic	P	была послана	ru
Вал сглажен , юго-восточная часть вала спрямлена и прорезана короткой цепочкой кратеров , восточная часть вала перекрыта небольшим кратером .	telic	P	сглажен	ru
Он является одним из самых известных спортивных телекомментаторов Норвегии : освещал за свою карьеру различные спортивные соревнования , но при этом отдавал предпочтение зимним видам спорта и футболу .	state	D	является	ru
После того матча четыре игрока «Арсенала» получили дисквалификации и были оштрафованы Футбольной ассоциацией на общую сумму в £275 000 .	telic	P	получили	ru
Первая ложа FRC была основана в Сан-Франциско в 1861 году и вскоре закрылась .	telic	P	была основана	ru
Никогда раньше ни один российский ( или советский ) исполнитель в этот хит-парад не попадал , группа Парк Горького стала первым в истории .	telic	P	попадал	ru
NGC 3016 NGC 3016 ( другие обозначения — UGC 5266 , MCG 2 - 25-40 , ZWG 63.77 , IRAS09471+1255 , PGC 28269 ) — спиральная галактика ( Sb ) в созвездии Лев .	telic			ru
Ева Нансен в 1895 году получила от некоего ясновидящего письмо , которое якобы было послано с Северного полюса .	telic	P	получила	ru
Журнал в ноябре 1986 года одним из первых опубликовал доклад правительственной комиссии об аварии на Чернобыльской АЭС и её последствиях для МАГАТЭ .	telic	P	опубликовал	ru
Участник Великой Отечественной войны , Герой Советского Союза ( 1946 ) .	telic			ru
Миллер и Джефф Фоулер также назначены режиссёрами и продюсерами анимационного фильма их студии Blur Studio «Болван» .	telic	P	назначены	ru
Сакен Бибосынов выступает в наилегчайшей весовой категории .	atelic	D	выступает	ru
Атака захлебнулась , и дивизия перешла в наступление .	telic	P	захлебнулась	ru
Председатель Хорватского ПЕН- клуба ( 2001 — 2005 ) .	telic			ru
Она была основана 11 июля 1950 года 46 компаниями -производителями игрушек и первоначально называлась «Deutsche Spielwaren - Fachmesse eGmbH» .	telic	P	была основана	ru
Оригинальный состав инструментов , для которого были написаны квинтеты Эвальда отличался от современного и состоял из 2 корнетов , альтгорна , баритона и тубы .	telic	P	были написаны	ru
Люди в баре , каждый по-своему , пытаются повлиять на Вайкоффа , однако преступник никак не реагирует на их обращения .	atelic	D	пытаются	ru
Однако в 1787 году по распоряжению Потёмкина все эти земли были отобраны у Фабре в казну .	telic	P	были отобраны	ru
Болонино ( Курская область ) Болонино — деревня в Фатежском районе Курской области .	telic			ru
Публиковать стихи начал в студенческие годы .	telic	P	начал	ru
Первые письменные упоминания легенды от Святом Бехнаме относятся к концу XII в . — начала XIII в .	state	D	относятся	ru
Дуниловка Дуниловка — река в России , протекает в Ржевском районе Тверской области .	atelic	D	протекает	ru
Посредник ссылаясь на ошибку сказал , что он достал предмет из мантии .	telic	P	сказал	ru
В 1946 году , спасая свою дочь от наезда советского военного грузовика , Леопольд Соха направил свой велосипед на нее и успел вытолкнуть девушку из-под колёс , но сам при этом погиб .	atelic	P	направил	ru
31,6 % от общего числа семей на момент переписи жили самостоятельно , при этом 16,9 % составили одинокие пожилые люди в возрасте 65 лет и старше .	state	D	жили	ru
Согласно переписи 2002 года , преобладающая национальность — башкиры ( 100 % ) .	state			ru
Был женат на Александре Фёдоровне Натус , от которой имел двоих сыновей .	telic	P	Был женат	ru
Ширина реки в низовьях составляет 10 м , глубина — 1,0 м , грунт дна — твёрдый .	state	D	составляет	ru
Летом группу покинул Майк Моти , и на его место пришёл Эксл Морган .	telic	P	покинул	ru
Предполагается , что он скончался около 845 года и его преемником на кафедре был Арибер I .	state	D	Предполагается	ru
Красная ( приток Оспы ) Красная ( Бура ) — река в России , протекает в Новосибирской области .	atelic	D	протекает	ru
Являлся членом Совета по международным отношениям и Американской коллегии судебных юристов ( ) .	state	D	Являлся	ru
Смит ( Sally O . Smyth ) .	state			ru
На сегодняшний день производится круглый год .	telic	D	производится	ru
В 2007 году начала продаваться специальная версия автомобиля «WTCC street edition» , по мотивам чемпионата WTCC , в котором спортивные Lacetti занимали призовые места .	telic	P	начала продаваться	ru
В 2013 году работал тренером в академии «Краснодара» .	atelic	D	работал	ru
Так как электрическая энергия пропорциональна квадрату напряжения , то основная её часть запасается в обмотке высшего напряжения .	atelic	D	запасается	ru
"В 403 году Хуань Сюань провозгласил создание нового государства Чу , а Сыма Дэвэню дал титул ""Шиян - гуна "" ( 石陽公 ) ."	telic	P	провозгласил	ru
Футбольная команда «Дружба» в селе Осипенко Бердянского района Запорожской области была организована при одноимённом колхозе .	telic	P	была организована	ru
Ритмическая основа для «Chronologie 2» позаимствована с одной из ранних композиций Жарра - «Erosmachine» .	telic	P	позаимствована	ru
"Саги о епископах Саги о епископах ( норв. ""Biskupa sögur "" ) — разновидность исландских саг , относящаяся к числу саг о недавнем прошлом ."	telic			ru
Это сделала дочь князя красавица Тома , ударив себя кинжалом в грудь .	telic	P	сделала	ru
Истоки ирано-иракского пограничного конфликта относятся к середине XIX века , когда в рамках договоров между Персией и Османской империей русло реки Шатт- эль - Араб попало полностью на территорию последней .	state	D	относятся	ru
Протекает по территории Елизовского района Камчатского края России .	atelic	D	Протекает	ru
Увлёкся пейзажем , писал сцены извержения Везувия , как и Фридрих , изображая на первом плане фигурки людей .	atelic	D	Увлёкся	ru
Являлся членом Российской Академии юридических наук , членом Ассоциации юристов России , членом Российской ассоциации международного права , членом Российской криминологической Ассоциации .	state	D	Являлся	ru
Кравцов честолюбив и честен , молод и серьёзен .	state			ru
Ситуация усугубилась нарастанием социальных противоречий в результате ухудшения экономической ситуации из-за Первой мировой войны , а также влиянием происходившей в России революции .	state		усугубилась	ru
Очень скоро «Яир» стало прозвищем Штерна .	state			ru
Через месяц пара выступала в США на серии Гран-при Skate America .	state			ru
София Бранденбургская ( 1568 — 1622 ) София Бранденбургская ( ; 6 июня 1568 , замок Цехлин — 7 декабря 1622 , замок Кольдиц ) — принцесса Бранденбургская , в замужестве курфюрстина Саксонии .	state			ru
В эти годы она совершила поездку во Францию , Италию и Испанию .	state			ru
Противоположностью женственности является маскулинность ( мужеподобность ) — мужской гендерный стереотип , включающий в себя такие черты , как смелость , независимость , уверенность в себе , хладнокровие и рациональность .	state			ru
В мае-июле 1941 года состоялся первый выпуск…» Многие офицеры первого выпуска 1941 года остались в училище и были назначены на командные должности в учебные подразделения .	state			ru
В квалификации соревнований лучники выполняют 12 серий выстрелов по 6 стрел с расстояния 70-ти метров .	state			ru
Позднее добавились маршруты 3а и 4а , общее число возросло до 11 .	state			ru
Удивлённый пастух ударил мясо , тот вырос , и пастух убежал обратно к овцам .	state			ru
О развитии курорта в межвоенной Польше ( 1918—1939 ) свидетельствуют цифры .	state			ru
После завершения игровой карьеры вошёл в тренерский штаб «Левски» .	state			ru
Октябрьский проспект — центральная магистраль Кирова .	state			ru
Интерес к сцене проявился у Татьяны с раннего детства .	state			ru
Развитие гнид платяной вши при температуре 30—31 ° С длится 7—10 суток , если бельё не снимают .	state			ru
13 августа 2014 в ходе голосования , состоявшегося в рамках конгресса FIDE в норвежском городе Тромсё , Филатов был избран на пост вице-президента FIDE .	state			ru
Таким образом , если бы мы получили 4 различных символа , происходящие с равной частотой , то это представило бы 2 бита .	state			ru
Верхняя узкая часть архегония называется шейкой , нижняя расширенная — брюшком .	state			ru
Обладатель I премии Королевской академии изящных искусств в Гранаде .	state			ru
В 1915 году Парвус среди прочих фирм регистрирует в Стокгольме экспортно-импортную фирму «Фабиан Клингслянд» .	state			ru
После просмотров в бельгийском «Генте» в августе 2013 года Рашица отказался от предложения этого клуба , предпочтя выступления на родине .	state			ru
Ныне археологи обоснованно считают их самостоятельным народом , сложившимся на основе местного населения и относят их культуру к Кизил-кобинской .	state			ru
Когда такую карту сканировали , e - Reader выводил на экран консоли данные из Покедекса о том покемоне , который был изображён на отсканированной карте .	state			ru
В течение 1959—1974 годов полностью завершается формирование структуры типовой областной библиотеки , утверждённой новым Уставом .	state			ru
Он договаривается с жителями деревушки Елизаветино о продаже земли под строительство фабрики .	state			ru
Васви Абдураимов родился года в городе Хамза Алтыарыкского района Ферганской области Узбекской ССР , куда его родители были депортированы из Крыма 18 мая 1944 года вместе со всем крымскотатарским народом .	state			ru
Битва произошла в июне по римскому календарю ( в начале мая 53 года до н. э. по современному счёту ) и закончилась гибелью Красса и его армии .	state			ru
После смерти короля Генриха власть сосредоточилась в руках лорда - протектора — Эдуарда Сеймура , герцога Сомерсета , с которым у Дорсета были натянутые отношения .	state			ru
В 1999 году , будучи наставником «Рада» он был признан газетой «Политика» лучшим тренером Первой лиги Сербии .	state			ru
В 1950 году Блудов вместе с соседним Згоржем составил муниципалитет под именем Згорж.	state			ru
В декабре 2005 года она играла в пьесе по мотивам романа Стивена Кинга «Мизери» в Стокгольме .	state			ru
Улица названа по своей главной достопримечательности — Церкви Трифона в Напрудном , жемчужине древней московской архитектуры .	state			ru
21 марта 2019 года дебютировал за национальную сборную , выйдя на замену в матче против сборной Бельгии ( 1:3 ) в рамках отбора к чемпионату Европы 2020 .	state			ru
GAVI пропагандирует широкое использование развивающимися странами пентавалентной вакцины ( Пентаксим ) против 5 наиболее смертельных детских болезней : дифтерии , столбняка , коклюша , гемофильной инфекции тип b , гепатита B .	state			ru
Обладателями четырёх золотых медалей стали восемь спортсменов : Серебряные медали : Бронзовые медали : 2010 год — участие в XXI зимних Олимпийских играх в Ванкувере ( Канада )	state			ru
Чувство гордости заставляло его вести себя так , чтобы никому не одолжаться .	state			ru
Боевая подготовка из-за проблем с размещением началась в феврале 1941 года .	state			ru
В этих поисках ей помогает , а скорее больше мешает , приставленный следить за ней совсем молодой и неопытный агент КГБ .	state			ru
Например , муравьи есть на лицевой стороне серебряных монет Боспорского царства .	state			ru
Все они родились и выросли на территории Российской империи либо в пределах возникшего позже Советского Союза .	state			ru
Хайден иногда участвует в программах своего отца .	state			ru
В 1937 году музей не открывается , и множество работ современных художников , купленных Парижем за время выставки , попадают в коллекцию музея Малого Дворца .	state			ru
Их количество было сокращено до предела .	state			ru
Здание имеет 4 этажа , построено по типовому проекту архитектора Л. А. Степановой .	state			ru
В руки чумной доктор брал длинную трость — её использовали для того , чтобы не дотрагиваться до пациента руками и , кроме того , разгонять на улице досужих зевак , ежели таковые найдутся .	state			ru
Величко , Виктор Васильевич Ви́ктор Васи́льевич Вели́чко ( 16 сентября 1975 , Моздок , Северо-Осетинская АССР , СССР ) — российский военнослужащий , подполковник .	state			ru
"Как отметил журнал ""TV Guide "" , «фильм основан на хорошем сценарии , хорошо написан и сыгран» , показывая «постоянно нарастающий уровень напряжённости и отчаяния в безнадёжной ситуации вплоть до самого финала» ."	state			ru
Имел сильное внешнее сходство с известным актёром Джоном Берримором , что отчасти повлияло на выбор его карьеры .	state			ru
Однако в бухтах вода прогревается до более высоких температур .	state			ru
Средняя многолетняя температура самого холодного месяца ( января ) составляет −8°С , температура самого тёплого ( июля ) — +17,4°С .	state			ru
В 1931 году занял первое место на чемпионате мира в Париже , в котором участвовали только представители Франции .	state			ru
На пике войны в боевых действиях участвовал 50-тысячный южнокорейский корпус .	state			ru
Гришечкин , Вячеслав Германович Вячеслав Германович Гришечкин ( род. 1962 ) — советский и российский актёр театра и кино , режиссёр и театральный педагог .	state			ru
Согласно традиции и легенды о Лункарте , происхождения благородного клана Хэй связано с битвой , которая произошла во времена правления короля Шотландии Кеннета III в 980 году .	state			ru
