Sentence	Class	Subclass	Verb	Language
حتى الآن لا تزال المدينة تحت سيطرة الدولة السورية	state	Imperfective	تزال	ar
والوحيد الذي لم يسقط إلى دوري الدرجة الثانية منذ انضمامه سنة 1908	telic	Imperfective	يسقط	ar
غالبا ما تكون النوبة طارئا طبيا يهدد حياة المريض ويستدعي الرعاية الطبية الفورية	state	Imperfective	ويستدعي	ar
فتمتلك خامس أكبر احتياطي نفطي في العالم	state	Imperfective	فتمتلك	ar
ونقدم له ما يحب أن يسمعه ويراه	atelic	Imperfective	ونقدم	ar
التي كانت تمتد من الساحل جنوب روما إلى حدود البندقية شمالا قاسمة بذلك إيطاليا إلى ثلاث أقسام	telic	Imperfective	تمتد	ar
أصدرت هذه المستعمرات إعلان الاستقلال في الرابع من يوليو عام 1776	atelic	Perfective	أصدرت	ar
أشهرهم إليزابيث الأولى قبل أن تصبح ملكة	telic	Imperfective	تصبح	ar
تطورت الحياة في جنين بصورة متسارعة عبر ما يزيد عن القرن بازدياد عدد اللاجئين إليها	atelic	Imperfective	يزيد	ar
وبقيت حيفا جزءا من الدولة الإسلامية طيلة العهد الأموي والعباسي	state	Perfective	وبقيت	ar
جرت بعض الخلافات خلال تصفيات البطولة	atelic	Perfective	جرت	ar
ثم شرع في انتزاع ممتلكاتهم الواحدة تلو الأخرى في سلسلة من الحملات العسكرية التي دامت عشر سنوات	telic	Perfective	دامت	ar
وكان مارك جاتس قد كتب مؤكدا أن الموسم الرابع سيكون مثل سابقه	telic	Perfective	كتب	ar
لا يوجد علاج حالي للزكام	state	Imperfective	يوجد	ar
تعتبر الجمهورية الرومانية فصلا آخر من روما القديمة والتي استمرت من 509 ق	telic	Perfective	استمرت	ar
وتكون بمعنى الطريقة المسلوكة في الدين	state	Imperfective	وتكون	ar
والذي انتهى بمعركة أكتيوم البحرية ليصبح أغسطس قيصر الحكم الوحيد لروما في 2 سبتمبر 31 ق	telic	Perfective	انتهى	ar
5 مليون وفاة سنويا وتشمل أعراض المرض الرئيسية ضيق في التنفس والسعال وإفراز البلغم	state	Imperfective	وتشمل	ar
تمتعت المدينة بطفرة اقتصادية طويلة الأمد خلال سنوات ما بعد الحرب جاذبة أعدادا ضخمة من المهاجرين القادمين من أرياف جنوب إيطاليا	state	Perfective	تمتعت	ar
الذي يمثل موقعا بيئيا يستقبل المئات من الطيور المهاجرة سنويا والتي تقدر بأزيد من 25	state	Imperfective	يمثل	ar
تعرف بأسماء أخرى في اللغة العربية مثل بيت المقدس	state	Imperfective	تعرف	ar
يمكن للاتصال الجنسي الآمن	state	Imperfective	يمكن	ar
يتألف جزيء الماء من ذرة أكسجين مركزية ترتبط بها ذرتي هيدروجين برابطة تساهمية لتكون صيغته	state	Imperfective	لتكون	ar
هزمت الولايات المتمردة بريطانيا العظمى في الحرب الثورية الأمريكية	telic	Perfective	هزمت	ar
التي تعد أرخبيلا فتقع في منتصف المحيط الهادئ	state	Imperfective	تعد	ar
ويقال أنه يسكن بحيرة لوخ نس في اسكتلندا	state	Imperfective	ويقال	ar
ليصل عدد المنتخبات المتنافسة إلى ثمانية منتخبات تتنافس على لقب بطل القارات	telic	Imperfective	ليصل	ar
فاقتصاده يعتمد على الخدمات السياحية والمصرفية التي تشكل معا أكثر من 65 من مجموع الناتج المحلي	state	Imperfective	تشكل	ar
وفي عصر صدر الإسلام كانت عدن تتبع مخلاف الجند	state	Perfective	كانت	ar
لا يوجد لقاح للزكام	state	Imperfective	يوجد	ar
المرضى الذين يصابون بنوبة قلبية بدون ارتفاع يسمى ذلك نوبة قلبية غير مرتفعة ال بالإنجليزية وتعرف بالمختصر	state	Imperfective	وتعرف	ar
000 طائرا ينتمون إلى 211 صنف مختلفا يتوافدون بشكل منتظم على المنطقة بهدف التوالد والتعشيش والتغذية	state	Imperfective	يتوافدون	ar
لذلك يضاف بكميات قليلة إلى تركيب معاجين الأسنان بالإضافة إلى ملح الطعام وماء الشرب في بعض البلدان	atelic	Imperfective	يضاف	ar
وجعل من المدينة مركزا لإدارته	telic	Perfective	وجعل	ar
وجعل يطعن الأصنام التي كانت حولها بقوس كان معه	telic	Perfective	وجعل	ar
فان فحص أفراد العائلة قد يكشف عن أفراد اخرين يعانون من مشاكل الغدة الدرقية	state	Imperfective	يعانون	ar
في حين يبلغ عدد السكان طبقا لأخر إحصاء 4	state	Imperfective	يبلغ	ar
فاستقر به الحال في القاهرة ليتزوج امرأة مصرية قبطية أنجب منها ثلاثة أبناء منهم نجيب	state	Perfective	فاستقر	ar
هو الاسم الذي يطلق على أحد أبرز الأحداث في التاريخ	state	Imperfective	يطلق	ar
لكن أحدا لم يرصده	state	Imperfective	يرصده	ar
فكانت أول استيطان إنجليزي ناجح في أراضي الولايات المتحدة المستقبلية	state	Perfective	فكانت	ar
وبلغت أوج مجدها عندما كانت عاصمة للدولة الرسولية 1229 1454 م	telic	Perfective	وبلغت	ar
وتأسست على أنقاض مدينة الخط التي أنشأها أردشير بن بابك في النصف الأول من القرن الثالث الميلادي	state	Perfective	وتأسست	ar
مما يؤثر على ما يقرب من كل أنواع الأنسجة في الجسم	atelic	Imperfective	يقرب	ar
أصبح نادي إنتر ميلانو أول نادي في إيطاليا يفوز بالثلاثية والتي تتكون من الكالتشيو	telic	Imperfective	يفوز	ar
حيث أنه كان متأثرا بالثقافة الأوروبية وبغزوات نابليون في إسبانيا وشخصيته	state	Perfective	كان	ar
ازدهرت تجارتهم وكونوا محطات وممالك صغيرة منتشرة في أرجاء الجزيرة العربية مهمتها حماية القوافل	state	Perfective	ازدهرت	ar
منهم فؤاد المهندس الذي اعترف بتأثير أسلوب الريحاني عليه وعلى منهجه التمثيلي	telic	Perfective	اعترف	ar
في حين أن التجمعات الحضرية تبلغ حوالي 6	telic	Imperfective	تبلغ	ar
وكانت بمثابة نقطة البداية التي أخذت بعدها الهزائم تتوالى عليهم حتى تم تحرير كامل الشام من الحكم الصليبي	state	Imperfective	تتوالى	ar
فإن الأنصار يمتلكون ويديرون برشلونة	state	Imperfective	يمتلكون	ar
كان لمعركة الزلاقة تأثير كبير في تاريخ الأندلس الإسلامي	state	Perfective	كان	ar
تكتسب أهميتها باعتبارها العاصمة السياسية والتاريخية للجمهورية اليمنية	telic	Imperfective	تكتسب	ar
عندما بدأت قوانين الاتحاد بالإنجليزية بتنفيذ الشروط المتفق عليها بمعاهدة الاتحاد مع مملكة اسكتلندا التي أبرمت قبل عام	state	Perfective	أبرمت	ar
واستمروا بغزواتهم حتى طردوا جيش المماليك وأعادوه إلى مصر بعد أن عجز عن التغلب عليهم	telic	Perfective	طردوا	ar
7 مليار دولار عالميا وحصلت على 34 ترشيح لجوائز الأوسكار فازت بعشرة منها	telic	Perfective	فازت	ar
والتي تعني فقير أو فقراء	state	Imperfective	تعني	ar
تشمل اختبارات الدم الشائعة التروبونين بالإنجليزية	state	Imperfective	تشمل	ar
وينتج عن ذلك تكون أكسجين كناتج للعملية	state	Imperfective	تكون	ar
كللها برواية الأدب العالمي الشهيرة الأمير الصغير التي ترجمت إلى أكثر من 200 لغة ولهجة	state	Perfective	ترجمت	ar
كما أسست فرقتها المسرحية الخاصة كذلك التي عرفت باسم فرقة بديعة مصابني والتي اكتشفت العديد من المواهب التمثيلية في مصر	state	Perfective	عرفت	ar
أقر ثيودوسيوس الأول المسيحية الديانة الرسمية للإمبراطورية	telic	Perfective	أقر	ar
كان يوهانس كيبلر أول من تنبأ بحدوث عبور الزهرة	state	Perfective	كان	ar
والتي قد تتجمع فيها عبر عملية تحول بطيئة للمواد العضوية دامت عصورا وحقبات طويلة نسبيا	state	Perfective	دامت	ar
وهذا الكوكب يشبه الأرض في البراكين والزلازل البركانية النشطة والجبال والوديان	state	Imperfective	يشبه	ar
الأمر الذي أدى إلى الحد من تطبيقاته في أغلب الدول بعد اكتشاف سميته	telic	Perfective	أدى	ar
كان موكب التتويج يبدأ من البرج وحتى دير وستمنستر	state	Perfective	كان	ar
وفي عام 2011 م حدثت احتجاجات أخرى للمطالبة بإخراج السجناء الذين سجنوا إثر تفجير أبراج الخبر في يونيو 1996 م	telic	Perfective	حدثت	ar
أظهرت إحصائية من عام 2006 أن 26 شخصا فقط نجوا من محاولتهم الانتحارية	telic	Perfective	أظهرت	ar
بطريقة عرض مبهرة كانت تتماشى مع هيمنة روما على العالم	telic	Imperfective	تتماشى	ar
فانضمت قبائل مذحج إلى اتحاد قبائل بكيل	telic	Perfective	فانضمت	ar
حيث يسكنها 15 مليون و 29 ألف نسمة	state	Imperfective	يسكنها	ar
حدثت أزمات مهددة بسقوط الإمبراطورية مما أدى في النهاية إلى تقسيم الإمبراطورية في 286 م	telic	Perfective	حدثت	ar
وقد عرف بلقب ريتشارد قلب الأسد	state	Perfective	عرف	ar
يلفت النظر في المدينة الالتزام الواسع ببناء الجدران الخارجية للبيوت والمباني بالأحجار المحرقة بدل طلائها بالدهان	state	Imperfective	يلفت	ar
حيث تعتبر أكثر المناطق الصربية ازدهارا من الناحية الاقتصادية	state	Imperfective	تعتبر	ar
وهو يغطي 71 من سطحها	state	Imperfective	يغطي	ar
تلقى العرب الكتابة وهم على حالة من البداوة الشديدة	telic	Perfective	تلقى	ar
تكونت الأرض منذ حوالي 4	telic	Perfective	تكونت	ar
وتعتبر عين زمزم من الأماكن المقدسة لديهم	state	Imperfective	وتعتبر	ar
وأضافت أن التحالف السعودي مسؤول عن ضعف عدد الضحايا المدنيين أكثر من باقي القوى مجتمعة	telic	Perfective	وأضافت	ar
وفي سنة 1521 م فتحها العثمانيون وتحولت إلى عاصمة لبشلق سمندرية بالصربية	telic	Perfective	وتحولت	ar
وهذا جعلها نقطة عبور إجبارية	state	Perfective	جعلها	ar
وطرح الخبراء فكرة التنظيف الجاف الذي رفضه وزير الثقافة جوليانو أوروباني	state	NA	رفضه	ar
وقامت عدة دول في العصور الوسطى مثل الدولة الزيادية الدولة اليعفرية والإمامة الزيدية والدولة الطاهرية وأقواها كانت الدولة الرسولية	atelic	Perfective	وقامت	ar
فضربوا حصارا عليها دام ثلاثة أسابيع	telic	Perfective	دام	ar
قدرت جمهرة المنطقة الحضرية لباكو بما يزيد عن مليوني نسمة في سنة 2009 م	state	Imperfective	يزيد	ar
السنة هي الفترة التي تستغرقها الأرض لدورانها حول الشمس	atelic	Imperfective	تستغرقها	ar
يعتبر الموارنة أيضا من دوحة الكنيسة السريانية تاريخيا وطقسيا وثقافيا	state	Imperfective	يعتبر	ar
لكن لا يوجد مصدر مصري يعطي فكرة كاملة وافية عن الأسطورة	atelic	Imperfective	يعطي	ar
أصبحت المدينة موقعا مقدسا	telic	Perfective	أصبحت	ar
لقد تأهلوا منذ ذلك الحين لثلاث بطولات متتالية	telic	Perfective	تأهلوا	ar
مدينة مصرية تلقب ب عروس النيل	telic	Imperfective	تلقب	ar
يلعب الفريق في الدوري الإسباني واختير كأفضل فريق كرة قدم في القرن العشرين	state	Perfective	واختير	ar
يتكون العنقود من نجوم فتية زرقاء ساخنة	state	Imperfective	يتكون	ar
وقد سموا بالأحزاب	telic	Perfective	سموا	ar
انتشرت اللغة التركية وتوسع نطاقها غربا وارتفع عدد متحدثيها مع اتساع رقعة الدولة العثمانية	telic	Imperfective	وتوسع	ar
وتضم أيضا مكتبة الإسكندرية الجديدة التي تتسع لأكثر من 8 ملايين كتاب	state	Imperfective	تتسع	ar
94 مما يجعله ثالث الأجرام تألقا في سماء الليل بعد القمر والزهرة	state	Imperfective	يجعله	ar
ما يصنف شخصيته في نطاق السحرة البيض الذين امتازوا بنوع من العبقرية وغرابة الأطوار مثل مرلين وغاندالف من سيد الخواتم	state	Imperfective	يصنف	ar
وفاز بلقب كأس العالم للأندية	telic	Perfective	وفاز	ar
تتركز فيها الكثير من الدوائر الحكومية	state	Imperfective	تتركز	ar
ومع مرور الوقت تغير اسمها حتى أصبح شركة عبارات البوابة الذهبية بالإنجليزية	atelic	Imperfective	تغير	ar
أما لقب فلسطيني فيشير اليوم	state	Imperfective	فيشير	ar
هذا بالإضافة إلى أنه يعد ثاني أعلى قمر من ناحية الكثافة بعد قمر إيو	state	Imperfective	يعد	ar
يتم إجراء جراحة أو يتم وضع بالون داخل المعدة للتقليل من حجمها و أو تقليل طول الأمعاء	state	Imperfective	يتم	ar
هذه القوى التي تربط الكوارك مع بعضها البعض تدرس في فرع من الفيزياء يدعى الكروموديناميكا الكمية بالإنجليزية	state	Imperfective	تدرس	ar
وقد استضافت الألعاب الأولمبية الشتوية لعامي 1964 و 1976	telic	Perfective	استضافت	ar
وقد وجد علم خاص بدراسة آثار مصر سمي بعلم المصريات	telic	Perfective	وجد	ar
حيث عاش في دوقية أقطانية في جنوب غرب فرنسا	telic	Perfective	عاش	ar
فأنشئت المملكة المتحدة لبريطانيا العظمى وأيرلندا الشمالية الحالية	state	Perfective	فأنشئت	ar
وإذا كان إيه سي ميلان الأول عالميا فهو يأتي الثاني في إيطاليا بعد يوفنتوس	telic	Imperfective	يأتي	ar
تفيد مصادر أخرى أن المغول فقدوا 14	atelic	Imperfective	تفيد	ar
ومتحف النصر للفن الحديث الذي يضم 75 عملا فنيا لكبار فناني مصر في مختلف أفرع الفن التشكيلي	state	Imperfective	يضم	ar
وأحيانا تكون على شكل مشاكل نفسية	state	Imperfective	تكون	ar
مما يؤدي إلى الاضطراب والعواصف على طول هذه الحدود	state	Imperfective	يؤدي	ar
حوى على أولى المراكز الحضارية في العالم التي كانت تشمل المساحة الواقعة بين نهري دجلة والفرات وهي حضارة سومر	state	Perfective	كانت	ar
كان من نتيجة وقوع عمان في مثل هذا الموقع الاستراتيجي في بلاد الشام والشرق الأوسط	state	Perfective	كان	ar
وفي 11 نوفمبر سنة 1962 أصدر الدستور	telic	Perfective	أصدر	ar
فلا يعترف بالقدس عاصمة لإسرائيل	state	Imperfective	يعترف	ar
وفي سنة 2014 احتل النادي المركز الخامس ضمن قائمة فوربس لأغنى أندية كرة القدم في العالم	telic	Perfective	احتل	ar
كما توجد توابع الكواكب التي تسمى الأقمار	state	Imperfective	تسمى	ar
وتلي تليسكوب جاليليو أنواع أخرى أكثر تطورا في بداية القرن التاسع عشر	telic	Imperfective	وتلي	ar
بحيث تكون بطولة تنشيطية قبل بطولة كأس العالم بسنة واحدة وفي نفس الدولة المضيفة لبطولة كأس العالم لاختبار تجهيزات البلد المضيف	state	Imperfective	تكون	ar
ويختلف معنى السنة عند علماء الشريعة بحسب المقصود منها	state	Imperfective	ويختلف	ar
سوء التغذية أو الصغل لغة السغل وهو السيء الغذاء هو مصطلح يشير إلى الاستهلاك غير الكافي	state	Imperfective	يشير	ar
من الرحلات التي اقترح إرسالها في المستقبل ما اقترحه علماء مختبر مولارد لعلوم الفضاء في المملكة المتحدة	telic	Perfective	اقترح	ar
كما يسجل للمنتخب البرازيلي حضوره في كل البطولات	atelic	Imperfective	يسجل	ar
يشار بالذكر إلى أن المدينة قد احتلتها المنظمات اليهودية في 21 نيسان أبريل 1948	telic	Perfective	احتلتها	ar
نادي إنترناسيونالي ميلانو لكرة القدم بالإيطالية أو كما يعرف ب إنترناسيونالي ميلانو بالإيطالية	state	Imperfective	يعرف	ar
حتى قام مقام آخيل	telic	Perfective	قام	ar
خلال ذلك الوقت الطويل كانوا يتحدثون في تلك الأراضي مئات اللهجات التي تولد منها هذا اليوم حوالي 44 لغات ماياوية مختلفة	state	Imperfective	تولد	ar
الذي كان عليه الخلفاء الراشدون وأئمة الدين من الصحابة والتابعين ومن تبعهم بإحسان	state	Perfective	كان	ar
ويعد مركزا تاريخيا لروما والكرسي الرسولي لمناطق خارج الإقليم في إيطاليا	state	Imperfective	ويعد	ar
تنتشر هذه الفيروسات من خلال الهواء أثناء الاتصال المباشر مع الأشخاص المصابين بالمرض	state	Imperfective	تنتشر	ar
ويمكن رؤيتها بكاملها من دوائر عرض عالية نسبيا نتيجة لهذا لكنها تكون قريبة من الأفق	state	Imperfective	ويمكن	ar
وكان لقب أهل السنة يطلق على أهل العلم من أئمة الصحابة ومن تبع طريقتهم المسلوكة في الدين	state	Perfective	وكان	ar
وتحتل المملكة المرتبة التاسعة عشر من بين أكبر اقتصادات العالم وتعتبر السعودية من القوى المؤثرة سياسيا واقتصاديا في العالم	state	Imperfective	وتعتبر	ar
كانت تضطلع بجميع الوظائف الاقتصادية والسياسية والاجتماعية والثقافية التي يمكن للدولة أن تقوم بها	atelic	Imperfective	تضطلع	ar
وسنوا عددا من القوانين والأنظمة لتقنين التجارة في المدينة	telic	Perfective	وسنوا	ar
ويشمل ذلك تخطيط كهربائية القلب رسم القلب	state	Imperfective	ويشمل	ar
كذلك تبدو اللغة السريانية هامة للمنقبين والمؤرخين في الاطلاع على الوثائق والمخطوطات القديمة التي غالبا ما كتبت بالسريانية أو الآرامية	telic	Perfective	كتبت	ar
فاعتبرها الفيفا كاستمرارية لمنتخب تشيكوسلوفاكيا الذي لعب لآخر مرة في بطولة كأس العالم 1990	telic	Perfective	لعب	ar
وإدرجتها في رزنامة بطولات الاتحاد الدولي لكرة القدم وتم تغير مسمى البطولة إلى كأس القارات لكرة القدم	telic	Perfective	وتم	ar
وظائف هرمون الغدة الدرقية تتحكم في وتيرة سرعة جميع العمليات الحيوية في الجسم	state	Imperfective	تتحكم	ar
حيث كشف عمال النظافة عن جداريات حية بألوان نابضة بالحياة تعود لما يقارب 2000 عام	state	Imperfective	تعود	ar
التقط المسبار صورا إضافية كشفت النقاب عن بحار هيدروكربونية على سطح ذلك القمر	telic	Perfective	كشفت	ar
حيث ازدهرت في حوض النهر الأصفر الخصب الذي يتدفق عبر سهل شمال الصين	telic	Perfective	ازدهرت	ar
وتسمى جميع الأجرام ضمن حزام كايبر والقرص المبعثر وسحابة أورط أجرام ما وراء نبتون	state	Perfective	وتسمى	ar
ويدخل فيهم من سواهم ممن تبعهم ووافقهم من المسلمين	atelic	Imperfective	ويدخل	ar
تعتبر سوريا من الدول النامية	state	Imperfective	تعتبر	ar
فإنهم أخذوا عنه علم الدين واهتدوا بهديه وكانوا من بعده قدوة للأمة	telic	Perfective	واهتدوا	ar
وأحيانا تستطيع الشمس جذبها إلى النظام الشمسي الداخلي مما يجعلها من كواكب القنطور الصغيرة ومن ثم مذنبات دورية	state	Imperfective	يجعلها	ar
وأصبح بوليفار ضابطا في جيش الثورة	telic	Perfective	وأصبح	ar
قبل أن تتحول لتصبح عاصمة الخلافة الإسلامية من عام 1517 حتى انحلال الدولة العثمانية عام 1924	telic	Imperfective	لتصبح	ar
كما أن عددا من العادات والمفردات اللغوية والمأكولات التركية أصبحت جزءا من تراث وثقافة شعب بلاد الشام	state	Perfective	أصبحت	ar
تليها الإسكندرية كما يعيش أغلب السكان الباقين في الدلتا وعلى ساحلي البحر المتوسط والبحر الأحمر ومدن قناة السويس	state	Imperfective	يعيش	ar
تحتوي المدينة أيضا على العديد من المؤسسات الثقافية والجامعات التي ضمت 185	state	Imperfective	تحتوي	ar
ليبرز براعته لأول مرة في باريس نفسها حين ساهم في تعضيد حكومة الإدارة وفي القضاء على المظاهرات التي قام بها الملكيون	telic	Perfective	ساهم	ar
عام 635 م دخل المسلمون العرب المدينة وأصبحت مركزا إسلاميا مهما وخاصة أنها مشهورة بوجود قبر الجد الثاني للنبي محمد	telic	Perfective	وأصبحت	ar
وعلى الجانب الآخر خيل له أنه سيكون كاتب سيناريو أو مخرج	state	Perfective	خيل	ar
عندما توفي ألكسندر بسبب عضة قرد	telic	Perfective	توفي	ar
فبني المبنى الجديد في منطقة العلاوي وبسبب هذه المناسبة سمي بالمتحف الوطني العراقي بعدما كان يعرف بمتحف بغداد للآثار	state	Perfective	كان	ar
اشترى النادي مجموعة أبوظبي المتحدة للتنمية والاستثمار وأصبح النادي من أغنى الأندية في العالم	telic	Perfective	اشترى	ar
تتلخص تلك الخطوات في خفض الوزن	state	Imperfective	تتلخص	ar
الإيزيديون هم موحدون يواجهون الشمس في صلواتهم ويؤمنون بتناسخ الأرواح وبسبع ملائكة	state	Imperfective	ويؤمنون	ar
هي بطولة كرة قدم أوروبية سنوية ينظمها الاتحاد الأوروبي لكرة القدم منذ عام 1955 لأفضل أندية كرة القدم في أوروبا	telic	Imperfective	ينظمها	ar
يشبه العبور الكسوف الذي يسببه مرور القمر بين الأرض والشمس	atelic	Imperfective	يسببه	ar
تضم دسوق عددا من المعالم الشهيرة على المستوى الوطني والعالمي	state	Imperfective	تضم	ar
ورغم تكون نويات ذرية بسيطة خلال الثلاث دقائق التالية للانفجار العظيم	state	Imperfective	تكون	ar
حيث إنها تضع تصميماتها في خطوط حرة سائبة لا تحددها خطوط أفقية أو رأسية	state	Imperfective	تضع	ar
أي يبدأ بحلقة خاصة ثم تليه 3 حلقات طويلة	state	Imperfective	تليه	ar
وكانت أول بدعة ظهرت في الإسلام فتنة الخوارج الذين انشقوا عن جماعة المسلمين وأعلنوا خروجهم عن علي بن أبي طالب	telic	Perfective	انشقوا	ar
قام فوياجر 2 بعدد من الاكتشافات الهامة	telic	Perfective	قام	ar
ويعتقد أنها تزيد عن 70	state	Imperfective	ويعتقد	ar
وقد عرض فيلم أحذية البالية في سنة 2007	telic	Perfective	عرض	ar
فإن أقدم ذكر للفظ عرب يعود لنص آشوري من القرن التاسع قبل الميلاد	state	Imperfective	يعود	ar
أصبحت أي مباراة تجمعهما تعرف باسم الكلاسيكو	telic	Perfective	أصبحت	ar
انعكس الاستعمال المفرط للنفط وأنواع الوقود الأحفوري الأخرى سلبا على المحيط الحيوي والنظام البيئي للكرة الأرضية	telic	Perfective	انعكس	ar
كانت أولى أفلامه الروائية تتبع 1998	state	Imperfective	تتبع	ar
وحصل في 2019 على رتبة الإمبراطورية البريطانية لقاء خدماته للفن	telic	Perfective	وحصل	ar
فيما نكر مؤرخون آخرون هذا الكلام مؤكدين أن ابن العلقمي كان ناصحا للخليفة	telic	Perfective	نكر	ar
وهناك كما يقول ملك إسبرطة ارتوينا من كوثر هذه البلاد التي تجري من تحتها الأنهار	state	Imperfective	تجري	ar
فاستجاب لهم من العرب قبيلة قريش وحلفاؤها كنانة الأحابيش	telic	Perfective	فاستجاب	ar
أن سكانها الأوائل كانوا من أصول إيرانية لاطورانية	state	Perfective	كانوا	ar
ولما وصل الأحزاب حدود المدينة المنورة عجزوا عن دخولها	telic	Perfective	وصل	ar
وبعض هؤلاء مات أيضا	telic	Imperfective	مات	ar
بالرغم من ذلك لا يزال العديد من الناس حول العالم يؤمنون بوجود هذا الكائن	state	Imperfective	يزال	ar
وصفت شخصيته بالمبغضة للبشرية	atelic	Perfective	وصفت	ar
تقع في أقصى شمال مصر	state	Imperfective	تقع	ar
وكانت التسمية تطلق على أهل السنة والجماعة تمييزا لهم عن الخوارج والمعتزلة والمجسمة وفرق التشيع وغيرها من الفرق	state	Perfective	وكانت	ar
أصبح الإمبراطور قسطنطين الأول أول إمبراطور يتحول إلى المسيحية وفي 380 م	telic	Imperfective	يتحول	ar
تمتلك النرويج حدودا طويلة مع السويد في الشرق	state	Imperfective	تمتلك	ar
فقد تأسست أولى الحضارات التي عاشت على الزراعة وصناعة السيراميك في شمال شرق الأنديز منذ القرن الثامن عشر قبل ميلاد المسيح	state	Perfective	عاشت	ar
وتوسع مسيطرا على كامل نجد 1921 وتسمت بسلطنة نجد حتى نجح عبد العزيز بانتزاع مملكة الحجاز من يد الهاشميين	telic	Perfective	نجح	ar
كما أن هناك سردابا آخر قريب يعتقد أن جيروم قضى فيه ثلاثين عاما من حياته يترجم الكتاب المقدس	atelic	Imperfective	يترجم	ar
النجم الذي يقع في مركز النظام ويربطه بجاذبيته	state	Imperfective	ويربطه	ar
كشف التحقيق الذي أجرته قوتي شرطة العاصمة وشرطة مدينة لندن	telic	Perfective	أجرته	ar
بينما احتل نادي برشلونة المركز الرابع بعدما قدرت علامته التجارية ب 444 مليون يورو	telic	Perfective	احتل	ar
واتخذوا من تكفير المسلمين مبررا للخروج على ولاة الأمر واستباحوا بذلك دماء المسلمين وأعراضهم وأموالهم بغير حق	telic	Perfective	واستباحوا	ar
فترة زمنية تقترب من فترة دوران الأرض حول الشمس	state	Imperfective	تقترب	ar
وقد واجه معارضة شديدة تخللت أيامه الأخيرة عندما هدف إلى توحيد أمريكا الجنوبية كلها تحت سلطته في اتحاد فيدرالي	atelic	Imperfective	هدف	ar
Sie liegt an dem Fuße des Kupe .	state	durative	liegt	de
Nun wird versucht , die steinzeitliche Gerbetechnik nachzuahmen ( Experimentelle Archäologie ) und herauszufinden , mit welchen Techniken und Werkzeugen die Häute bearbeitet wurden .	atelic	durative	wird versucht	de
Mit der thermischen Verwertung wird das Volumen des Abfalls um 90 Prozent reduziert .	atelic	durative	wird reduziert	de
Er hatte offenbar eine Vorliebe für prachtvolle Bekleidung , keines der dargestellten Königsgewänder wird wiederholt .	state	durative	hatte	de
Die Provinz Lamphun liegt in der Nordregion von Thailand .	state	durative	liegt	de
Mir - Perseus war der siebte französische Raumflug in Zusammenarbeit mit der Sowjetunion bzw . Russland .	state	durative	war	de
"Verfolgt in den Zeiten der Mfecane , ersuchte ihr Anführer Mokuoane 1825 den "" morena "" der Basotho , Moshoeshoe I. , um Schutz ."	telic	durative	verfolgt	de
Hierbei wird jeder Bereich des Unternehmens einbezogen .	atelic	durative	wird einbezogen	de
Diese Sternbedeckung wird von der Türkei , Griechenland und Sizilien aus zu beobachten sein .	atelic	durative	wird zu beobachten sein	de
An dem 30 . Dezember haben sich die Gemeinden Ponson - Debat und Pouts zu der Gemeinde Ponson - Debat - Pouts zusammengeschlossen .	telic	punctual	haben zusammengeschlossen	de
Der Direktaufsteiger wird in einem Rotationsmodus jährlich von einer anderen Regionalliga gestellt .	atelic	punctual	wird gestellt	de
Das Außenministerium Portugals ist das staatliche Organ für die portugiesische Außenpolitik und u. a . für die Diplomatie Portugals zuständig .	state	durative	ist	de
Das kann beispielsweise durch einen Brief des Ministers an den Senat geschehen .	atelic	punctual	kann geschehen	de
Bereits ab 1899 war er als Schauspieler und Regisseur an Theatern in Göteborg tätig .	telic	durative	war tätig	de
1949 emigrierte er nach Chicago ( USA ) .	telic	punctual	emigrierte	de
915 fiel der Zürichgau als Gau des Herzogtums Schwaben zusammen mit dem Thurgau per Heirat an die Burchardinger .	telic	punctual	fiel zusammen	de
"Auch in den hier von der Zeil abzweigenden Straßen "" Fahrgasse "" , "" Schäfergasse "" und "" Große Friedberger Straße "" verkehrten zeitweise Straßenbahnen ."	telic	durative	verkehrten	de
Aber auch hier wurde das Album trotz guter Kritiken nicht sonderlich vermarktet , weshalb es weitgehend erfolglos blieb .	telic	durative	wurde vermarktet	de
Einen wesentlichen Beitrag hierzu leisteten die Aufrufe zu der Besonnenheit durch Domprediger Giselher Quast und Dompredigerin Waltraut Zachhuber .	telic	durative	leisteten	de
Abtahi ist Mitglied der iranischen Partei Verband der kämpfenden Geistlichkeit und versteht sich als Bürgerrechtler .	state	durative	ist	de
Mai Imoh Ezekiel Imoh Ezekiel ( * 24 . Oktober 1993 in Lagos ) ist ein nigerianischer Fußballspieler .	state	durative	ist	de
Werkzeuge und Waffen wurden aus Feuerstein gefertigt .	telic	durative	wurden gefertigt	de
Sie erscheint seit Anfang 2002 jeweils zu dem 20 . eines Monats .	state	durative	erscheint	de
Sie führte ursprünglich mitten durch die Stadt .	state	durative	führte	de
Bei den Olympischen Winterspielen 1952 gewann er als Mitglied der kanadischen Nationalmannschaft die Goldmedaille .	telic	punctual	gewann	de
Der Terminus „ Hütehund “ erschien ihm nur für den kleinen Typ III angemessen .	telic	punctual	erschien	de
Es spielt dann der beste Gruppenerste gegen den schlechtesten Gruppenzweiten ( 1–8 ) .	atelic	durative	spielt	de
Die jeweils andere Charakterisierung ist dann eine Folgerung .	state	durative	ist	de
Zu den neueren Entwicklungen gehört der Rydberg - Maser .	state	durative	gehört	de
Der Südsee dient der Wasserstandsregulierung und dem Hochwasserschutz und ist ein beliebtes Naherholungsgebiet für Spaziergänger , Segler und Angler .	state	durative	dient	de
Köppler studierte von 1945 bis 1948 Rechtswissenschaften an den Universitäten in Erlangen und Mainz .	telic	durative	studierte	de
Derzeit ist jedoch noch keine einheitliche Linie bei der Arzneimittelbevorratung in Europa zu erkennen .	state	durative	ist	de
Um 1650 starb seine Frau Kornelia .	telic	punctual	starb	de
In diesem Abschnitt bildet die SS 231 die vierspurig ausgebaute Tangenziale von Alba .	state	durative	bildet	de
Gebaut wurde er auf Basis eines Satellitenbus der russischen Firma WNIIEM ( ursprünglich : Allunionsweites Wissenschafts - und Forschungsinstitut für Elektromechanik ) .	telic	durative	Gebaut wurde	de
"2016 folgten die Alben "" Live from Mars "" und das jüngste Projekt "" Napoli Trip "" ."	telic	punctual	folgten	de
Als Wilhelm Nietner starb , fand er auf dem Bornstedter Friedhof seine letzte Ruhe .	telic	punctual	starb	de
Das werde den Tatsachen nicht gerecht .	state	durative	werde gerecht	de
Eugen Dickmann übernahm 1835 die Verwaltung des Vermögens seiner Mutter Johanna Nepomucea Edle von Dickmann , die sehr erfolgreich war .	telic	punctual	übernahm	de
Die sechs gleichgeformten Blütenhüllblätter sind zu einer langen , schlanken , fleischigen , zylindrischen Röhre verwachsen .	telic	punctual	sind verwachsen	de
SEALs holen beide aus dem verfeindeten Land .	atelic	durative	holen	de
Die bedeutendste Änderung betrifft den letzten Satz , zu dem der Komponist einen längeren Schluss verfasste .	state	durative	betrifft	de
Ortsteile sind Pluwig , Wilzenburg , Willmerich , Geizenburg und Pluwigerhammer mit dem ehemaligen Bahnhof Pluwig .	state	durative	sind	de
In Gällivare erreichte er in dem Einzel - Weltcuprennen über 15 km auf Anhieb wieder eine Top-10 - Platzierung .	telic	punctual	erreichte	de
Weiterhin soll die Behörde die Gesetzgebung für zivile australische Weltraumaktivitäten administrieren .	atelic	durative	soll administrieren	de
Die Gemeinde Filderstadt kritisiert die Sperrung .	atelic	durative	kritisiert	de
Dieser Achsantrieb ist ein Tadem - Antrieb , dadurch werden die Reibungskräfte optimal ausgenützt .	state	durative	ist	de
Vic bietet an , das zu klären .	atelic	durative	bietet an	de
Die Kahlquellen befinden sich an dem Waldrand oberhalb des zu der Gemeinde Kleinkahl gehörenden Ortes Bamberger Mühle ( Kahlmühle ) .	state	durative	befinden sich	de
Die in den letzten Jahrzehnten gewachsenen gesunden Bäume konnten erhalten und in das Parkkonzept übernommen werden .	telic	durative	konnten	de
Daneben unterrichtete Higgins auch Jazz an der University of California .	telic	durative	unterrichtete	de
 Carpinus omeiensis  blüht von Mai bis Juni , die Früchte reifen von Juli bis August .	state	durative	blüht	de
"Unter dem Label MCA veröffentlichten sie 2002 das zweite Album "" Blazing Arrow "" ."	telic	punctual	veröffentlichten	de
Eines der Hauptprobleme bei der Umsetzung von Schutzmaßnahmen ist das negative Image der Tiere .	state	durative	ist	de
Daher wurde der Kreis nur durch die Bundesstraße 31 und mehrere Kreisstraßen erschlossen .	telic	durative	wurde erschlossen	de
Der Bahnhof Wiedenest war ein Bahnhof an der Bahnstrecke Siegburg – Olpe .	state	durative	war	de
Der promovierte Betriebswirtschaftler betreibt seit 1990 in Frankfurt an dem Main eine Unternehmensberatung .	atelic	durative	betreibt	de
Ab 1841 bezeichnete man als Redif Soldaten , die nach ihrer regulären Dienstzeit weitere sieben Jahre in der Reserve standen .	telic	durative	bezeichnete	de
Dies hatte jedoch keine Auswirkungen an die Teilnahme Zyperns an der Telefonabstimmung .	state	durative	hatte	de
Werner Fohrer Werner Fohrer ( * 1947 in Esslingen ) ist ein deutscher neorealistischer Maler .	state	durative	ist	de
In dem Februar 1867 kam er in den Reichstag ( Norddeutscher Bund ) und das Zollparlament an .	telic	punctual	kam	de
Bei den Leichtathletik - Halleneuropameisterschaften gewann sie in der 4-mal-400 - Meter - Staffel 1971 Bronze und über 800 m 1972 Bronze .	telic	punctual	gewann	de
Diese räumliche Teilung ist durch die blaue Wellenleiste wiedergegeben , die den Schild räumlich unterteilt .	state	durative	ist	de
Damit wird eine Flexibilität erreicht , die es erlaubt , eine individuell auf die jeweilige Ausstellung zugeschnittene Architektur zu entwickeln .	atelic	durative	wird erreicht	de
Dies hatte Umweltbeeinflussungen und Wasserknappheit in der Gegend von Seoul zu der Folge	state	durative	hatte	de
Seit 1876 versuchte das Land , sich durch Aufstände aus dem Herrschaftsbereich der Osmanen zu lösen .	atelic	durative	versuchte	de
Er erzielte mit Roman Molwistow einen siebenten und zwei neunte Plätze und damit in dem Gesamtweltcup Rang zwölf .	telic	punctual	erzielte	de
Croix , wurde eine große Zahl an Sklaven ( auch in Athen ) in der Landwirtschaft eingesetzt , die schließlich der wichtigste Wirtschaftszweig war .	telic	durative	wurde eingesetzt	de
Barkevelde wurde erstmals in dem Jahre 952 urkundlich erwähnt .	telic	punctual	wurde erwähnt	de
Die Nachbargemeinden in der Ebene sind ( von West nach Ost ) Koropi , Peania und Spata - Artemida .	state	durative	sind	de
Die Vergabe der Bauarbeiten des Abstellbahnhofs ist für das 1 . Quartal 2020 vorgesehen ( Stand : Mai 2018 ) .	atelic	durative	ist vorgesehen	de
Hansen machte 1980 in Tallinn Abitur und studierte anschließend in dem Fernstudium an der Universität Tartu estnische Philologie .	telic	durative	machte	de
"Amphoe Nong Kung Si Amphoe Nong Kung Si ( Thai : ) ist ein Landkreis "" ( Amphoe – Verwaltungs - Distrikt ) "" der Provinz Kalasin ."	state	durative	ist	de
An dem 1. Juli 1950 wurde die bis dahin eigenständige Gemeinde Grimschleben eingegliedert .	telic	punctual	wurde eingegliedert	de
Der Entwurf für die Lehrgerüstkonstruktion stammte von dem Schweizer Zimmermeister Richard Coray .	telic	punctual	stammte	de
2009 musste das Ruinenensemble wegen Einsturzgefahr für die Öffentlichkeit gesperrt werden .	telic	durative	musste gesperrt werden	de
Es ist eines der erfolgreichsten Schutzgebiete für Nashörner in Kenia .	state	durative	ist	de
"Die operative Steuerung und Kommunikation zwischen den beteiligten Stellen läuft über eine ( physische oder elektronische ) "" Pendelkarte "" ."	state	durative	läuft	de
Der Angriff blieb der letzte ernsthafte Versuch der Konföderierten , die Belagerung von Petersburg zu beenden .	telic	punctual	blieb	de
Die Auflösung wird ( ohne Beleg ) auf 1396 datiert .	telic	punctual	wird datiert	de
Seinen Namen Hélian nahm er bei seinem ersten Engagement in dem Orchester von Roland Dorsay an .	telic	punctual	nahm an	de
Nachdem er Mickeys neues Versteck ausfindig gemacht hat , trifft er ihn dort mit seiner Tochter an .	telic	durative	ausfindig gemacht hat	de
Er förderte Freizeitaktivitäten und Kabarett in dem Lager .	telic	durative	förderte	de
"Sein Werk "" Einführung in die Baustatik "" war langjähriges Standardwerk für die Ausbildung an den Hochschulen ."	state	durative	war	de
Erhalten sind noch die Strebepfeiler an der Ostseite zwischen zwei Fenstern und axial an den Ecken .	state	durative	erhalten sind	de
Die Delegierten des in Berlin tagenden V. Parteitages ( 1. – 3 . November 1920 ) bestätigten die bisherige Zentrale .	telic	punctual	bestätigten	de
"Wichmannshausen galt wegen seines enormen Wissens als das "" lebendige Archiv "" des Oberbergamtes ."	state	durative	galt	de
Seit dem Jahr 2000 ist er Redakteur der Kleinen Zeitung und lebt mit seiner Familie in der Nähe von Graz .	state	durative	ist	de
In Berlin war er fünf Jahre lang Hauslehrer bei dem Oberlandesältesten Jacob Moses .	state	durative	war	de
1864 zog er nach Ellenville und ging Bauholzgeschäften nach .	telic	durative	zog	de
Sie war eine lose Vereinigung , die 1784 mit Genehmigung des Kaisers Joseph II .	state	durative	war	de
Er liegt im nördlichen Bereich der Fundelkopf - Gruppe .	state	durative	liegt	de
In dem Jahr 1968 folgte die Empfehlung der Fachkommission , es solle die erste Bauetppe baldmöglichst begonnen werden.	telic	punctual	folgte	de
"Mit "" Corridors of Power "" erlebte Moore seinen kommerziellen Durchbruch ."	telic	punctual	erlebte	de
1863 erhielt er einen neuen Ruf der Hannoveraner Tierarzneischule .	telic	punctual	erhielt	de
"Williams war mehrmals in der amerikanischen Talkshow "" The Talk "" als Co - Moderatorin zu sehen ."	state	durative	war zu sehen	de
" Sholinghur  oder "" Sholingur "" ist die anglisierte Schreibweise des tamilischen Namens "" Solingar "" ( auch "" Sholingar "" oder "" Cholingar "" ) ."	state	durative	ist	de
Er trat jedoch wegen der Erkrankung seiner Ehefrau aus der Mannschaft aus und wurde durch Scully - Power ersetzt .	telic	punctual	trat aus	de
Nach Heinrich Barth stammt das Minarett aus dem Jahr 1844 .	state	durative	stammt	de
Nachdem auch diese schnell ausverkauft waren , wurden noch drei weitere Zusatzkonzerte an dem 28. , 29. und 31 . Januar eingelegt .	state	durative	ausverkauft waren	de
Seine Bühnenphilospophie beschreibt Peter Wagner mit „ Theater an dem Ort “ .	atelic	durative	beschreibt	de
Sie dienen der Wasserregulierung von insgesamt ca . 195 km ² Binnenland .	state	durative	dienen	de
2000 blieb sie als Siegerin des Prag - Marathons das erste Mal unter 2:30 Stunden bei einem Marathonlauf .	telic	punctual	blieb	de
Sein Hauptinteresse galt dem Studium der antiken Religionen , insbesondere der orientalischen Kulte in dem Römischen Reich .	telic	durative	galt	de
Mit Otto Freytag ( 1888–1980 ) lebte sie ab ca . 1934 zusammen .	state	durative	lebte	de
Von dem Missale ist kein einziges Exemplar vollständig erhalten , es sind aber fünfzehn unvollständige Exemplare bekannt .	state	durative	ist	de
Zwischen 1811 und 1813 vertrat er den Bundesstaat Pennsylvania in dem US - Repräsentantenhaus .	telic	durative	vertrat	de
Die DDR - Staatsführung versuchte von der Tradition der Arbeitersportbewegung zu partizipieren .	telic	durative	versuchte	de
Sawtschenko selbst gibt an , dass sie von den Separatisten gegen ihren Willen an die russischen Behörden übergeben wurde .	atelic	durative	gibt an	de
Gleichzeitig kamen zwei Gemeinden aus dem großherzoglich hessischen Landgericht Vilbel ( Rödelheim und Niederursel ) zu dem Gerichtsbezirk Homburg dazu .	telic	punctual	kamen dazu	de
Es kam zu keinem Rettungseinsatz in diesem Zeitraum .	state	durative	kam	de
Die Wiechquaeskeck hatten zuvor eine 80- köpfige Strafexpedition der Niederländer vernichtet , und diese sahen jetzt eine Gelegenheit zu der Revanche .	telic	durative	hatten vernichtet	de
Es seien Passagen aus Vircondelets Biografie über Séraphine ohne seine Erlaubnis in das Drehbuch aufgenommen worden .	telic	punctual	seien aufgenommen worden	de
"Jung bemühte sich , als die Mainzer Universität als "" Lycée superieur "" wiederbelebt werden sollte , eine Berufung Fichtes dorthin durchzusetzen , scheiterte jedoch ."	telic	durative	bemühte	de
Die Kirche wurde 1823 erbaut .	telic	durative	wurde erbaut	de
"Als solcher wird die Kette thematisiert in den Filmkomödien "" Wiener Dog Nationals "" von 2013 und "" Wiener Dog Internationals "" von 2014 ."	state	durative	wird thematisiert	de
Die Semifinali und das Finale werden ebenfalls jeweils Best- of - Five gespielt .	atelic	durative	werden gespielt	de
Das bedeutet , dass wir nicht wissen , ob unsere formale Lösung auch wirklich Lösung unseres Neumannproblems ist .	state	durative	bedeutet	de
Da Dynamo Dresden 1968 aus der Oberliga abgestiegen war , verzögerte sich Dörners Einstand als Erstligaspieler um ein Jahr .	telic	punctual	abgestiegen war	de
Sie setzte teils moderne Triebwagen des Typs Talent , teils ältere Triebwagenmodelle ein .	telic	durative	setzte ein	de
Bei Regenwetter bleiben die Blüten geschlossen und gelten daher auch als Wetterpropheten .	state	durative	bleiben	de
Der Flughafen hat eine rund 2440 Meter lange Start - und Landebahn ( 05/23 ) .	state	durative	hat	de
Der Flugplatz Tannheim EDMT ist ein deutscher Flugplatz .	state	durative	ist	de
Daher wurde Tyler bereits in dem September 1841 formell aus der Partei ausgeschlossen .	telic	punctual	wurde ausgeschlossen	de
Als Synchronsprecherin arbeitete Werner etwa vier Jahre .	telic	durative	arbeitete	de
Ab 1760 folgte der Bau eines Klosters unmittelbar an die Kirche anschließend , sämtliche Baukosten trug Papst Clemens XIII .	telic	durative	folgte	de
 Siemens KWU  bot Fürth 1985 eine kostenlose Versuchsanlage zu der Müllverschwelung an .	telic	durative	bot an	de
Der Flughafen Suvarnabhumi ist von Bangkok aus mit dem Airport Rail Link erreichbar .	state	durative	ist	de
Die gewonnenen Daten werden auch mit dem Überwachungssystem Sentry ausgewertet .	atelic	durative	werden ausgewertet	de
Von 1929 bis 1931 war er Mitglied der SAJ und seit 1931 Mitglied des KJVD .	state	durative	war	de
Laut Stiftung Warentest sollen Zink - Verbindungen der Bildung von Zahnstein vorbeugen .	atelic	durative	sollen vorbeugen	de
Die bekannteste und älteste Förderaktivität der Wilhelm und Else Heraeus - Stiftung ist die Organisation von wissenschaftlichen Seminaren ( WE - Heraeus - Seminare ) .	state	durative	ist	de
Sie kommt nur in Korsika vor .	state	durative	kommt vor	de
In Syrien befanden sich 2011 9 Flüchtlingslager ( davon 3 unoffiziell * ) mit 526.744 registrierten Flüchtlingen .	state	durative	befanden sich	de
„ Über die Grenzen gehen “ ist ein Anliegen , das sich auch in der Arbeitsweise des Literaturhauses Mattersburg findet .	atelic	durative	gehen	de
In dem August 1169 unterstützte er Heinrich II .	telic	durative	unterstützte	de
Der Führungsarm wird weit nach vorne gebracht .	atelic	durative	wird gebracht	de
In die Basaltsäulen werden oft Gesichter interpretiert , vor allem bei sehr dichtem Nebel .	atelic	durative	werden interpretiert	de
"1967 verpachtete die Verlegerfamilie Ehrenklau die Zeitung an das Druck - und Pressehaus Brühl in Gießen , die Muttergesellschaft des "" Gießener Anzeiger "" ."	telic	durative	verpachtete	de
"Größere Handzimbeln "" ( chabara ) "" kommen dort bei buddhistischen Zeremonien zu dem Einsatz ."	atelic	durative	kommen	de
Huot war Mitglied der Demokratischen Partei .	state	durative	war	de
In dem Mittelpunkt steht der Rechtsanwalt Owen Marshall aus der kalifornischen Stadt Santa Barbara .	state	durative	steht	de
Dieser Verstoß gegen das Handelsgesetzbuch wurde aber von dem zuständigen Amtsgericht Halle nicht geahndet .	telic	punctual	wurde geahndet	de
Das Klima in Krems bildet ein Übergangsklima mit ozeanischen Einflüssen aus dem Westen sowie kontinentalen Einflüssen aus dem Osten .	state	durative	bildet	de
Nachdem sie 1709/10 renoviert worden war , wurde sie 1745 durch das heute bestehende Gebäude ersetzt .	telic	durative	renoviert worden war	de
Die Treppenstufen zu dem Chor wurden verbreitert , so dass sich jetzt Chöre besser aufstellen und platzieren können .	telic	durative	wurden verbreitert	de
"Überdies engagiert sie sich weiterhin in dem Beirat des "" Bündnis für Demokratie und Toleranz "" ."	atelic	durative	engagiert sich	de
Die nun entstehenden Bauten waren Teil der römischen Reichsarchitektur , die anderen Zielen diente und weiterentwickelte Formen der Gestaltung benutzte .	state	durative	waren	de
Diese Energie kann man direkt messen , wenn man Ladungen in dem Vakuum , innerhalb eines Metalls oder zwischen zwei Metallpolen bewegt .	state	durative	kann	de
Bohrer haben nur an ihrer Spitze Schneiden .	state	durative	haben	de
Die Oschwald Brüder beschlossen , ein eigenes Kamerasystem zu entwickeln , das auf dem Prinzip der optischen Bank beruht .	telic	punctual	beschlossen	de
Er wird in der römisch - katholischen und der griechisch - orthodoxen Kirche als Heiliger verehrt .	state	durative	wird verehrt	de
" Equus  selber ging höchstwahrscheinlich aus "" Dinohippus "" hervor , wobei noch Unterscheidungsschwierigkeiten zwischen dieser Gattung und den frühesten modernen Pferden bestehen ."	telic	durative	ging hervor	de
1862 erreichte eine schwere Pockenepidemie die Klahoose .	telic	durative	erreichte	de
Anvelt hat aus dem Englischen und Deutschen übersetzt , später auch aus dem Russischen und Lateinischen .	telic	durative	hat übersetzt	de
1965 wurde Antrag auf staatliche Anerkennung der Beschäftigungstherapeuten auf Bundesebene gestellt .	telic	durative	wurde gestellt	de
Er startet in der Gewichtsklasse bis 58 Kilogramm .	atelic	durative	startet	de
Damit versorgt die Bahn die Hütten an dem Schneeberg .	atelic	durative	versorgt	de
Durch ein EEG ( Messung der Gehirnströme ) werden Veränderungen sichtbar gemacht und die Untersuchung zeigt auch ob Krampfanfälle vorliegen .	atelic	durative	werden sichtbar gemacht	de
Die Arbeit des HEROLDs - Ausschusses richtet sich nach dem Statut der DWR .	atelic	durative	richtet sich	de
Neben dem Werk von Franz Gertsch zeigt das Museum auch regelmässig Wechselausstellungen , die ein breites Spektrum zeitgenössischer Kunst vorstellen .	state	durative	zeigt	de
Die ganze Gemeinde bietet viele Hotels , Pensionen und Campingplätze .	state	durative	bietet	de
Der schottische Ligapokal , begann an dem 31 . Juli 1999 und endete mit dem Finale an dem 19 .	telic	punctual	begann	de
Die Leere großer Leinwände und kleinerer Papierformate wurde in flüssig - handschriftlichem Gestus mit Linien überzogen .	telic	durative	wurde überzogen	de
" Wünsch DIR was  wurde in dem Sommer 1993 von dem Album "" Kauf MICH "" als Single ausgekoppelt ."	telic	punctual	wurde ausgekoppelt	de
Dazu zählen Kaffeekapseln , Verpackungen für Tee , Pharmaerzeugnisse , Haustierfutter , Molkereiprodukte und andere Lebensmittel .	state	durative	zählen	de
Geschrieben wurde das Werk zwischen Januar und Juni 1916 .	telic	durative	geschrieben wurde	de
Auf der Bahn belegte er Platz sechs in dem Zweier - Mannschaftsfahren ( mit Robert Kessler ) und Platz sieben in der Einerverfolgung .	telic	punctual	durative	de
Das restaurierte Gebäude ist zu einem Museum umfunktioniert worden .	state	durative	ist	de
In dem Jahre 1785 wurde zusammen mit dem Kaplanat auch eine Dorfschule errichtet .	telic	durative	wurde errichtet	de
Bauch und Steiß sind verwaschen hellblau .	state	durative	sind	de
Für die Einführung des mehrfach verschobenen neuen Preissystems sollte Kurs 90 durch ein neues Vertriebssystem ersetzt werden .	atelic	durative	sollte ersetzt werden	de
Die KD wird von 43 freiberuflichen Verkaufsagenturen entlang der Fahrtstrecke unterstützt .	state	durative	wird unterstützt	de
"Bis 1999 führten "" Sasha Waltz & Guests "" alle ihre produzierten Stücke in den Sophiensälen auf ."	telic	durative	führten auf	de
Die Bar war die wichtigste Einkommensquelle an dem Areal .	state	durative	war	de
"Ein Angreifer bricht die "" Einwegeigenschaft "" eines Verschlüsselungsverfahrens , wenn er zu einem beliebigen Chiffrat den zugehörigen Klartext bestimmen kann ."	atelic	durative	bricht	de
Fritzsche war von 2011 bis 2016 Geschäftsführerin der Linksfraktion in dem Bezirk Harburg .	state	durative	war	de
Die Japan Super Series 2009 waren das achte Turnier der BWF Super Series 2009 in dem Badminton .	state	durative	waren	de
Friedrich und die junge Frau finden schnell Gefallen aneinander und bald verbindet sie ein inniges Verhältnis .	atelic	durative	finden gefallen	de
Das Klima ist tropisch - monsunal .	state	durative	ist	de
Es gibt Berichte über einzelgängerische Tiere , über stabile Paarbindungen und über das Zusammenleben in Gruppen .	state	durative	gibt	de
Dabei mussten die Alliierten sich der vorhandenen Rundfunk - Infrastruktur bedienen , wobei sich die Besatzungszonen und alte deutsche Strukturen überlagerten .	telic	durative	mussten sich bedienen	de
An dem 1. April 1971 wurde die bis dahin selbständige Gemeinde Rosenau eingegliedert .	telic	punctual	wurde eingegliedert	de
Der Buschmannhase wird als eigenständige Art und monotypische Gattung den Hasen ( Leporidae ) zugeordnet .	state	durative	wird zugeordnet	de
Die chaotischen Zustände zu Beginn der Revolution schmälerten den Verkaufserfolg des Buches .	telic	durative	schmälerten	de
2003 kam er in Dubai durch eine Wildcard zu seinem ersten Auftritt auf der ATP World Tour .	telic	punctual	kam	de
Grundlage ist die Denkmalliste des Landkreises Saalfeld - Rudolstadt .	state	durative	ist	de
Unter anderem werden Bachelor of Arts Honours - Studiengänge in Theologie , Theologie und Seelsorge sowie Theologie und Musik angeboten .	state	durative	werden angeboten	de
Das Reihengrab wird von dem Friedhofsträger nebeneinander in zeitlicher Reihenfolge „ der Reihe nach “ vergeben .	atelic	durative	wird vergeben	de
Robinow war hauptsächlich als Funktionär bekannt .	state	durative	war bekannt	de
Sie hat »wie eine Irre die Foto - Modellbücher geklebt « , die alle an andere Theater verschickt wurden .	telic	durative	hat geklebt	de
Demonstranten schossen mit Steinschleudern , warfen Steine und zündeten Mülltonnen an , damit der entstehende Rauch den des Tränengases verdrängt .	telic	durative	schossen	de
Die Gemeinde ist nur über Landstraßen an die umliegenden Orte angeschlossen .	state	durative	ist	de
Bathe gilt als Pionier auf dem Gebiet der Finite - Elemente - Methode .	state	durative	gilt	de
Wellington House ist ein historisches Gebäude in Jamestown auf der Insel St. Helena .	state	durative	ist	de
Sırrı Acar und Bobe Dorosiew hatten jeweils 7 Fehlpunkte und gingen leer aus .	state	durative	hatten	de
Dafür wurden 58 Millionen Euro in dem Dezember 2015 freigegeben .	telic	punctual	wurden freigegeben	de
Das Unternehmen hat Vertriebs - und Marketingbüros in Jericho , New York .	state	durative	hat	de
Er trägt einen roten Mantel , seine Gliedmaßen sind durch das Licht modelliert .	state	durative	trägt	de
Markgraf Georg Wilhelm ließ in Neustädtlein über den Grundmauern eines mittelalterlichen Adelssitzes ein Jagdschlösschen errichten .	telic	durative	ließ errichten	de
Aber schon während des Baues wurde diese um einen Meter auf 3,75 Meter dachmittig erhöht .	telic	durative	wurde erhöht	de
1928 gehörte er zu dem Olympiakader der Niederländer .	telic	durative	gehörte	de
Die Bewohner der Küsten erkannten ihrerseits schnell , an welchen Gütern die Besucher Interesse hatten .	telic	punctual	erkannten	de
Nach der Vertragsauflösung wechselte Jhonnes nach Lettland zu dem FK Liepājas Metalurgs .	telic	punctual	wechselte	de
