Sentence	Class	Subclass	Verb	Language
حتى الآن لا تزال المدينة تحت سيطرة الدولة السورية	state	Imperfective	تزال	ar
والوحيد الذي لم يسقط إلى دوري الدرجة الثانية منذ انضمامه سنة 1908	telic	Imperfective	يسقط	ar
غالبا ما تكون النوبة طارئا طبيا يهدد حياة المريض ويستدعي الرعاية الطبية الفورية	state	Imperfective	ويستدعي	ar
فتمتلك خامس أكبر احتياطي نفطي في العالم	state	Imperfective	فتمتلك	ar
ونقدم له ما يحب أن يسمعه ويراه	atelic	Imperfective	ونقدم	ar
التي كانت تمتد من الساحل جنوب روما إلى حدود البندقية شمالا قاسمة بذلك إيطاليا إلى ثلاث أقسام	telic	Imperfective	تمتد	ar
أصدرت هذه المستعمرات إعلان الاستقلال في الرابع من يوليو عام 1776	atelic	Perfective	أصدرت	ar
أشهرهم إليزابيث الأولى قبل أن تصبح ملكة	telic	Imperfective	تصبح	ar
تطورت الحياة في جنين بصورة متسارعة عبر ما يزيد عن القرن بازدياد عدد اللاجئين إليها	atelic	Imperfective	يزيد	ar
وبقيت حيفا جزءا من الدولة الإسلامية طيلة العهد الأموي والعباسي	state	Perfective	وبقيت	ar
جرت بعض الخلافات خلال تصفيات البطولة	atelic	Perfective	جرت	ar
ثم شرع في انتزاع ممتلكاتهم الواحدة تلو الأخرى في سلسلة من الحملات العسكرية التي دامت عشر سنوات	telic	Perfective	دامت	ar
وكان مارك جاتس قد كتب مؤكدا أن الموسم الرابع سيكون مثل سابقه	telic	Perfective	كتب	ar
لا يوجد علاج حالي للزكام	state	Imperfective	يوجد	ar
تعتبر الجمهورية الرومانية فصلا آخر من روما القديمة والتي استمرت من 509 ق	telic	Perfective	استمرت	ar
وتكون بمعنى الطريقة المسلوكة في الدين	state	Imperfective	وتكون	ar
والذي انتهى بمعركة أكتيوم البحرية ليصبح أغسطس قيصر الحكم الوحيد لروما في 2 سبتمبر 31 ق	telic	Perfective	انتهى	ar
5 مليون وفاة سنويا وتشمل أعراض المرض الرئيسية ضيق في التنفس والسعال وإفراز البلغم	state	Imperfective	وتشمل	ar
تمتعت المدينة بطفرة اقتصادية طويلة الأمد خلال سنوات ما بعد الحرب جاذبة أعدادا ضخمة من المهاجرين القادمين من أرياف جنوب إيطاليا	state	Perfective	تمتعت	ar
الذي يمثل موقعا بيئيا يستقبل المئات من الطيور المهاجرة سنويا والتي تقدر بأزيد من 25	state	Imperfective	يمثل	ar
تعرف بأسماء أخرى في اللغة العربية مثل بيت المقدس	state	Imperfective	تعرف	ar
يمكن للاتصال الجنسي الآمن	state	Imperfective	يمكن	ar
يتألف جزيء الماء من ذرة أكسجين مركزية ترتبط بها ذرتي هيدروجين برابطة تساهمية لتكون صيغته	state	Imperfective	لتكون	ar
هزمت الولايات المتمردة بريطانيا العظمى في الحرب الثورية الأمريكية	telic	Perfective	هزمت	ar
التي تعد أرخبيلا فتقع في منتصف المحيط الهادئ	state	Imperfective	تعد	ar
ويقال أنه يسكن بحيرة لوخ نس في اسكتلندا	state	Imperfective	ويقال	ar
ليصل عدد المنتخبات المتنافسة إلى ثمانية منتخبات تتنافس على لقب بطل القارات	telic	Imperfective	ليصل	ar
فاقتصاده يعتمد على الخدمات السياحية والمصرفية التي تشكل معا أكثر من 65 من مجموع الناتج المحلي	state	Imperfective	تشكل	ar
وفي عصر صدر الإسلام كانت عدن تتبع مخلاف الجند	state	Perfective	كانت	ar
لا يوجد لقاح للزكام	state	Imperfective	يوجد	ar
المرضى الذين يصابون بنوبة قلبية بدون ارتفاع يسمى ذلك نوبة قلبية غير مرتفعة ال بالإنجليزية وتعرف بالمختصر	state	Imperfective	وتعرف	ar
000 طائرا ينتمون إلى 211 صنف مختلفا يتوافدون بشكل منتظم على المنطقة بهدف التوالد والتعشيش والتغذية	state	Imperfective	يتوافدون	ar
لذلك يضاف بكميات قليلة إلى تركيب معاجين الأسنان بالإضافة إلى ملح الطعام وماء الشرب في بعض البلدان	atelic	Imperfective	يضاف	ar
وجعل من المدينة مركزا لإدارته	telic	Perfective	وجعل	ar
وجعل يطعن الأصنام التي كانت حولها بقوس كان معه	telic	Perfective	وجعل	ar
فان فحص أفراد العائلة قد يكشف عن أفراد اخرين يعانون من مشاكل الغدة الدرقية	state	Imperfective	يعانون	ar
في حين يبلغ عدد السكان طبقا لأخر إحصاء 4	state	Imperfective	يبلغ	ar
فاستقر به الحال في القاهرة ليتزوج امرأة مصرية قبطية أنجب منها ثلاثة أبناء منهم نجيب	state	Perfective	فاستقر	ar
هو الاسم الذي يطلق على أحد أبرز الأحداث في التاريخ	state	Imperfective	يطلق	ar
لكن أحدا لم يرصده	state	Imperfective	يرصده	ar
فكانت أول استيطان إنجليزي ناجح في أراضي الولايات المتحدة المستقبلية	state	Perfective	فكانت	ar
وبلغت أوج مجدها عندما كانت عاصمة للدولة الرسولية 1229 1454 م	telic	Perfective	وبلغت	ar
وتأسست على أنقاض مدينة الخط التي أنشأها أردشير بن بابك في النصف الأول من القرن الثالث الميلادي	state	Perfective	وتأسست	ar
مما يؤثر على ما يقرب من كل أنواع الأنسجة في الجسم	atelic	Imperfective	يقرب	ar
أصبح نادي إنتر ميلانو أول نادي في إيطاليا يفوز بالثلاثية والتي تتكون من الكالتشيو	telic	Imperfective	يفوز	ar
حيث أنه كان متأثرا بالثقافة الأوروبية وبغزوات نابليون في إسبانيا وشخصيته	state	Perfective	كان	ar
ازدهرت تجارتهم وكونوا محطات وممالك صغيرة منتشرة في أرجاء الجزيرة العربية مهمتها حماية القوافل	state	Perfective	ازدهرت	ar
منهم فؤاد المهندس الذي اعترف بتأثير أسلوب الريحاني عليه وعلى منهجه التمثيلي	telic	Perfective	اعترف	ar
في حين أن التجمعات الحضرية تبلغ حوالي 6	telic	Imperfective	تبلغ	ar
وكانت بمثابة نقطة البداية التي أخذت بعدها الهزائم تتوالى عليهم حتى تم تحرير كامل الشام من الحكم الصليبي	state	Imperfective	تتوالى	ar
فإن الأنصار يمتلكون ويديرون برشلونة	state	Imperfective	يمتلكون	ar
كان لمعركة الزلاقة تأثير كبير في تاريخ الأندلس الإسلامي	state	Perfective	كان	ar
تكتسب أهميتها باعتبارها العاصمة السياسية والتاريخية للجمهورية اليمنية	telic	Imperfective	تكتسب	ar
عندما بدأت قوانين الاتحاد بالإنجليزية بتنفيذ الشروط المتفق عليها بمعاهدة الاتحاد مع مملكة اسكتلندا التي أبرمت قبل عام	state	Perfective	أبرمت	ar
واستمروا بغزواتهم حتى طردوا جيش المماليك وأعادوه إلى مصر بعد أن عجز عن التغلب عليهم	telic	Perfective	طردوا	ar
7 مليار دولار عالميا وحصلت على 34 ترشيح لجوائز الأوسكار فازت بعشرة منها	telic	Perfective	فازت	ar
والتي تعني فقير أو فقراء	state	Imperfective	تعني	ar
تشمل اختبارات الدم الشائعة التروبونين بالإنجليزية	state	Imperfective	تشمل	ar
وينتج عن ذلك تكون أكسجين كناتج للعملية	state	Imperfective	تكون	ar
كللها برواية الأدب العالمي الشهيرة الأمير الصغير التي ترجمت إلى أكثر من 200 لغة ولهجة	state	Perfective	ترجمت	ar
كما أسست فرقتها المسرحية الخاصة كذلك التي عرفت باسم فرقة بديعة مصابني والتي اكتشفت العديد من المواهب التمثيلية في مصر	state	Perfective	عرفت	ar
أقر ثيودوسيوس الأول المسيحية الديانة الرسمية للإمبراطورية	telic	Perfective	أقر	ar
كان يوهانس كيبلر أول من تنبأ بحدوث عبور الزهرة	state	Perfective	كان	ar
والتي قد تتجمع فيها عبر عملية تحول بطيئة للمواد العضوية دامت عصورا وحقبات طويلة نسبيا	state	Perfective	دامت	ar
وهذا الكوكب يشبه الأرض في البراكين والزلازل البركانية النشطة والجبال والوديان	state	Imperfective	يشبه	ar
الأمر الذي أدى إلى الحد من تطبيقاته في أغلب الدول بعد اكتشاف سميته	telic	Perfective	أدى	ar
كان موكب التتويج يبدأ من البرج وحتى دير وستمنستر	state	Perfective	كان	ar
وفي عام 2011 م حدثت احتجاجات أخرى للمطالبة بإخراج السجناء الذين سجنوا إثر تفجير أبراج الخبر في يونيو 1996 م	telic	Perfective	حدثت	ar
أظهرت إحصائية من عام 2006 أن 26 شخصا فقط نجوا من محاولتهم الانتحارية	telic	Perfective	أظهرت	ar
بطريقة عرض مبهرة كانت تتماشى مع هيمنة روما على العالم	telic	Imperfective	تتماشى	ar
فانضمت قبائل مذحج إلى اتحاد قبائل بكيل	telic	Perfective	فانضمت	ar
حيث يسكنها 15 مليون و 29 ألف نسمة	state	Imperfective	يسكنها	ar
حدثت أزمات مهددة بسقوط الإمبراطورية مما أدى في النهاية إلى تقسيم الإمبراطورية في 286 م	telic	Perfective	حدثت	ar
وقد عرف بلقب ريتشارد قلب الأسد	state	Perfective	عرف	ar
يلفت النظر في المدينة الالتزام الواسع ببناء الجدران الخارجية للبيوت والمباني بالأحجار المحرقة بدل طلائها بالدهان	state	Imperfective	يلفت	ar
حيث تعتبر أكثر المناطق الصربية ازدهارا من الناحية الاقتصادية	state	Imperfective	تعتبر	ar
وهو يغطي 71 من سطحها	state	Imperfective	يغطي	ar
تلقى العرب الكتابة وهم على حالة من البداوة الشديدة	telic	Perfective	تلقى	ar
تكونت الأرض منذ حوالي 4	telic	Perfective	تكونت	ar
وتعتبر عين زمزم من الأماكن المقدسة لديهم	state	Imperfective	وتعتبر	ar
وأضافت أن التحالف السعودي مسؤول عن ضعف عدد الضحايا المدنيين أكثر من باقي القوى مجتمعة	telic	Perfective	وأضافت	ar
وفي سنة 1521 م فتحها العثمانيون وتحولت إلى عاصمة لبشلق سمندرية بالصربية	telic	Perfective	وتحولت	ar
وهذا جعلها نقطة عبور إجبارية	state	Perfective	جعلها	ar
وطرح الخبراء فكرة التنظيف الجاف الذي رفضه وزير الثقافة جوليانو أوروباني	state	NA	رفضه	ar
وقامت عدة دول في العصور الوسطى مثل الدولة الزيادية الدولة اليعفرية والإمامة الزيدية والدولة الطاهرية وأقواها كانت الدولة الرسولية	atelic	Perfective	وقامت	ar
فضربوا حصارا عليها دام ثلاثة أسابيع	telic	Perfective	دام	ar
قدرت جمهرة المنطقة الحضرية لباكو بما يزيد عن مليوني نسمة في سنة 2009 م	state	Imperfective	يزيد	ar
السنة هي الفترة التي تستغرقها الأرض لدورانها حول الشمس	atelic	Imperfective	تستغرقها	ar
يعتبر الموارنة أيضا من دوحة الكنيسة السريانية تاريخيا وطقسيا وثقافيا	state	Imperfective	يعتبر	ar
لكن لا يوجد مصدر مصري يعطي فكرة كاملة وافية عن الأسطورة	atelic	Imperfective	يعطي	ar
أصبحت المدينة موقعا مقدسا	telic	Perfective	أصبحت	ar
لقد تأهلوا منذ ذلك الحين لثلاث بطولات متتالية	telic	Perfective	تأهلوا	ar
مدينة مصرية تلقب ب عروس النيل	telic	Imperfective	تلقب	ar
يلعب الفريق في الدوري الإسباني واختير كأفضل فريق كرة قدم في القرن العشرين	state	Perfective	واختير	ar
يتكون العنقود من نجوم فتية زرقاء ساخنة	state	Imperfective	يتكون	ar
وقد سموا بالأحزاب	telic	Perfective	سموا	ar
انتشرت اللغة التركية وتوسع نطاقها غربا وارتفع عدد متحدثيها مع اتساع رقعة الدولة العثمانية	telic	Imperfective	وتوسع	ar
وتضم أيضا مكتبة الإسكندرية الجديدة التي تتسع لأكثر من 8 ملايين كتاب	state	Imperfective	تتسع	ar
94 مما يجعله ثالث الأجرام تألقا في سماء الليل بعد القمر والزهرة	state	Imperfective	يجعله	ar
ما يصنف شخصيته في نطاق السحرة البيض الذين امتازوا بنوع من العبقرية وغرابة الأطوار مثل مرلين وغاندالف من سيد الخواتم	state	Imperfective	يصنف	ar
وفاز بلقب كأس العالم للأندية	telic	Perfective	وفاز	ar
تتركز فيها الكثير من الدوائر الحكومية	state	Imperfective	تتركز	ar
ومع مرور الوقت تغير اسمها حتى أصبح شركة عبارات البوابة الذهبية بالإنجليزية	atelic	Imperfective	تغير	ar
أما لقب فلسطيني فيشير اليوم	state	Imperfective	فيشير	ar
هذا بالإضافة إلى أنه يعد ثاني أعلى قمر من ناحية الكثافة بعد قمر إيو	state	Imperfective	يعد	ar
يتم إجراء جراحة أو يتم وضع بالون داخل المعدة للتقليل من حجمها و أو تقليل طول الأمعاء	state	Imperfective	يتم	ar
هذه القوى التي تربط الكوارك مع بعضها البعض تدرس في فرع من الفيزياء يدعى الكروموديناميكا الكمية بالإنجليزية	state	Imperfective	تدرس	ar
وقد استضافت الألعاب الأولمبية الشتوية لعامي 1964 و 1976	telic	Perfective	استضافت	ar
وقد وجد علم خاص بدراسة آثار مصر سمي بعلم المصريات	telic	Perfective	وجد	ar
حيث عاش في دوقية أقطانية في جنوب غرب فرنسا	telic	Perfective	عاش	ar
فأنشئت المملكة المتحدة لبريطانيا العظمى وأيرلندا الشمالية الحالية	state	Perfective	فأنشئت	ar
وإذا كان إيه سي ميلان الأول عالميا فهو يأتي الثاني في إيطاليا بعد يوفنتوس	telic	Imperfective	يأتي	ar
تفيد مصادر أخرى أن المغول فقدوا 14	atelic	Imperfective	تفيد	ar
ومتحف النصر للفن الحديث الذي يضم 75 عملا فنيا لكبار فناني مصر في مختلف أفرع الفن التشكيلي	state	Imperfective	يضم	ar
وأحيانا تكون على شكل مشاكل نفسية	state	Imperfective	تكون	ar
مما يؤدي إلى الاضطراب والعواصف على طول هذه الحدود	state	Imperfective	يؤدي	ar
حوى على أولى المراكز الحضارية في العالم التي كانت تشمل المساحة الواقعة بين نهري دجلة والفرات وهي حضارة سومر	state	Perfective	كانت	ar
كان من نتيجة وقوع عمان في مثل هذا الموقع الاستراتيجي في بلاد الشام والشرق الأوسط	state	Perfective	كان	ar
وفي 11 نوفمبر سنة 1962 أصدر الدستور	telic	Perfective	أصدر	ar
فلا يعترف بالقدس عاصمة لإسرائيل	state	Imperfective	يعترف	ar
وفي سنة 2014 احتل النادي المركز الخامس ضمن قائمة فوربس لأغنى أندية كرة القدم في العالم	telic	Perfective	احتل	ar
كما توجد توابع الكواكب التي تسمى الأقمار	state	Imperfective	تسمى	ar
وتلي تليسكوب جاليليو أنواع أخرى أكثر تطورا في بداية القرن التاسع عشر	telic	Imperfective	وتلي	ar
بحيث تكون بطولة تنشيطية قبل بطولة كأس العالم بسنة واحدة وفي نفس الدولة المضيفة لبطولة كأس العالم لاختبار تجهيزات البلد المضيف	state	Imperfective	تكون	ar
ويختلف معنى السنة عند علماء الشريعة بحسب المقصود منها	state	Imperfective	ويختلف	ar
سوء التغذية أو الصغل لغة السغل وهو السيء الغذاء هو مصطلح يشير إلى الاستهلاك غير الكافي	state	Imperfective	يشير	ar
من الرحلات التي اقترح إرسالها في المستقبل ما اقترحه علماء مختبر مولارد لعلوم الفضاء في المملكة المتحدة	telic	Perfective	اقترح	ar
كما يسجل للمنتخب البرازيلي حضوره في كل البطولات	atelic	Imperfective	يسجل	ar
يشار بالذكر إلى أن المدينة قد احتلتها المنظمات اليهودية في 21 نيسان أبريل 1948	telic	Perfective	احتلتها	ar
نادي إنترناسيونالي ميلانو لكرة القدم بالإيطالية أو كما يعرف ب إنترناسيونالي ميلانو بالإيطالية	state	Imperfective	يعرف	ar
حتى قام مقام آخيل	telic	Perfective	قام	ar
خلال ذلك الوقت الطويل كانوا يتحدثون في تلك الأراضي مئات اللهجات التي تولد منها هذا اليوم حوالي 44 لغات ماياوية مختلفة	state	Imperfective	تولد	ar
الذي كان عليه الخلفاء الراشدون وأئمة الدين من الصحابة والتابعين ومن تبعهم بإحسان	state	Perfective	كان	ar
ويعد مركزا تاريخيا لروما والكرسي الرسولي لمناطق خارج الإقليم في إيطاليا	state	Imperfective	ويعد	ar
تنتشر هذه الفيروسات من خلال الهواء أثناء الاتصال المباشر مع الأشخاص المصابين بالمرض	state	Imperfective	تنتشر	ar
ويمكن رؤيتها بكاملها من دوائر عرض عالية نسبيا نتيجة لهذا لكنها تكون قريبة من الأفق	state	Imperfective	ويمكن	ar
وكان لقب أهل السنة يطلق على أهل العلم من أئمة الصحابة ومن تبع طريقتهم المسلوكة في الدين	state	Perfective	وكان	ar
وتحتل المملكة المرتبة التاسعة عشر من بين أكبر اقتصادات العالم وتعتبر السعودية من القوى المؤثرة سياسيا واقتصاديا في العالم	state	Imperfective	وتعتبر	ar
كانت تضطلع بجميع الوظائف الاقتصادية والسياسية والاجتماعية والثقافية التي يمكن للدولة أن تقوم بها	atelic	Imperfective	تضطلع	ar
وسنوا عددا من القوانين والأنظمة لتقنين التجارة في المدينة	telic	Perfective	وسنوا	ar
ويشمل ذلك تخطيط كهربائية القلب رسم القلب	state	Imperfective	ويشمل	ar
كذلك تبدو اللغة السريانية هامة للمنقبين والمؤرخين في الاطلاع على الوثائق والمخطوطات القديمة التي غالبا ما كتبت بالسريانية أو الآرامية	telic	Perfective	كتبت	ar
فاعتبرها الفيفا كاستمرارية لمنتخب تشيكوسلوفاكيا الذي لعب لآخر مرة في بطولة كأس العالم 1990	telic	Perfective	لعب	ar
وإدرجتها في رزنامة بطولات الاتحاد الدولي لكرة القدم وتم تغير مسمى البطولة إلى كأس القارات لكرة القدم	telic	Perfective	وتم	ar
وظائف هرمون الغدة الدرقية تتحكم في وتيرة سرعة جميع العمليات الحيوية في الجسم	state	Imperfective	تتحكم	ar
حيث كشف عمال النظافة عن جداريات حية بألوان نابضة بالحياة تعود لما يقارب 2000 عام	state	Imperfective	تعود	ar
التقط المسبار صورا إضافية كشفت النقاب عن بحار هيدروكربونية على سطح ذلك القمر	telic	Perfective	كشفت	ar
حيث ازدهرت في حوض النهر الأصفر الخصب الذي يتدفق عبر سهل شمال الصين	telic	Perfective	ازدهرت	ar
وتسمى جميع الأجرام ضمن حزام كايبر والقرص المبعثر وسحابة أورط أجرام ما وراء نبتون	state	Perfective	وتسمى	ar
ويدخل فيهم من سواهم ممن تبعهم ووافقهم من المسلمين	atelic	Imperfective	ويدخل	ar
تعتبر سوريا من الدول النامية	state	Imperfective	تعتبر	ar
فإنهم أخذوا عنه علم الدين واهتدوا بهديه وكانوا من بعده قدوة للأمة	telic	Perfective	واهتدوا	ar
وأحيانا تستطيع الشمس جذبها إلى النظام الشمسي الداخلي مما يجعلها من كواكب القنطور الصغيرة ومن ثم مذنبات دورية	state	Imperfective	يجعلها	ar
وأصبح بوليفار ضابطا في جيش الثورة	telic	Perfective	وأصبح	ar
قبل أن تتحول لتصبح عاصمة الخلافة الإسلامية من عام 1517 حتى انحلال الدولة العثمانية عام 1924	telic	Imperfective	لتصبح	ar
كما أن عددا من العادات والمفردات اللغوية والمأكولات التركية أصبحت جزءا من تراث وثقافة شعب بلاد الشام	state	Perfective	أصبحت	ar
تليها الإسكندرية كما يعيش أغلب السكان الباقين في الدلتا وعلى ساحلي البحر المتوسط والبحر الأحمر ومدن قناة السويس	state	Imperfective	يعيش	ar
تحتوي المدينة أيضا على العديد من المؤسسات الثقافية والجامعات التي ضمت 185	state	Imperfective	تحتوي	ar
ليبرز براعته لأول مرة في باريس نفسها حين ساهم في تعضيد حكومة الإدارة وفي القضاء على المظاهرات التي قام بها الملكيون	telic	Perfective	ساهم	ar
عام 635 م دخل المسلمون العرب المدينة وأصبحت مركزا إسلاميا مهما وخاصة أنها مشهورة بوجود قبر الجد الثاني للنبي محمد	telic	Perfective	وأصبحت	ar
وعلى الجانب الآخر خيل له أنه سيكون كاتب سيناريو أو مخرج	state	Perfective	خيل	ar
عندما توفي ألكسندر بسبب عضة قرد	telic	Perfective	توفي	ar
فبني المبنى الجديد في منطقة العلاوي وبسبب هذه المناسبة سمي بالمتحف الوطني العراقي بعدما كان يعرف بمتحف بغداد للآثار	state	Perfective	كان	ar
اشترى النادي مجموعة أبوظبي المتحدة للتنمية والاستثمار وأصبح النادي من أغنى الأندية في العالم	telic	Perfective	اشترى	ar
تتلخص تلك الخطوات في خفض الوزن	state	Imperfective	تتلخص	ar
الإيزيديون هم موحدون يواجهون الشمس في صلواتهم ويؤمنون بتناسخ الأرواح وبسبع ملائكة	state	Imperfective	ويؤمنون	ar
هي بطولة كرة قدم أوروبية سنوية ينظمها الاتحاد الأوروبي لكرة القدم منذ عام 1955 لأفضل أندية كرة القدم في أوروبا	telic	Imperfective	ينظمها	ar
يشبه العبور الكسوف الذي يسببه مرور القمر بين الأرض والشمس	atelic	Imperfective	يسببه	ar
تضم دسوق عددا من المعالم الشهيرة على المستوى الوطني والعالمي	state	Imperfective	تضم	ar
ورغم تكون نويات ذرية بسيطة خلال الثلاث دقائق التالية للانفجار العظيم	state	Imperfective	تكون	ar
حيث إنها تضع تصميماتها في خطوط حرة سائبة لا تحددها خطوط أفقية أو رأسية	state	Imperfective	تضع	ar
أي يبدأ بحلقة خاصة ثم تليه 3 حلقات طويلة	state	Imperfective	تليه	ar
وكانت أول بدعة ظهرت في الإسلام فتنة الخوارج الذين انشقوا عن جماعة المسلمين وأعلنوا خروجهم عن علي بن أبي طالب	telic	Perfective	انشقوا	ar
قام فوياجر 2 بعدد من الاكتشافات الهامة	telic	Perfective	قام	ar
ويعتقد أنها تزيد عن 70	state	Imperfective	ويعتقد	ar
وقد عرض فيلم أحذية البالية في سنة 2007	telic	Perfective	عرض	ar
فإن أقدم ذكر للفظ عرب يعود لنص آشوري من القرن التاسع قبل الميلاد	state	Imperfective	يعود	ar
أصبحت أي مباراة تجمعهما تعرف باسم الكلاسيكو	telic	Perfective	أصبحت	ar
انعكس الاستعمال المفرط للنفط وأنواع الوقود الأحفوري الأخرى سلبا على المحيط الحيوي والنظام البيئي للكرة الأرضية	telic	Perfective	انعكس	ar
كانت أولى أفلامه الروائية تتبع 1998	state	Imperfective	تتبع	ar
وحصل في 2019 على رتبة الإمبراطورية البريطانية لقاء خدماته للفن	telic	Perfective	وحصل	ar
فيما نكر مؤرخون آخرون هذا الكلام مؤكدين أن ابن العلقمي كان ناصحا للخليفة	telic	Perfective	نكر	ar
وهناك كما يقول ملك إسبرطة ارتوينا من كوثر هذه البلاد التي تجري من تحتها الأنهار	state	Imperfective	تجري	ar
فاستجاب لهم من العرب قبيلة قريش وحلفاؤها كنانة الأحابيش	telic	Perfective	فاستجاب	ar
أن سكانها الأوائل كانوا من أصول إيرانية لاطورانية	state	Perfective	كانوا	ar
ولما وصل الأحزاب حدود المدينة المنورة عجزوا عن دخولها	telic	Perfective	وصل	ar
وبعض هؤلاء مات أيضا	telic	Imperfective	مات	ar
بالرغم من ذلك لا يزال العديد من الناس حول العالم يؤمنون بوجود هذا الكائن	state	Imperfective	يزال	ar
وصفت شخصيته بالمبغضة للبشرية	atelic	Perfective	وصفت	ar
تقع في أقصى شمال مصر	state	Imperfective	تقع	ar
وكانت التسمية تطلق على أهل السنة والجماعة تمييزا لهم عن الخوارج والمعتزلة والمجسمة وفرق التشيع وغيرها من الفرق	state	Perfective	وكانت	ar
أصبح الإمبراطور قسطنطين الأول أول إمبراطور يتحول إلى المسيحية وفي 380 م	telic	Imperfective	يتحول	ar
تمتلك النرويج حدودا طويلة مع السويد في الشرق	state	Imperfective	تمتلك	ar
فقد تأسست أولى الحضارات التي عاشت على الزراعة وصناعة السيراميك في شمال شرق الأنديز منذ القرن الثامن عشر قبل ميلاد المسيح	state	Perfective	عاشت	ar
وتوسع مسيطرا على كامل نجد 1921 وتسمت بسلطنة نجد حتى نجح عبد العزيز بانتزاع مملكة الحجاز من يد الهاشميين	telic	Perfective	نجح	ar
كما أن هناك سردابا آخر قريب يعتقد أن جيروم قضى فيه ثلاثين عاما من حياته يترجم الكتاب المقدس	atelic	Imperfective	يترجم	ar
النجم الذي يقع في مركز النظام ويربطه بجاذبيته	state	Imperfective	ويربطه	ar
كشف التحقيق الذي أجرته قوتي شرطة العاصمة وشرطة مدينة لندن	telic	Perfective	أجرته	ar
بينما احتل نادي برشلونة المركز الرابع بعدما قدرت علامته التجارية ب 444 مليون يورو	telic	Perfective	احتل	ar
واتخذوا من تكفير المسلمين مبررا للخروج على ولاة الأمر واستباحوا بذلك دماء المسلمين وأعراضهم وأموالهم بغير حق	telic	Perfective	واستباحوا	ar
فترة زمنية تقترب من فترة دوران الأرض حول الشمس	state	Imperfective	تقترب	ar
وقد واجه معارضة شديدة تخللت أيامه الأخيرة عندما هدف إلى توحيد أمريكا الجنوبية كلها تحت سلطته في اتحاد فيدرالي	atelic	Imperfective	هدف	ar
