Sentence	Class	Subclass	Verb	Language
اهمیتش آن است که وب‌گاه غلط است.	state	indicative		fa
کارگردانی آن به عهده جورج گالو و نویسندگی آن را گالو و اندی وایس انجام دادند.	telic	indicative		fa
قالون اصالتاً از مردم روم بوده‌است و پدر پدربزرگش از مردمان روم بوده‌است که در زمان عمر بن خطاب به اسارت درآمده بود.	state	narrative		fa
این فرودگاه در کشور ایالات متحده آمریکا قرار دارد و در ارتفاع ۱۰۹ متری از سطح دریا واقع شده است.	state	narrative		fa
دیلر از مراکز بهائیان ارومیه بوده‌است.	state	narrative		fa
چیزی که مورت را می‌ترساند این است که متوجه می‌شود ماجراهای داستانش کم‌کم به زندگی‌اش راه می‌یابد.	telic	imperfective		fa
در تاریخ، این عنوان معمولاً به دو جنگ بسیار عظیم که در قرن بیستم اتفاق افتاد، یعنی «جنگ جهانی اول» و «جنگ جهانی دوم»، اطلاق می‌شود.	telic	indicative		fa
بنابراین، دیدگاه‌های جدیدی که دخالت مؤثرتر دولت در امور زیربنایی در بخش‌های آب، برق و انرژی را ضروری می‌دانست؛ همچنان سبب به وجود آمدن طیف وسیعی از دستگاه‌های اجرایی موازی و مشترک گردید که به نحوی به مسئله تأمین برق و آب (آشامیدنی، کشاورزی و سایر مصارف) مشغول بودند.	telic	imperfective		fa
امروزه قراردادهای سواپ جزء مهمترین قراردادهای مالی مورد استفاده در دنیا می‌باشند.	atelic	imperfective		fa
او ریاست برنامه پیوند قلب و ریه دانشگاه UCLA را نیز به عهده دارد.	atelic	indicative		fa
این شهرک طبق سرشماری سال ۲۰۱۰ میلادی، ۱٬۸۷۳ نفر جمعیت داشته و مساحت آن نیز ۱٫۵ کیلومتر مربع است.	state	narrative		fa
وی در سال ۱۹۹۳ برای رمان   بازی نیاکان   و در سال ۲۰۰۳ برای کتاب   سفر به سرزمین سنگ   جایزه مایلز فرانکلین را دریافت کرد.	telic	indicative		fa
یک سری چیزها مثل نقض حق تکثیر انعطاف‌پذیری نیست.	state	indicative		fa
ناوان ۴۲ متر بالاتر از سطح دریا واقع شده‌است.	state	narrative		fa
قریه‌ای است در یک فرسنگی جنوب اسپاس.	state	indicative		fa
این فرودگاه در شهر نورث، کارولینای جنوبی کشور ایالات متحده آمریکا قرار دارد و در ارتفاع ۹۸ متری از سطح دریا واقع شده است.	state	indicative		fa
با این حال برخی افراد ریش ستاری را مورد انتقاد قرار می‌دهند از جمله محمدباقر شریعتی کسانی را که در کنار موی بیتلی و قیافه هیپی، ریش ستاری می‌گذارند را مورد انتقاد قرار داده است.	atelic	imperfective		fa
در این رابطه GMD فاصلهٔ متوسط هندسی هادی‌ها و GMR شعاع متوسط هندسی هادی‌ها است.	state	indicative		fa
برای بدست آوردن [c[x ابتدا متغیر sum را برابر [tree[x قرار می‌دهیم، سپس بیت آخر x را حذف می‌کنیم و sum را با[tree[x جمع می‌کنیم، همین کار را تکرار می‌کنیم تا x برابر ۰ شود.	atelic	imperfective		fa
این من بودم که کار مداوم با اکسل و دغدغه‌های ذهنمی‌ام اعصاب کار با اکسل را از من گرفت و به نوعی دلم را زد.	telic	indicative		fa
ارزن انگشتی، انواع لوبیا، عدس، بزرک در اتیوپی پرورش داده می‌شد.	telic	indicative		fa
او به فارسی، اردو، و سندی شعر سروده اما بیشتر اشعار او به فارسی است.	state	narrative		fa
با استفاده از معادلات حالت، چون پنگ رابینسون (Peng Robinson) یا روش مشارکت گروهی (group contribution) می‌توان دمای بحرانی یا دیگر ویژگی‌ها همچون چگالی را با دقت بالا به دست آورد.	atelic	indicative		fa
سایر گونه‌های موشی که برخی اوقات در تحقیقات آزمایشگاهی مورد استفاده قرار می‌گیرند، شامل  موش پاسفید آمریکایی  (Peromyscus leucopus) و  موش آهو  (Peromyscus maniculatus) هستند.	state	imperfective		fa
لایدار مشابه رادار است که بعضی اوقات نیز رادار لیزری نامیده می‌شود.	atelic	indicative		fa
در این گروه از بیماری‌های نادر نقص در یک ژن (که اغلب به صورت یک صفت مغلوب به ارث می‌رسد) موجب تولید نشدن صحیح یک آنزیم ضروری جهت متابولیزه کردن موکوپلی ساکاریدهای غیرضروری می‌شود.	state	indicative		fa
با اشغال ایران توسط روسیه و بریتانیا و خلع رضاشاه در ۲۵ شهریور ۱۳۲۰، فضای سیاسی به شدت بهبود یافت.	telic	indicative		fa
این بخش دارای یک شهر (شباب) و دو دهستان به نام‌های دهستان بیجنوند و دهستان قلعه است.	state	indicative		fa
مادربزرگ او (از طرف پدری) مهاجر آلبانی به ترکیه است.	state	indicative		fa
پس از آن، عرفات از اردن خارج شد و به قاهره رفت که در آنجا رئیس‌جمهور مصر ناصر او را پذیرا شد.	state	indicative		fa
بارکلی-کینگستون ۷٫۴ کیلومتر مربع مساحت و ۱۰٬۷۲۸ نفر جمعیت دارد.	atelic	indicative		fa
برای مثال در هنگام غلبه بر یک دهکده، تبدیل کردن آن به قلعه یا مکان مذهبی دولت اسپانیا به راحتی نسخه اصلی نیست و مشکلتر شده‌است.	state	indicative		fa
مشتقاتی مثل QA4  Conniver  QLISP و Ether (نگاه کنید به جامعه علمی Metaphor) در دهه 1970 ابزارهای مهمی در تحقیقات هوش مصنوعی بودند، که البته در تحولات اقتصادی مانند KEE و ART تأثیرگزار بودند.	telic	indicative		fa
فلزیاب آنتنی که با شرایط مدار فانکشن ژنراتور ساخته می‌شود می‌تواند چند نوع فلز خاص مانند طلا، مس، برنز و آلومینیوم را تشخیص داده و مشخص نماید و فلزیاب آنتنی فانکشن ژنراتور در ارسال امواج توانائی داشته و در دریافت مدار خاص رادار برای تفکیک طبق اصول عملکرد با جدول وی دی ای اسکال VDI SCALE واکنش از انعکاس انرژی فرکانس را ندارد و تشخیص آلیاژ فلزات یا خطای عملکرد اپراتور دست یافتنی نمی‌باشد.	telic	imperfective		fa
 غورغشتی    (به انگلیسی: Ghorghushti) یک منطقهٔ مسکونی در پاکستان است که در ناحیه اتک واقع شده‌است.	state	narrative		fa
گمینا تژچیانا ۴۴٫۰۹ کیلومتر مربع مساحت و ۵٬۰۴۴ نفر جمعیت دارد.	state	indicative		fa
 کالمانهازا ( Kálmánháza) یک منطقهٔ مسکونی در مجارستان است که در زابولکس-زاتمار-بریج واقع شده‌است.	state	indicative		fa
هر کدام از ما باید به تغییرهای مهم زندگی‌امان نگاه کنیم و به معنای واقعی آن‌ها پی ببریم.	atelic	indicative		fa
گفتنی است نام این درخت در زبان تلوگو (سومین زبان بزرگ هند) بادام چتو (Badam chettu) و در زبان فرانسوی (Badamier)است که هر دو برگرفته از زبان فارسی است.	state	indicative		fa
چالش کفرگویی Blasphemy Challenge پروژه‌ای اینترنتی است که از مردم می‌خواهد ویدیوهایی از خود در رد کردن روح‌القدس در یوتیوب بارگذاری کنند.	state	indicative		fa
طبری در ادامه آورده‌است که سپس بابک، شاه محلی پارس که گوچهر نام داشت را سرنگون ساخت و پسرش شاپور را به‌جای وی گماشت.	state	narrative		fa
Pyaari یتیم است که توسط مردان کاران ربوده شده‌است.	state	narrative		fa
یك ایرانی دیگر به نام رضا كه تابعیت انگلستان را گرفته، به عنوان نماینده این كشور در مسابقه ها حضور دارد.	state	narrative		fa
در محصولات شاخص، این موسیقی‌ها با فیلم عرضه می‌گردید.	atelic	imperfective		fa
آخرین افغان‌های غیر مسلمان کافرستان در شمال کابل به اجبار به اسلام گرویدند.	telic	indicative		fa
عبارت   Henophidia   برگرفته از زبان یونانی است که   Heno   به معنی   یک   یا   اولیه   و   phidia   به معنی   مار   است در نتیجه کل عبارت به معنی   مارهای اولیه   یا   مارهای کهن   است (در مقابل واژهٔ   Caenophidia کائنوفیدیا   که به معنی   مارهای اخیر   است).	state	indicative		fa
 توفکچی اوغلو، پلاتلی    (به لاتین: Tüfekçioğlu  Polatlı) یک منطقهٔ مسکونی در ترکیه است که در پولاتلی واقع شده‌است.	state	indicative		fa
از طرف دیگر جایزه مهتاب میرزایی در این چهار سال به افراد سرشناس و مهمی اهداء شده است.	state	narrative		fa
وی بازیگر فیلم‌هایی همچون دکتر هو بوده است.	state	narrative		fa
این نوع از نشت نامطلوب است چرا که جریان را از طریق مسیر جایگزین می‌تواند باعث آتش‌سوزی، نویز RF یا برق گرفتگی شود.	telic	indicative		fa
بعد از مطرح شدن مفاهیم دقیق نوام چامسکی در زمینه زبان‌شناسی دو روش مختلف برای رسیدن از جمله به معنا مطرح شد.	telic	indicative		fa
پرسکاتشه ۴٫۹۲ کیلومتر مربع مساحت و ۱۰۶ نفر جمعیت دارد و ۳۶۶ متر بالاتر از سطح دریا واقع شده‌است.	state	indicative		fa
 سارالترف (به فرانسوی: Sarraltroff) یک کمون در فرانسه است که در Canton of Fénétrange واقع شده‌است.	state	indicative		fa
ناحیه زانکت پولتن-لاند ۱۲۸٬۹۹۹ نفر جمعیت دارد.	state	indicative		fa
   پیکان سیاه      نام یک کتاب ادبی است که توسط آنتوان چخوف، نویسندهٔ اهل روسیه نوشته شده‌است.	state	indicative		fa
وبلاگ از وب‌نوشت بسیار رایج‌تر است.	atelic	indicative		fa
در حال حاضر هم او دوباره صفحه را خنثی‌سازی کرده و علت را مطالب مقاله خودشان منبع داشتند.	telic	narrative		fa
در معماری کامپیوتر پیش‌بینی انشعاب (Branch prediction) تکنولوژی ای است که در آن به کمک مدارهای دیجیتالی به نام پیش بینی گرها (branch predictors) سعی می‌شود حدس زده شود که یک برنچ (مثلاً یک ساختار شرطی) به چه راهی خواهد رفت.	telic	indicative		fa
:هر روز شاهد تغییرات زیادی در ویکی پدیای فارسی هستیم ، اغلب کاربران تنها با اضافه کردن یک نقطه در تازه ترین ویرایش سعی در به نام کردن ویرایش نهایی به نام خود را دارند ، گرچه خودم ویرایش مختصر می کنم اما همانند ویرایش صفحه کاله آمل که عنوان قهرمانی جام باشگاه های آسیا ذکر نشده و فراموش شده بود.	telic	indicative		fa
پیر فلیکس گاتاری (به فرانسوی: Pierre-Félix Guattari) (زاده ۳۰ آوریل ۱۹۳۰ – درگذشته ۲۹ اوت ۱۹۹۲) روانشناس، فیلسوف و فعال پسامارکسیست فرانسوی است.	state	indicative		fa
 پارامتری ممکن است به یکی از موارد زیر اشاره داشته باشد:	state	subjunctive		fa
 الینگسهاوزن (به آلمانی: Ellingshausen) یک شهر در آلمان است که در اشمالکالدن-ماینینگن واقع شده‌است.	state	narrative		fa
عامل این خطا، تغییرات ناشی از دما در ارتفاعات بالاتر می‌باشد.	atelic	imperfective		fa
اگر ویکی‌واژه تاکنون مدخلی دربارهٔ آن واژه یا اصطلاح ندارد (که بعید به نظر می‌رسد)، «مقالهٔ» ویکی‌پدیا را با چسباندن (انتقال به ویکی‌واژه) برای منتقل شدن به ویکی‌واژه مشخص کنید.	telic	indicative		fa
در دنیای امروز آراستگی ظاهر به عنوان یک اصل، اجبار و برای همه مردم مطرح است.	state	indicative		fa
اگر f یک تابع با دامنه U از فضای حقیقی n بعدی به R باشد و همچنین f در نقطه دلخواه x عضو U دارای مشتقات پیوسته تا مرتبه سوم باشد، میتوان نوشت:	telic	subjunctive		fa
رادیو ورزش از اول تا هشتم تیرماه ۱۳۷۸ به صورت آزمایشی پخش شد و از ۹ تیر ماه، همزمان با میلاد پیامبر اسلام، رسماً افتتاح شد و از ۲۲ بهمن ۱۳۷۸ به پخش ۱۶ ساعت برنامه پرداخت و هم‌اکنون، پخش آن به ۲۴ ساعت در روز ارتقا یافته‌است.	telic	indicative		fa
 فرایشت (Freist) یک منطقهٔ مسکونی در آلمان است که در گرب‌اشتت واقع شده‌است.	telic	indicative		fa
بهرحال من با تشکر بسیار از پیشنهاد کاوه عزیز، فعلاً از کاندیدا شدن برای مدیری خودداری می‌کنم زیرا فکر می‌کنم وقت و شرایط کنونی ام اجازه چنین مسئولیتی نمی‌دهد.	telic	imperfective		fa
درباره قاچاق کرم و روایات و افسانه‌های مربوط به او در ایران و قفقاز، سیروس سعدوندیان، محقق و نویسنده برجسته ایرانی، کتابی به همین نام نوشته که در سال ۱۳۸۰ خورشیدی انتشار یافته‌است.	telic	narrative		fa
در دوران قدیم زمین‌شناسی به صورت صمغ از درختان کاج مخروطی شکل به نام (پیتوس-سوکسینیفرا) خارج شده و پس از خشک و سخت شدن به صورت فسیل و سنگ درآمده‌است.	telic	narrative		fa
سفرنامهٔ تاورنیه به زبان فارسی ترجمه شده و با مشخصات زیر به چاپ رسیده‌است:	telic	narrative		fa
این فهرست مختصری از کسانی است که خداانگار (دادارباور) شناخته شده‌اند، این عقیده باور به خدا بر اساس الهیات طبیعی است.	telic	indicative		fa
البته این دم غیر از نیش‌زدن، وظیفه حفظ تعادل عقرب را نیز برعهده دارد.	telic	indicative		fa
پس از درگذشت وی از طرف رضا زنجانی که مسؤول مالی عبدالکریم حائری یزدی (مؤسس حوزه علمیه قم) و وکیل شرعی آیت‌الله میلانی بود، مأمور می‌شود که ماهانه ۱۵۰ تومان به خانواده وی پرداخت کند.	telic	indicative		fa
دو رهبر مسائل مربوط به مبارزه با تروریسم و جنگ در سوریه را مورد بحث قرار دادند، اما برخی موضوعات دیگر را که اختلاف داشتند، به ویژه تجارت، مهاجرت و تغییرات آب و هوا، را مسکوت گذاشتند.	telic	indicative		fa
فیلم‌های فراطبیعی ترسناک قدمت بالایی در تاریخ سینما دارند و از دهه ۴۰ تلاش‌هایی جدی برای ساخت این آثار شکل گرفت.	telic	indicative		fa
تا تمامی بلوچها بتوانند درین کشور آزادانه زندگی کنند.	telic	subjunctive		fa
در روایت ملی هوشنگ مؤسس نخستین سلسلهٔ پیشدادی است که متضمن تمام پادشاهان تا اوزو است.	state	indicative		fa
یک وجب از آسمان فیلمی ایرانی است به کارگردانی و نویسندگی علی وزیریان تولید شده در سال ۱۳۸۷ که برای اولین بار در بیست و هفتمین جشنواره بین‌المللی فیلم فجر به نمایش درآمد.	telic	indicative		fa
این امر خطر صدمه را کاهش می‌دهد.	atelic	imperfective		fa
زمین‌های کامرانیه از گذشته عموماً باغ‌منزل‌هایی وسیع بوده‌است و علی‌رغم چند مرحله تفکیک املاک، ابعاد زمین‌ها نسبت به محله‌های پیرامون همچنان بزرگتر است.	state	narrative		fa
اول محرم این سال برابر با چهاردهم سپتامبر سال ۱۳۰۱ میلادی است.	state	indicative		fa
فریدریش روزن در سال ۱۸۵۶ در لایپزیگ به دنیا آمد.	telic	indicative		fa
جمعیت این شهر بر اساس سرشماری سال ۲۰۰۸ میلادی ۶۲٬۰۴۰ نفر و بر اساس برآوردهای سال ۲۰۰۹ میلادی ۶۲٬۲۳۹ نفر می‌باشد.	atelic	imperfective		fa
اسپانیا در بازی‌های المپیک تابستانی ۱۹۶۰ که در شهر رم برگزار شد، کاروان اسپانیا با ۱۴۴ ورزشکار در این رقابت‌ها شرکت کرد و موفق به کسب ۱ مدال (۰ طلا، ۰ نقره، ۱ برنز) شد.	state	indicative		fa
او در ترکیه اعلام کرد که وکیلش نسرین ستوده به او خبر داده که دادگاه برای او حکم ۲ سال تعزیری و ۱۸ سال تعلیقی صادر کرده‌است.	telic	narrative		fa
شیف به شدت به بقیه یهودیان پایبند بود و منابع مالی زیادی برای کمک به آنها اعطاء کرد.	telic	indicative		fa
وی مدرک کارشناسی خود را از کالج هَوفورد در سال ۱۹۵۹ و مدرک دکتری خود را از دانشگاه هاروارد در سال ۱۹۶۵ دریافت کرد.	telic	indicative		fa
نمونه‌ای از یک tag cloud حاوی ۳۰ تا ۱۵۰ برچسب است.	state	indicative		fa
در آنجا هم امیدوارند که این ۱۳۸ (بسیار بیشتر از این تعداد) مدیر غیرفعال روزی به ویکی‌پدیا بازگردند.	state	indicative		fa
اِئوخِنیو مارتین ((Eugenio Martín)؛ زادهٔ ۱۹۲۵) یک کارگردان، و فیلم‌نامه‌نویس اهل اسپانیا است.	state	indicative		fa
عجیب است از فضول خواندن نامیده شدنتان این‌گونه عصبانی شده‌اید (و البته شکایت هم کرده‌اید و از آن زمان هم دائم تکرار می‌کنید) ولی به راحتی به دیگران می‌گویید به تو ربطی ندارد، به تو مربوط نمی‌شود و ...	telic	narrative		fa
با ارائه ی مدرک از ویکی فا به مدیران ارشد ویکیپدیا شکایت میکنیم تا به این موضوع رسیدگی کنند.	atelic	imperfective		fa
قطع کردن دست کارگران به بدنامی بین المللی منجر شد.	telic	indicative		fa
با این وجود، تک شاخ اصلی، یک اسب نجیب رام نشدنی بود که ریشی بز مانند، دمی چون شیر، و سمی شکافته داشت.	telic	indicative		fa
در سال ۱۹۸۲ برندهٔ پیراهن امتیازی جیرو شد و در سال ۱۹۸۳ تور ترنتینو را فتح کرد.	telic	indicative		fa
من در حین ویرایش مقاله بودم.	telic	indicative		fa
این ماموریت دومین ماموریت شاتل دیسکاوری بود.	telic	indicative		fa
او یکی از بازیکنان تیم ملی آمریکا در قهرمانی جهان ۲۰۱۴ ایتالیا بود که موفق به کسب عنوان قهرمانی و مدال طلا شد.	state	indicative		fa
Naughton را از آن خود کرد.	telic	indicative		fa
در حال حاضر این سرویس در ایران به دلیل اینکه عموم شماره تلفن‌های ثابت توسط شرکت مخابرات ایران ارائه می‌شود، وجود ندارد.	telic	imperfective		fa
با مردم کم چیز و نوکیسه و… معامله مکن.	telic	indicative		fa
در مورد بخش فوتبال رده‌های سنی مختلف مردان و زنان هم نظرم به توضیح یک خطی برای هر رده سنی و به تفکیک جنسیت بود ولی اگر هنوز می‌خواهید این بخش را به صورت نمودار درآورید، من هم مشتاقم زودتر ببینم.	telic	indicative		fa
سردارافخم پس از دیدن معز السلطان به سمت دستشویی گریخت، در درگیری بین این دو معز السلطان گوشهٔ جامهٔ سرداری سردار افخم را گرفت و آن دو با هم گلاویز شدند تا آن که سردار افخم در حال گریز توسط آتش گلولهٔ یکی از گرجی‌ها نقش بر زمین شد.	telic	indicative		fa
برای درمان فرونشاننده طولانی مدت عفونت عود کننده، مقدار ۴۰۰ میلی‌گرم دو بار در روز یا ۲۰۰ میلی‌گرم ۵–۳ بار در روز و به مدت حداکثر ۲ ماه مصرف می‌شود.	state	imperfective		fa
ثابتی با بیان اینکه مطالب بهمن نادری‌پور (تهرانی بازجوی ساواک) در دادگاهش دروغ است و او این حرف‌ها را زده که زنده بماند و رژیم از بیم آنکه بعداً پشیمان شود و حرفهایش را پس بگیرد، اعدامش کرده‌است، در صفحه ۲۵۷ کتاب در دامگه حادثه می‌گویند:	telic	indicative		fa
گرچه بعدها گفت: «اینکه بازیگرها دربارهٔ سیاست صحبت می‌کنند مرا ناراحت می‌کند.	telic	indicative		fa
او در سال ۶۲۹ ق در میافارقین اقامت کرد و   نفثةالمصدور   را در آنجا نوشت.	telic	indicative		fa
مثل دعوایی که بین پرتغالی‌ها و گالیسیایی‌ها رخ داد و اکنون گالیسیایی ویکی‌پدیایی برای خودش ایجاد کرده با ۱۳۰ هزار مقاله.	telic	indicative		fa
این نشریه آشوری زبان با نام زاهر یرادی باهرا که در زبان آشوری به معنای اشعه روشنای است در سال ۱۲۶۵ قمری برابر ۱۸۴۹ میلادی توسط جاستین پرکینز آمریکایی منتشر شد.	telic	indicative		fa
علی‌رضا منصوریان بازیکن سابق باشگاه فوتبال استقلال تهران و تیم ملی فوتبال ایران بود، وی سرمربی تیم ملی زیر ۲۲ سال و آنالیزور تیم ملی فوتبال ایران نیز بوده‌است.وی برای باشگاه‌های مختلفی از جمله پارس خودرو، استقلال تهران، آپولون اسمیرنیس و سن پائولی بازی کرده است و لقب او در میان هواداران استقلال علی منصور است.	telic	indicative		fa
پدر و مادرش در سال ۱۹۷۹ از هم جدا شدند.	telic	indicative		fa
البته بندر انزلی حسابش جدا است، چون نام شهرْ انزلی است و بندر تنها بندر بودنش را می‌رساند.	atelic	indicative		fa
یا “دیدن حقیقتی که به صورت عادت درآمده است”.	state	indicative		fa
آشپزخانه، اتاق نشیمن یا اتاق کار از بهترین جاها هستند.	state	indicative		fa
سراب بابا احمد در فاصله ۱۸ کیلومتری مرکز شهرستان و در نزدیکی روستای سرداب سفلی قرار دارد.	state	indicative		fa
در این ویدئو آنانیموس از رسانه‌ها انتقاد می‌کند که چرا برخی جنیه‌های اعتراضات علیه کلیسای ساینتولوژی را بازتاب نمی‌دهند.	atelic	imperfective		fa
بر این اساس وقتی نورالهی از بالای درخت زندگی به پایین سرازیر شد باعث شکست ظروفی که این نور در آن‌ها قرار می‌گرفت شد و تکه‌های این ظروف در دنیا پخش شدند.	atelic	subjunctive		fa
 برگ (Berg) یک منطقهٔ مسکونی در اتریش است که در نیدراسترایش واقع شده‌است.	state	indicative		fa
استان خوزستان و پلدختر در استان لرستان می‌باشد، که در واقع این تقسیمات ییلاقی و قشلاقی در گذشته انجام می‌شد، ولی امروزه اکثرأ افراد این طایفه، همچون سایر طوایف ایل بختیاری، در هر دو بخش ساکن می‌باشند.	telic	imperfective		fa
این نوع رویکرد بسیار مهم است، به خصوص در تجزیه و تحلیل استدلال‌های گفتاری و نوشته شده.	telic	indicative		fa
پیشنهاد می‌کنم یک الگوی خلاصه‌وار برای آن طراحی کنیم و فقط مسائلی را که برای یک تازه وارد مهم است در آن بگنجانیم.	atelic	imperfective		fa
زادگاه این پرنده قاره آفریقا است و از آن جا به سایر نقاط جهان برده شده‌است.	telic	indicative		fa
 پادگان به جایی گفته می‌شود که گروهی از سربازان و تجهیزات برای نگهداری آن مکان در آن مستقر شده‌اند.	telic	imperfective		fa
در ۹۱۶ میلادی لوکاندوس به یک تم ارتقاء یافت.	telic	indicative		fa
مهم‌تر آنکه، شکل مسابقات انتخابی بارها بین سال‌های ۲۰۰۳ تا ۲۰۰۶ تغییر یافت.	telic	indicative		fa
 گوندولا (به ایتالیائی: gondola) یک نوع بلم و قایق پاروئی باریک و دراز است که بیشتر در شهر ونیز ایتالیا برای جابجایی افراد و بارها استفاده می‌شود.	atelic	indicative		fa
سده سوم و چهرم هجری را اوج هنر سفالگری در نیشابور بوده‌است و نیشابور مهم‌ترین مرکز هنر و صنعت سفال گری در ایران و خراسان در این دوره بوده‌است.	state	narrative		fa
یکی از استدلال‌های موافقان انتقال پاس به همدان، کم تماشاگر بودن این تیم در تهران و داشتن هوادار در صورت انتقال به همدان بود.	state	indicative		fa
کاربران و دوستان گرامی، با درود به تلاش همگی شما برای هرچه غنی‌ترکردن دانشنامه ویکی‌پدیا و حراست از آن، من نیز در راستای کمک به این اهداف، درخواست دسترسی به ویکی‌بانی را می‌دهم و امیدوارم بتوانم بهتر از قبل به حفظ دانشنامه کمک کنم.	state	imperfective		fa
اهمیت این مساله در این است که این یکی را علم می کنند و می گویند همه اش این طور است.	state	indicative		fa
او سعی می‌کرد که دستورهای لائو تزو را انتشار دهد.	state	imperfective		fa
حضور بهائیان آمریکایی ساکن در ایران موجب شد تا زنان بهائی ایرانی هشیار شوند و توانایی‌هایی را که قبلاً به آن فکر نکرده بودند کشف کنند.	telic	indicative		fa
آن‌ها توابعی هستند که بر روی یک زیر مجموعهٔ باز از صفحهٔ مختلط C تعریف شده‌اند با مقادیری در C که در هر نقطه مشتق مختلط دارند.	state	indicative		fa
اسپهبدان حاکمانی مستقل بوده و صاحب حکومتی خودمختار بودند.	telic	narrative		fa
در ۸ آگوست ۲۰۰۷، سازمان جهانی حقوق بشر از یاهو به دلیل رد و بدل اطلاعات (ایمیل و آدرس IP) با دولت چین که سبب دستگیری نویسندگان و مخالفان شد شکایت کرد.	telic	indicative		fa
رویکرد کوپ به طور جدی در جهت تأثیرگذاری از طریق آموزش، منابع و حمایت از اعضا، همراه با تقویت بحث های حرفه ای در جامعه علمی است.	state	indicative		fa
فصل پنجم و سری جدید برنامه چرخ، پس از خداحافظی گروه قبلی با گروه، تیم تولید و مجریان جدید به سردبیری محمد جباری از 16 تیر 97 دوباره شروع به‌کار کرد.	telic	indicative		fa
"نقیب زاده هر دو سخنرانی را ترجمه نموده و با اضافه کردن مقدمه‌ای مفصل از ریمون آرون در مورد شخصیت و آثار ماکس وبر، این مجموعه را تحت عنوان ""  دانشمند و سیاستمدار  "" منتشر کرده است."	telic	narrative		fa
در برخی از نقاط جهان، دریاچه‌های فراوانی به علت الگوهای زه کشی بی نظم، که از آخرین عصر یخبندان باقی مانده، به وجود آمده‌اند.	telic	narrative		fa
فکر می کنم لازم باشد به یک نظام در این مورد برسیم.	telic	subjunctive		fa
سالاماتوف (Salamatof) شهری در بخش شبه‌جزیره کنای ایالت آلاسکا است که جمعیت آن در سرشماری سال ۲۰۰۰ میلادی ۹۵۴ نفر بوده‌است.	telic	indicative		fa
وقتی که مایه سفت شد آن را برمی‌دارند و در یک ظرف تخت یا چند پیاله می‌ریزند تا خنک شود.	telic	indicative		fa
این نویسندگان همچنین پیشنهاد می‌کنند که این تراوشات باید به دید نقد قابل تأمل علمی دیده شوند.	telic	imperfective		fa
وی پس از کنسرواتوار ژنو به تحصیل در کنسرواتوار برلین پرداخت و در سال ۱۳۰۹ فارغ‌التحصیل شد.	telic	indicative		fa
پالایش گروهی به کاوش روش‌هایی می‌پردازد که افراد باعلاقه‌های یکسان را باهم تطابق می‌دهند و بر این اساس به ارائه توصیه می‌پردازد	telic	imperfective		fa
از فیلم‌های معروف او می‌توان به بازی در فیلم   آستریکس در بازی‌های المپیک   اشاره کرد.	telic	imperfective		fa
BQP برای مدت زیادی به عنوان یک مسئله سخت محاسباتی شناخته می‌شد.	telic	imperfective		fa
جریان توربولانس باعث عدم ماند مواد معلق می‌شود.	atelic	imperfective		fa
او کوچکترین پسر یک تاجر بزرگ پارچه اهل شانگ‌های بود.	telic	indicative		fa
این قرارگاه در وبسایت رسمی خود استراتژی جدیدی برای خود تعریف نموده از قول سردار رستم قاسمی اعلام داشته که: این قرار گاه قصد دارد با صرف نظر از پروژه‌های کوچک و متوسط، عهده‌دار اجرای پروژه‌های بزرگ عمرانی در کشور شود و با ایجاد فضای رقابت قیمت پروژه‌های بزرگ اقتصادی را واقعی کرده و در پروژه‌های بزرگ همانند فاز ۱۵ و ۱۶ پارس جنوبی جایگزین شرکت‌های بزرگ خارجی در عرصه سازندگی شود.	telic	narrative		fa
لایه اپیدرمی بالا دارای ضخامت حدود 0.1-0.2 میلی‌متر است و عمدتاً از کراتینوسیت‌ها تشکیل می‌شود که تنها از شبکه مویرهٔ مجاور اولیه تشکیل شده‌است.	state	indicative		fa
بعبارت دیگر مجموعهٔ این نظریه‌ها بدنبال شناخت و تبیین رفتارهای جامعه پیرامون تقاضای پول و نحوهٔ تأثیرپذیری آن از متغیرهای اقتصادی یا تأثیرگذاری آن بر رفتار این متغیرها می‌باشد.	atelic	imperfective		fa
در نهایت در ۲۱ نوامبر ۱۹۸۷ کنگره آمریکا ریگان را مسئول همه اشتباهات مک‌فارلین معرفی کرد.	telic	indicative		fa
در تاریخ سه شنبه ۲۴اسفند ۱۳۱۶ یک فروند از هواپیماهای این شرکت در نخستین ماموریت خود عازم بغداد شد.	state	indicative		fa
وی حاشیه بر کفایه آخوند خراسانی و نهایه طوسی نگاشت.	telic	indicative		fa
روسها می‌بایستی الزاماً سه نفره و پشت سر هم فرمان حمله را صادر کنند.	atelic	subjunctive		fa
این وظایف شامل کنترل گردش و اعلام سررسید می‌شدند.	atelic	imperfective		fa
در سال ۲۰۰۶ او برای رهبری حزب جمهوریخواه در مجلس نمایندگان تلاش کرد که رقابت را به جان بینر از اهایو واگذار کرد.	telic	indicative		fa
در یوگا چهار گام برای رسیدن به   چرخه‌شکنی   لازم است: خدمت بی‌چشمداشت به آفریدگان، عشق خودزداینده، نیروی تشخیص مطلق، و استغراق «شاهانه» در مراقبه.	telic	indicative		fa
اخیراً کارشناسان قدمت تنه یک درخت کهن پسته – در روستای اسماعیل‌آباد زرند را به بیش از 400 سال تخمین زده‌اند	telic	narrative		fa
هم‌چنین این سریال، بسیاری از هنرپیشگان و افراد معروف را مجذوب خود کرده‌است.	state	narrative		fa
اَبَرصدساله به شخص کهنسالی گفته می‌شود که ۱۱۰ سال یا بیشتر عمر کرده باشد.	atelic	imperfective		fa
ناصرالدین آلپ غازی، والی شهر، به مذاکره پرداخت و وانمود کرد که از جانب معزالدین محمد اجازه انعقاد صلح را دارد؛ بدین ترتیب قرار شد که غوریان به خراسان تجاوز نکنند و خوارزمشاهیان نیز به غور حمله نکنند و همچنین آلپ غازی متعهد شد مالی را به خوارزمشاه پرداخت کند.	atelic	indicative		fa
استراحتگاه اسکی، استراحتگاه کوهستانی و استراحتگاه آبگرم نمونه‌های دیگر هستند.	state	indicative		fa
در کنار ساختمان حمام سردشت، یک حمام دیگر متعلق به دوره قاجار قرار دارد.	state	indicative		fa
همزمان با عقب‌نشینی عثمانی‌ها از دمشق در سال ۱۹۱۸م؛ بر اثر پیروزی مبارزان عرب با همکاری انگلیس در برابر عثمانی‌ها او به نیابت از شریف حسین (رهبر قیام پیروز شده بر عثمانی با نام انقلاب بزرگ عربی)، خود را به عنوان رئیس حکومت عربی در سوریه اعلام کرد.	telic	indicative		fa
بسیاری از بناهای عصر سلجوقی و ایلخانی با گچبری تزیین شده‌اند.	telic	narrative		fa
فصل ۱۰ این کتاب دربارهٔ اشتغال، بازار کار و امنیت ملی و فصل ۱۱ در خصوص مسئله فرار سرمایه انسانی و امنیت ملی می‌باشد.	state	imperfective		fa
همین الان مقاله را نگاه کنید.	atelic	subjunctive		fa
آزار ممکن است طوری طراحی شده باشد که به‌طور غیرمستقیم توسط قربانی دریافت شود و او را هدف قرار دهد، بی‌اینکه مکالمهٔ مستقیمی بین مهاجم و قربانی برقرار شده باشد.	state	subjunctive		fa
این فرهنگ‌ها مهارت‌های نسبتاً پیشرفته داشتند: آن‌ها کشت، طلا و نقره کاری، سفالگری، متالورژی، و بافندگی را توسعه دادند.	telic	indicative		fa
قرارداد تأمین تجهیزات دو واحد توربوژنراتور گازی نیروگاه الصدر عراق میان شرکت صانیر- عامران افق عراق، به عنوان کارفرما و گروه مپنا در ۲۲ خرداد ۱۳۸۷ منعقد شد.	state	indicative		fa
بدین ترتیب هر عنصری که جستجو می‌شود در صورتی که عنصر ابتداییِ فهرست نباشد با عنصر پیش از خود جابه‌جا می‌شود تا اولویت آن افزایش پیدا کند.	telic	imperfective		fa
کشش جایگزینی (نام کامل نرخ نهایی جایگزینی تخصیص نسبی) بر نرخ بهره واقعی تأثیر می‌گذارد.	atelic	imperfective		fa
سپس نخستین آلبوم خود تحت عنوان   نی‌زن بر دروازه‌های سپیده‌دم   را عرضه کردند که اثری موفقیت‌آمیز بود و باعث شهرت آن‌ها شد.	state	indicative		fa
در واقع موجودات چهارپای خشکی‌زی از ماهی به وجود آمده و حدود ۴۰۰ میلیون سال پیش روی زمین گام نهادند.	atelic	narrative		fa
پس از ترور وی، دولت تونس طی بیانیه‌ای از احیای سازمان اطلاعات ملی این کشور خبر داد.	telic	indicative		fa
آمار برگرفته از مرکز ملی آمار (ایتالیا) می‌باشد.	atelic	imperfective		fa
حکومت منطقه‌ای شمال شرق حکومت صلاح الدین را اداره می‌کرد	atelic	imperfective		fa
در ۱۹۹۹ دیگر شرکت‌ها نیز به این مراسم پیوستند.	telic	indicative		fa
گروهی از محققان بر این باورند که این مقبره بن علی بن مهزیار تعلق ندارد؛ زیرا او در شهر اهواز مدفون است رضا احمدی بجنوردی، محقق تاریخ جاجرم، در مقاله‌ای ضمن تلاش برای اثبات تعلق این مقبره به علی بن مهزیار اهوازی، علت پیش آمدن این تردید را چنین بیان داشته‌است: «تشابه اسمی بین علی بن مهزیار و علی بن ابراهیم بن مهزیار و نیز ذکر برخی از احادیث با کلمهٔ قال ابن مهزیار باعث به اشتباه افتادن بعضی از علمای رجال شده و هر دو نفر را یکی دانسته‌اند.	telic	indicative		fa
این سامانه با انتقال مدیریت ذخیره‌سازی به لایه ای مستقل، ایستایی سیستم و زمان سرویس دهی مفید بیشتری را ارایه می‌نماید.	atelic	imperfective		fa
در این بازی یک نفر به حالت خمیده و دست بر زانو (رکوع) می‌ایستد و در فاصله کمی قبل از وی یک لنگه گیوه به عنوان دال (نشان) قرار داده می‌شود.	atelic	imperfective		fa
و   پوسترزدگی   که از چند سال قبل دربارهٔ آن بحث شده بود، دنبال کرد.	telic	precedent		fa
او خبرنگار یک روزنامه روستایی شد و بعدها به خبرنگار روزنامه عصر ایالتی هرالد در ملبورن تبدیل شد، او به عنوان گزارشگر و منتقد در دفاتر ملبورن و سیدنی فعالیت می‌کرد.	telic			fa
او در سال ۱۳۶۳ در بنیاد فارابی و سپس در واحد تأمین فیلم‌های خارجی صدا و سیما مشغول به کار شد.	state			fa
چنانچه مطابق ماده ۳۹ منشور سازمان ملل متحد: شورای امنیت وجود هرگونه تهدید علیه صلح، نقض صلح، یا عمل تجاوز را احراز و توصیه‌هایی خواهد نمود یا تصمیم خواهد گرفت که برای حفظ یا اعاده صلح و امنیت بین‌المللی به چه اقداماتی برطبق مواد ۴۱ و ۴۲ باید مبادرت شود.	telic			fa
  قلعه بیگ یک روستا در ایران است که در استان فارس واقع شده‌است.	atelic			fa
بر اساس مجموعه‌ای از نظریات، بازارهای مالی در زمان‌های خاصی از سال آبستن تغییرات قابل توجه در قیمت هستند.	state			fa
مقالهٔ چهارم راجع به ترتیب اجناس است و در آن توضیح داده شده که چه طور با پیوستن دو جنس با کمک یک فاصلهٔ طنینی (دوم بزرگ) در بینشان، می‌توان یک دور کامل (یک اکتاو) را به دست آورد.	telic			fa
دندان‌های گراز در معبد آپولون، واقع در شهر باستانی کومای، نگهداری شد.	state			fa
حتی اگر صادقانه هم پای کار بیاید اما نمی‌تواند که مقابل آمریکا قرار گیرد.	telic			fa
در کربن رایج‌ترین پیوندهای سه‌گانه بین دو اتم کربن، در آلکین‌ها دیده می‌شود.	state			fa
شهرستان استفنسون ۱٬۴۶۳٫۳۵ کیلومتر مربع مساحت دارد.	state			fa
فریدریش روزن در سال ۱۸۵۶ در لایپزیگ به دنیا آمد.	telic			fa
جمعیت این شهر بر اساس سرشماری سال ۲۰۰۸ میلادی ۶۲٬۰۴۰ نفر و بر اساس برآوردهای سال ۲۰۰۹ میلادی ۶۲٬۲۳۹ نفر می‌باشد.	atelic			fa
اسپانیا در بازی‌های المپیک تابستانی ۱۹۶۰ که در شهر رم برگزار شد، کاروان اسپانیا با ۱۴۴ ورزشکار در این رقابت‌ها شرکت کرد و موفق به کسب ۱ مدال (۰ طلا، ۰ نقره، ۱ برنز) شد.	state			fa
او در ترکیه اعلام کرد که وکیلش نسرین ستوده به او خبر داده که دادگاه برای او حکم ۲ سال تعزیری و ۱۸ سال تعلیقی صادر کرده‌است.	telic			fa
فریدریش روزن در سال ۱۸۵۶ در لایپزیگ به دنیا آمد.	telic			fa
جمعیت این شهر بر اساس سرشماری سال ۲۰۰۸ میلادی ۶۲٬۰۴۰ نفر و بر اساس برآوردهای سال ۲۰۰۹ میلادی ۶۲٬۲۳۹ نفر می‌باشد.	atelic			fa
اسپانیا در بازی‌های المپیک تابستانی ۱۹۶۰ که در شهر رم برگزار شد، کاروان اسپانیا با ۱۴۴ ورزشکار در این رقابت‌ها شرکت کرد و موفق به کسب ۱ مدال (۰ طلا، ۰ نقره، ۱ برنز) شد.	state			fa
او در ترکیه اعلام کرد که وکیلش نسرین ستوده به او خبر داده که دادگاه برای او حکم ۲ سال تعزیری و ۱۸ سال تعلیقی صادر کرده‌است.	telic			fa
